2025-06-17 14:15:11 - INFO - Main script started


2025-06-17 14:15:11 - INFO - Processing 2016-AL-Physics-All-English

2025-06-17 14:15:11 - DEBUG - Bronze path: ./data/Bronze/2016-AL-Physics-All-English.pdf
2025-06-17 14:15:11 - DEBUG - Silver path: ./data/Silver/2016-AL-Physics-All-English
2025-06-17 14:15:11 - DEBUG - Gold path: ./data/Gold/2016-AL-Physics-All-English
2025-06-17 14:15:11 - DEBUG - Primary path: ./data/primary/2016-AL-Physics-All-English
2025-06-17 14:15:11 - INFO - Current progress for 2016-AL-Physics-All-English: 4.
2025-06-17 14:15:11 - INFO - All steps already completed for 2016-AL-Physics-All-English.

2025-06-17 14:15:11 - INFO - Finished processing 2016-AL-Physics-All-English.


2025-06-17 14:15:11 - INFO - Processing 2017-AL-Physics-All-English

2025-06-17 14:15:11 - DEBUG - Bronze path: ./data/Bronze/2017-AL-Physics-All-English.pdf
2025-06-17 14:15:11 - DEBUG - Silver path: ./data/Silver/2017-AL-Physics-All-English
2025-06-17 14:15:11 - DEBUG - Gold path: ./data/Gold/2017-AL-Physics-All-English
2025-06-17 14:15:11 - DEBUG - Primary path: ./data/primary/2017-AL-Physics-All-English
2025-06-17 14:15:11 - INFO - Current progress for 2017-AL-Physics-All-English: 4.
2025-06-17 14:15:11 - INFO - All steps already completed for 2017-AL-Physics-All-English.

2025-06-17 14:15:11 - INFO - Finished processing 2017-AL-Physics-All-English.


2025-06-17 14:15:11 - INFO - Processing 2018-AL-Physics-All-English

2025-06-17 14:15:11 - DEBUG - Bronze path: ./data/Bronze/2018-AL-Physics-All-English.pdf
2025-06-17 14:15:11 - DEBUG - Silver path: ./data/Silver/2018-AL-Physics-All-English
2025-06-17 14:15:11 - DEBUG - Gold path: ./data/Gold/2018-AL-Physics-All-English
2025-06-17 14:15:11 - DEBUG - Primary path: ./data/primary/2018-AL-Physics-All-English
2025-06-17 14:15:11 - INFO - Current progress for 2018-AL-Physics-All-English: 2.
2025-06-17 14:15:11 - INFO - Steps remaining for 2018-AL-Physics-All-English: silver_gold_to_gold_q, gold_to_primary

2025-06-17 14:15:11 - INFO - Converting 2018-AL-Physics-All-English to JSON
2025-06-17 14:15:11 - INFO - Processing question type: mcq
2025-06-17 14:15:11 - DEBUG - Read | Pages | ./data/Silver/2018-AL-Physics-All-English/mcq
2025-06-17 14:15:11 - DEBUG - Read | Images | ./data/Gold/2018-AL-Physics-All-English/mcq/images
2025-06-17 14:15:11 - INFO - Calling Gemini to convert pdf to json
2025-06-17 14:15:54 - DEBUG - Response from Gemini: ```json
[
  {
    "question_number": 1,
    "question_text": "Unit of pressure is",
    "subject_unit": null,
    "options": [
      {
        "option_number": 1,
        "option_text": "\\( kg \\ m^{-2} \\)",
        "option_image": "[]",
        "is_correct": false
      },
      {
        "option_number": 2,
        "option_text": "\\( kg \\ m^{-1} s^{-2} \\)",
        "option_image": "[]",
        "is_correct": false
      },
      {
        "option_number": 3,
        "option_text": "\\( kg \\ m \\ s^{-2} \\)",
        "option_image": "[]",
        "is_correct": false
      },
      {
        "option_number": 4,
        "option_text": "\\( kg \\ m^2 \\ s^{-2} \\)",
        "option_image": "[]",
        "is_correct": false
      },
      {
        "option_number": 5,
        "option_text": "\\( kg \\ m^{-2} s^{-1} \\)",
        "option_image": "[]",
        "is_correct": false
      }
    ],
    "answer": null,
    "question_images": [],
    "marks": null,
    "difficulty": "normal"
  },
  {
    "question_number": 2,
    "question_text": "X, Y and Z represent three physical quantities with \\textbf{different} dimensions. They can be combined to form another physical quantity of the form\n\\( P = AX + BY + CZ \\)",
    "subject_unit": null,
    "options": [
      {
        "option_number": 1,
        "option_text": "\\( AX \\)",
        "option_image": "[]",
        "is_correct": false
      },
      {
        "option_number": 2,
        "option_text": "\\( AX - CZ \\)",
        "option_image": "[]",
        "is_correct": false
      },
      {
        "option_number": 3,
        "option_text": "\\( AX + CZ \\)",
        "option_image": "[]",
        "is_correct": false
      },
      {
        "option_number": 4,
        "option_text": "\\( BY \\)",
        "option_image": "[]",
        "is_correct": false
      },
      {
        "option_number": 5,
        "option_text": "\\( BY/CZ \\)",
        "option_image": "[]",
        "is_correct": false
      }
    ],
    "answer": null,
    "question_images": [],
    "marks": null,
    "difficulty": "normal"
  },
  {
    "question_number": 3,
    "question_text": "Which of the following statements is not different dimensions from the rest?",
    "subject_unit": null,
    "options": [
      {
        "option_number": 1,
        "option_text": "LASER light consists of transverse waves.",
        "option_image": "[]",
        "is_correct": false
      },
      {
        "option_number": 2,
        "option_text": "Gamma rays are transverse waves.",
        "option_image": "[]",
        "is_correct": false
      },
      {
        "option_number": 3,
        "option_text": "Sound waves travelling through the crust of the Earth are longitudinal waves.",
        "option_image": "[]",
        "is_correct": false
      },
      {
        "option_number": 4,
        "option_text": "Ultrasound waves are longitudinal waves.",
        "option_image": "[]",
        "is_correct": false
      },
      {
        "option_number": 5,
        "option_text": "FM waves are longitudinal waves.",
        "option_image": "[]",
        "is_correct": false
      }
    ],
    "answer": null,
    "question_images": [],
    "marks": null,
    "difficulty": "normal"
  },
  {
    "question_number": 4,
    "question_text": "Consider the following statements made regarding the speed of sound \\( v \\) in an ideal gas.\n\\( (1) \\ v \\) is directly proportional to the absolute temperature of the gas.\n\\( (2) \\ v \\) depends on the ratio of the molar mass of the gas.\n\\( (3) \\ v \\) depends on the nature of the molecules that constitute the gas.",
    "subject_unit": null,
    "options": [
      {
        "option_number": 1,
        "option_text": "only \\( 1 \\) is true.",
        "option_image": "[]",
        "is_correct": false
      },
      {
        "option_number": 2,
        "option_text": "only \\( 2 \\) is true.",
        "option_image": "[]",
        "is_correct": false
      },
      {
        "option_number": 3,
        "option_text": "only \\( 1 \\) and \\( 2 \\) are true.",
        "option_image": "[]",
        "is_correct": false
      },
      {
        "option_number": 4,
        "option_text": "only \\( 2 \\) and \\( 3 \\) are true.",
        "option_image": "[]",
        "is_correct": false
      },
      {
        "option_number": 5,
        "option_text": "all \\( A \\), \\( B \\) and \\( C \\) are true.",
        "option_image": "[]",
        "is_correct": false
      }
    ],
    "answer": null,
    "question_images": [],
    "marks": null,
    "difficulty": "normal"
  },
  {
    "question_number": 5,
    "question_text": "Which of the following statements made regarding optical instruments under normal adjustment are true?",
    "subject_unit": null,
    "options": [
      {
        "option_number": 1,
        "option_text": "In a simple microscope, the image of the object is virtual.",
        "option_image": "[]",
        "is_correct": false
      },
      {
        "option_number": 2,
        "option_text": "When reading small letters, a simple microscope is a short-sighted person has an advantage over a long-sighted person using the eye-piece acts as a simple microscope.",
        "option_image": "[]",
        "is_correct": false
      },
      {
        "option_number": 3,
        "option_text": "In a compound microscope, the final image is inverted.",
        "option_image": "[]",
        "is_correct": false
      },
      {
        "option_number": 4,
        "option_text": "In an astronomical telescope, the object distance and the image distance are both considered to be very large.",
        "option_image": "[]",
        "is_correct": false
      },
      {
        "option_number": 5,
        "option_text": "[]",
        "option_image": "[]",
        "is_correct": false
      }
    ],
    "answer": null,
    "question_images": [],
    "marks": null,
    "difficulty": "normal"
  },
  {
    "question_number": 6,
    "question_text": "The figure shows a circuit diagram. The variation of resistance \\( R \\) with voltage \\( V_x \\) is given by which graph?",
    "subject_unit": null,
    "options": [
      {
        "option_number": 1,
        "option_text": "[]",
        "option_image": "page_10_crop9_class0.jpg",
        "is_correct": false
      },
      {
        "option_number": 2,
        "option_text": "[]",
        "option_image": "page_10_crop12_class0.jpg",
        "is_correct": false
      },
      {
        "option_number": 3,
        "option_text": "[]",
        "option_image": "page_10_crop8_class0.jpg",
        "is_correct": false
      },
      {
        "option_number": 4,
        "option_text": "[]",
        "option_image": "page_10_crop13_class0.jpg",
        "is_correct": false
      },
      {
        "option_number": 5,
        "option_text": "[]",
        "option_image": "page_10_crop11_class0.jpg",
        "is_correct": false
      }
    ],
    "answer": null,
    "question_images": [
      "page_10_crop0_class0.jpg"
    ],
    "marks": null,
    "difficulty": "normal"
  },
  {
    "question_number": 7,
    "question_text": "In the experiment to determine the refractive index of a liquid, the following readings were obtained. Which graph correctly represents the relationship between \\( H \\) and \\( h \\)?",
    "subject_unit": null,
    "options": [
      {
        "option_number": 1,
        "option_text": "[]",
        "option_image": "page_10_crop2_class0.jpg",
        "is_correct": false
      },
      {
        "option_number": 2,
        "option_text": "[]",
        "option_image": "page_10_crop10_class0.jpg",
        "is_correct": false
      },
      {
        "option_number": 3,
        "option_text": "[]",
        "option_image": "page_10_crop4_class0.jpg",
        "is_correct": false
      },
      {
        "option_number": 4,
        "option_text": "[]",
        "option_image": "page_10_crop6_class0.jpg",
        "is_correct": false
      },
      {
        "option_number": 5,
        "option_text": "[]",
        "option_image": "page_10_crop7_class0.jpg",
        "is_correct": false
      }
    ],
    "answer": null,
    "question_images": [
      "page_10_crop3_class0.jpg",
      "page_10_crop5_class0.jpg"
    ],
    "marks": null,
    "difficulty": "normal"
  },
  {
    "question_number": 8,
    "question_text": "A body is acted upon by two forces \\( \\vec{P} \\) and \\( \\vec{Q} \\) as shown in the figure. The resultant force is given by which diagram?",
    "subject_unit": null,
    "options": [
      {
        "option_number": 1,
        "option_text": "[]",
        "option_image": "page_11_crop3_class0.jpg",
        "is_correct": false
      },
      {
        "option_number": 2,
        "option_text": "[]",
        "option_image": "page_11_crop3_class0.jpg",
        "is_correct": false
      },
      {
        "option_number": 3,
        "option_text": "[]",
        "option_image": "page_11_crop3_class0.jpg",
        "is_correct": false
      },
      {
        "option_number": 4,
        "option_text": "[]",
        "option_image": "page_11_crop3_class0.jpg",
        "is_correct": false
      },
      {
        "option_number": 5,
        "option_text": "[]",
        "option_image": "page_11_crop3_class0.jpg",
        "is_correct": false
      }
    ],
    "answer": null,
    "question_images": [
      "page_11_crop3_class0.jpg"
    ],
    "marks": null,
    "difficulty": "normal"
  },
  {
    "question_number": 9,
    "question_text": "Three blocks of equal mass are placed on a smooth horizontal surface. The blocks are made of wood and metal as shown in the figure. Which arrangement will give the maximum acceleration?",
    "subject_unit": null,
    "options": [
      {
        "option_number": 1,
        "option_text": "[]",
        "option_image": "page_11_crop2_class0.jpg",
        "is_correct": false
      },
      {
        "option_number": 2,
        "option_text": "[]",
        "option_image": "page_11_crop2_class0.jpg",
        "is_correct": false
      },
      {
        "option_number": 3,
        "option_text": "[]",
        "option_image": "page_11_crop2_class0.jpg",
        "is_correct": false
      },
      {
        "option_number": 4,
        "option_text": "[]",
        "option_image": "page_11_crop2_class0.jpg",
        "is_correct": false
      },
      {
        "option_number": 5,
        "option_text": "[]",
        "option_image": "page_11_crop2_class0.jpg",
        "is_correct": false
      }
    ],
    "answer": null,
    "question_images": [],
    "marks": null,
    "difficulty": "normal"
  },
  {
    "question_number": 10,
    "question_text": "The figure shows the path of a car moving along a curved path. Which diagram correctly represents the velocity and acceleration of the car at point O?",
    "subject_unit": null,
    "options": [
      {
        "option_number": 1,
        "option_text": "[]",
        "option_image": "page_12_crop7_class0.jpg",
        "is_correct": false
      },
      {
        "option_number": 2,
        "option_text": "[]",
        "option_image": "page_12_crop7_class0.jpg",
        "is_correct": false
      },
      {
        "option_number": 3,
        "option_text": "[]",
        "option_image": "page_12_crop7_class0.jpg",
        "is_correct": false
      },
      {
        "option_number": 4,
        "option_text": "[]",
        "option_image": "page_12_crop7_class0.jpg",
        "is_correct": false
      },
      {
        "option_number": 5,
        "option_text": "[]",
        "option_image": "page_12_crop7_class0.jpg",
        "is_correct": false
      }
    ],
    "answer": null,
    "question_images": [],
    "marks": null,
    "difficulty": "normal"
  },
  {
    "question_number": 11,
    "question_text": "Which of the following graphs correctly represents the variation of the potential difference \\( e \\) with time \\( t \\) for a half-wave rectifier?",
    "subject_unit": null,
    "options": [
      {
        "option_number": 1,
        "option_text": "[]",
        "option_image": "page_12_crop5_class0.jpg",
        "is_correct": false
      },
      {
        "option_number": 2,
        "option_text": "[]",
        "option_image": "page_12_crop3_class0.jpg",
        "is_correct": false
      },
      {
        "option_number": 3,
        "option_text": "[]",
        "option_image": "page_12_crop1_class0.jpg",
        "is_correct": false
      },
      {
        "option_number": 4,
        "option_text": "[]",
        "option_image": "page_12_crop6_class0.jpg",
        "is_correct": false
      },
      {
        "option_number": 5,
        "option_text": "[]",
        "option_image": "page_12_crop2_class0.jpg",
        "is_correct": false
      }
    ],
    "answer": null,
    "question_images": [],
    "marks": null,
    "difficulty": "normal"
  },
  {
    "question_number": 12,
    "question_text": "The figure shows a circuit diagram. The potential differences \\( V_B \\), \\( V_C \\) and \\( V_D \\) are given by which table?",
    "subject_unit": null,
    "options": [
      {
        "option_number": 1,
        "option_text": "[]",
        "option_image": "page_12_crop8_class0.jpg",
        "is_correct": false
      },
      {
        "option_number": 2,
        "option_text": "[]",
        "option_image": "page_12_crop8_class0.jpg",
        "is_correct": false
      },
      {
        "option_number": 3,
        "option_text": "[]",
        "option_image": "page_12_crop8_class0.jpg",
        "is_correct": false
      },
      {
        "option_number": 4,
        "option_text": "[]",
        "option_image": "page_12_crop8_class0.jpg",
        "is_correct": false
      },
      {
        "option_number": 5,
        "option_text": "[]",
        "option_image": "page_12_crop8_class0.jpg",
        "is_correct": false
      }
    ],
    "answer": null,
    "question_images": [],
    "marks": null,
    "difficulty": "normal"
  }
]
```
2025-06-17 14:15:54 - INFO - Parsing JSON content from Gemini response
2025-06-17 14:15:54 - INFO - Saved question 1 to q1.json
2025-06-17 14:15:54 - INFO - Saved question 2 to q2.json
2025-06-17 14:15:54 - INFO - Saved question 3 to q3.json
2025-06-17 14:15:54 - INFO - Saved question 4 to q4.json
2025-06-17 14:15:54 - INFO - Saved question 5 to q5.json
2025-06-17 14:15:54 - INFO - Saved question 6 to q6.json
2025-06-17 14:15:54 - INFO - Saved question 7 to q7.json
2025-06-17 14:15:54 - INFO - Saved question 8 to q8.json
2025-06-17 14:15:54 - INFO - Saved question 9 to q9.json
2025-06-17 14:15:54 - INFO - Saved question 10 to q10.json
2025-06-17 14:15:54 - INFO - Saved question 11 to q11.json
2025-06-17 14:15:54 - INFO - Saved question 12 to q12.json
2025-06-17 14:15:54 - INFO - Calling Gemini to convert pdf to json
2025-06-17 14:16:11 - DEBUG - Response from Gemini: ```json
[
  {
    "question_number": 43,
    "question_text": "In the circuit shown, $X$ and $Y$ represent the terminals of a variable voltage source and resistor $D$ is an ideal broken line. $P$ is a variable situated in the box with variable resistance $R$ of the voltage $V_x$ at point $X$ is plotted against the resistance $R$. Which of the following graphs correctly represents the variation of the overall resistance of the section of the circuit to the right of $XY$?",
    "subject_unit": null,
    "options": [
      {
        "option_number": 1,
        "option_text": "[]",
        "option_image": "page_10_crop9_class0.jpg",
        "is_correct": false
      },
      {
        "option_number": 2,
        "option_text": "[]",
        "option_image": "page_10_crop12_class0.jpg",
        "is_correct": false
      },
      {
        "option_number": 3,
        "option_text": "[]",
        "option_image": "page_10_crop8_class0.jpg",
        "is_correct": false
      },
      {
        "option_number": 4,
        "option_text": "[]",
        "option_image": "page_10_crop7_class0.jpg",
        "is_correct": false
      },
      {
        "option_number": 5,
        "option_text": "[]",
        "option_image": "page_10_crop13_class0.jpg",
        "is_correct": false
      }
    ],
    "answer": null,
    "question_images": [
      "page_10_crop0_class0.jpg"
    ],
    "marks": null,
    "difficulty": "normal"
  },
  {
    "question_number": 44,
    "question_text": "When a long capillary tube of uniform bore radius $r$ is dipped vertically in a beaker of water of density $\\rho$, the water column in the capillary tube rises to a height $h_o$ as shown in figure (a). When the same capillary tube is immersed in a beaker of water with oil layer of thickness $h$ as shown in figure (b). Assuming that the water and oil are immiscible liquids and the angle of contact of water inside the surface of the capillary tube, measured from the oil layer is best represented, with height of the oil layer is",
    "subject_unit": null,
    "options": [
      {
        "option_number": 1,
        "option_text": "[]",
        "option_image": "page_10_crop2_class0.jpg",
        "is_correct": false
      },
      {
        "option_number": 2,
        "option_text": "[]",
        "option_image": "page_10_crop10_class0.jpg",
        "is_correct": false
      },
      {
        "option_number": 3,
        "option_text": "[]",
        "option_image": "page_10_crop4_class0.jpg",
        "is_correct": false
      },
      {
        "option_number": 4,
        "option_text": "[]",
        "option_image": "page_10_crop6_class0.jpg",
        "is_correct": false
      },
      {
        "option_number": 5,
        "option_text": "[]",
        "option_image": "page_10_crop7_class0.jpg",
        "is_correct": false
      }
    ],
    "answer": null,
    "question_images": [
      "page_10_crop5_class0.jpg",
      "page_10_crop3_class0.jpg"
    ],
    "marks": null,
    "difficulty": "normal"
  },
  {
    "question_number": 45,
    "question_text": "Charges in an isolated distribution of three point charges are located at distances 2cm, 3cm and 6cm from a point O. Another charge can be brought from infinity to the point O without doing any work once a point charge of -q is placed at a distance r from the point O. The value of r is",
    "subject_unit": null,
    "options": [
      {
        "option_number": 1,
        "option_text": "$1 \\text{ cm}$",
        "option_image": "[]",
        "is_correct": false
      },
      {
        "option_number": 2,
        "option_text": "$2 \\text{ cm}$",
        "option_image": "[]",
        "is_correct": false
      },
      {
        "option_number": 3,
        "option_text": "$3 \\text{ cm}$",
        "option_image": "[]",
        "is_correct": false
      },
      {
        "option_number": 4,
        "option_text": "$4 \\text{ cm}$",
        "option_image": "[]",
        "is_correct": false
      },
      {
        "option_number": 5,
        "option_text": "$5 \\text{ cm}$",
        "option_image": "[]",
        "is_correct": false
      }
    ],
    "answer": null,
    "question_images": [],
    "marks": null,
    "difficulty": "normal"
  }
]
```
2025-06-17 14:16:11 - INFO - Parsing JSON content from Gemini response
2025-06-17 14:16:11 - INFO - Saved question 43 to q43.json
2025-06-17 14:16:11 - INFO - Saved question 44 to q44.json
2025-06-17 14:16:11 - INFO - Saved question 45 to q45.json
2025-06-17 14:16:11 - INFO - Calling Gemini to convert pdf to json
2025-06-17 14:16:29 - DEBUG - Response from Gemini: ```json
[
  {
    "question_number": 46,
    "question_text": "Two teams start to play tug-of-war using a rope of uniform strength on a hard flat horizontal surface as shown in the figure. Both teams apply equal forces and as a result, the point $O$ on the rope does not move. Consider the following statements made about this situation.",
    "subject_unit": null,
    "options": [
      {
        "option_number": 1,
        "option_text": "If each of the members of the two groups applies the same force on the rope, the magnitude of the tension throughout the rope is the same.",
        "option_image": "[]",
        "is_correct": false
      },
      {
        "option_number": 2,
        "option_text": "If the magnitude of tension on the rope exceeds its breaking tension, the rope will break only at a point between $P$ and $Q$.",
        "option_image": "[]",
        "is_correct": false
      },
      {
        "option_number": 3,
        "option_text": "If the magnitude of tension on the rope exceeds its breaking tension, the rope will break only at the coefficient of static friction between the applied by individual and the surface.",
        "option_image": "[]",
        "is_correct": false
      },
      {
        "option_number": 4,
        "option_text": "Only $B$ is true.",
        "option_image": "[]",
        "is_correct": false
      },
      {
        "option_number": 5,
        "option_text": "All above statements are true.",
        "option_image": "[]",
        "is_correct": false
      }
    ],
    "answer": null,
    "question_images": [
      "page_11_crop2_class0.jpg"
    ],
    "marks": null,
    "difficulty": "normal"
  },
  {
    "question_number": 47,
    "question_text": "Figure shows three objects (A), (B), and (C), which are made using three uniform wooden cubes of identical dimensions made out of the same material and three identical uniform metal cubes. In (A), (B) and (C) the metal cubes are embedded in the wooden cube, as shown in the figure. If the three objects (A), (B) and (C) are now slowly lowered without changing their orientation and the three objects (A), (B) and (C) respectively, which of the following relationships is true? (Assume that the densities of wood and metal are $\rho_w$ and $\rho_m$ respectively, where $\rho_m > \rho_w$). The objects are immersed in water $\rho_w < \rho_w$.",
    "subject_unit": null,
    "options": [
      {
        "option_number": 1,
        "option_text": "$H_A = H_B = H_C$",
        "option_image": "[]",
        "is_correct": false
      },
      {
        "option_number": 2,
        "option_text": "$H_A < H_B < H_C$",
        "option_image": "[]",
        "is_correct": false
      },
      {
        "option_number": 3,
        "option_text": "$H_A = H_B = H_C$",
        "option_image": "[]",
        "is_correct": false
      },
      {
        "option_number": 4,
        "option_text": "$H_A > H_B > H_C$",
        "option_image": "[]",
        "is_correct": false
      },
      {
        "option_number": 5,
        "option_text": "$H_A < H_B < H_C$",
        "option_image": "[]",
        "is_correct": false
      }
    ],
    "answer": null,
    "question_images": [
      "page_11_crop1_class0.jpg"
    ],
    "marks": null,
    "difficulty": "normal"
  },
  {
    "question_number": 48,
    "question_text": "An infinitely long thin straight wire held perpendicular to the plane of the paper at point $O$ carries a current $I$ into the paper as shown in the figure. Nine other similar infinitely long wires, parallel to each consecutive wires is 30$^\\circ$. Except for wire A and B, the direction of the magnetic force per unit length on the wire at the centre $O$ due to other wires. [Take cos 30$^\\circ = \\frac{\\sqrt{3}}{2}$]",
    "subject_unit": null,
    "options": [
      {
        "option_number": 1,
        "option_text": "$\\frac{\mu_0 I^2}{2\pi r}(2+\\sqrt{3})$ in the direction of YO.",
        "option_image": "[]",
        "is_correct": false
      },
      {
        "option_number": 2,
        "option_text": "$\\frac{\mu_0 I^2}{2\pi r}(1+\\sqrt{3})$ in the direction of OY.",
        "option_image": "[]",
        "is_correct": false
      },
      {
        "option_number": 3,
        "option_text": "$\\frac{\mu_0 I^2}{2\pi r}(1+\\sqrt{5})$ in the direction of OX.",
        "option_image": "[]",
        "is_correct": false
      },
      {
        "option_number": 4,
        "option_text": "$\\frac{\mu_0 I^2}{2\pi r}(2+\\sqrt{5})$ in the direction of OX.",
        "option_image": "[]",
        "is_correct": false
      },
      {
        "option_number": 5,
        "option_text": "$\\frac{\mu_0 I^2}{2\pi r}(2-\\sqrt{5})$ in the direction of YO.",
        "option_image": "[]",
        "is_correct": false
      }
    ],
    "answer": null,
    "question_images": [
      "page_11_crop0_class0.jpg"
    ],
    "marks": null,
    "difficulty": "normal"
  }
]
```
2025-06-17 14:16:29 - INFO - Parsing JSON content from Gemini response
2025-06-17 14:16:29 - INFO - Saved question 46 to q46.json
2025-06-17 14:16:29 - INFO - Saved question 47 to q47.json
2025-06-17 14:16:29 - INFO - Saved question 48 to q48.json
2025-06-17 14:16:29 - INFO - Calling Gemini to convert pdf to json
2025-06-17 14:16:44 - DEBUG - Response from Gemini: ```json
[
  {
    "question_number": 49,
    "question_text": "A toy car shown in figure (a) having an isolated metal axle $PQ$ travels with a constant speed $v$ along a sinusoidal path whose vertical cross-section is in the $x$-$y$ plane. The axle $PQ$ is of length $l$. If the axle $PQ$ coincides with the $y$ axis at $t = 0$, a uniform magnetic field of flux density $B$ exists throughout the region in the $z$ direction. Which of the following shows the variation of the induced emf ($e$) at the end $P$ of the axle with respect to end $Q$ with time ($t$) is best represented by. (Neglect the effect of the Earth magnetic field).",
    "subject_unit": null,
    "options": [
      {
        "option_number": 1,
        "option_text": "[]",
        "option_image": "page_12_crop4_class0.jpg",
        "is_correct": false
      },
      {
        "option_number": 2,
        "option_text": "[]",
        "option_image": "page_12_crop2_class0.jpg",
        "is_correct": false
      },
      {
        "option_number": 3,
        "option_text": "[]",
        "option_image": "page_12_crop0_class0.jpg",
        "is_correct": false
      },
      {
        "option_number": 4,
        "option_text": "[]",
        "option_image": "page_12_crop5_class0.jpg",
        "is_correct": false
      },
      {
        "option_number": 5,
        "option_text": "[]",
        "option_image": "page_12_crop1_class0.jpg",
        "is_correct": false
      }
    ],
    "answer": null,
    "question_images": [
      "page_12_crop7_class0.jpg"
    ],
    "marks": null,
    "difficulty": "normal"
  },
  {
    "question_number": 50,
    "question_text": "$A$, $B$, $C$ and $D$ represent vertical cross sections of four identical parallel rectangular metal plates placed normal to the plane of the paper. Each of the plates $A$, $B$, $C$ and $D$ has a small hole at its centre. The three plates are arranged so that their holes are coaxially placed as shown in figure (a). Plate $A$ is grounded and the entire system is in a vacuum. A stationary electron is released at the hole in plate $A$. The plates $B$, $C$ and $D$ are applied to the plates to obtain the velocity ($v$) which is shown in figure (b) for the electron'. (Assume that the given voltages are suitable for practical use and that the edge effects and gravitational effects can be neglected).",
    "subject_unit": null,
    "options": [
      {
        "option_number": 1,
        "option_text": "$\\begin{array}{|c|c|c|} \\hline V_B & V_C & V_D \\\\ \\hline -3kV & +2.6kV & 0V \\\\ \\hline \\end{array}$",
        "option_image": "[]",
        "is_correct": false
      },
      {
        "option_number": 2,
        "option_text": "$\\begin{array}{|c|c|c|} \\hline V_B & V_C & V_D \\\\ \\hline +2.5kV & -2.6kV & +3kV \\\\ \\hline \\end{array}$",
        "option_image": "[]",
        "is_correct": false
      },
      {
        "option_number": 3,
        "option_text": "$\\begin{array}{|c|c|c|} \\hline V_B & V_C & V_D \\\\ \\hline +2.5kV & +2.4kV & +200V \\\\ \\hline \\end{array}$",
        "option_image": "[]",
        "is_correct": false
      },
      {
        "option_number": 4,
        "option_text": "$\\begin{array}{|c|c|c|} \\hline V_B & V_C & V_D \\\\ \\hline +3kV & +2.6kV & -2.8kV \\\\ \\hline \\end{array}$",
        "option_image": "[]",
        "is_correct": false
      },
      {
        "option_number": 5,
        "option_text": "$\\begin{array}{|c|c|c|} \\hline V_B & V_C & V_D \\\\ \\hline +3kV & +3.2kV & -2.2kV \\\\ \\hline \\end{array}$",
        "option_image": "[]",
        "is_correct": false
      }
    ],
    "answer": null,
    "question_images": [
      "page_12_crop8_class0.jpg",
      "page_12_crop3_class0.jpg"
    ],
    "marks": null,
    "difficulty": "normal"
  }
]
```
2025-06-17 14:16:44 - INFO - Parsing JSON content from Gemini response
2025-06-17 14:16:44 - INFO - Saved question 49 to q49.json
2025-06-17 14:16:44 - INFO - Saved question 50 to q50.json
2025-06-17 14:16:44 - INFO - Calling Gemini to convert pdf to json
2025-06-17 14:17:13 - DEBUG - Response from Gemini: ```json
[
  {
    "question_number": 6,
    "question_text": "In a certain thermodynamic process in which an ideal gas is used, the increase of the internal energy of the gas is equal to the heat supplied to the gas. This process is",
    "subject_unit": null,
    "options": [
      {
        "option_number": 1,
        "option_text": "\\(1\\) a cyclic process",
        "option_image": "[]",
        "is_correct": false
      },
      {
        "option_number": 2,
        "option_text": "\\(2\\) an adiabatic process",
        "option_image": "[]",
        "is_correct": false
      },
      {
        "option_number": 3,
        "option_text": "\\(3\\) an isothermal process",
        "option_image": "[]",
        "is_correct": false
      },
      {
        "option_number": 4,
        "option_text": "\\(4\\) a constant pressure process",
        "option_image": "[]",
        "is_correct": false
      },
      {
        "option_number": 5,
        "option_text": "\\(5\\) a constant volume process",
        "option_image": "[]",
        "is_correct": false
      }
    ],
    "answer": null,
    "question_images": [],
    "marks": null,
    "difficulty": "normal"
  },
  {
    "question_number": 7,
    "question_text": "When the temperature of a metal rod is increased by 100 $^\\circ C$, its fractional change in length is 2.4 \\(\\times\\) $10^{-5}$. Its expansivity in the primary coil is",
    "subject_unit": null,
    "options": [
      {
        "option_number": 1,
        "option_text": "\\(1\\) 2.4 \\(\\times\\) $10^{-5}$ $^\\circ C^{-1}$",
        "option_image": "[]",
        "is_correct": false
      },
      {
        "option_number": 2,
        "option_text": "\\(2\\) 2.4 \\(\\times\\) $10^{-7}$ $^\\circ C^{-1}$",
        "option_image": "[]",
        "is_correct": false
      },
      {
        "option_number": 3,
        "option_text": "\\(3\\) 2.4 \\(\\times\\) $10^{-4}$ $^\\circ C^{-1}$",
        "option_image": "[]",
        "is_correct": false
      },
      {
        "option_number": 4,
        "option_text": "\\(4\\) 2.4 \\(\\times\\) $10^{-6}$ $^\\circ C^{-1}$",
        "option_image": "[]",
        "is_correct": false
      },
      {
        "option_number": 5,
        "option_text": "\\(5\\) 2.4 \\(\\times\\) $10^{-3}$ $^\\circ C^{-1}$",
        "option_image": "[]",
        "is_correct": false
      }
    ],
    "answer": null,
    "question_images": [],
    "marks": null,
    "difficulty": "normal"
  },
  {
    "question_number": 8,
    "question_text": "A certain transformer has 900 turns in the primary coil and 30 turns in the secondary coil. When 240 V of alternating voltage is applied across the primary coil, the voltage across the secondary coil is",
    "subject_unit": null,
    "options": [
      {
        "option_number": 1,
        "option_text": "\\(1\\) 0 V",
        "option_image": "[]",
        "is_correct": false
      },
      {
        "option_number": 2,
        "option_text": "\\(2\\) 8 V",
        "option_image": "[]",
        "is_correct": false
      },
      {
        "option_number": 3,
        "option_text": "\\(3\\) 12 V",
        "option_image": "[]",
        "is_correct": false
      },
      {
        "option_number": 4,
        "option_text": "\\(4\\) 72 V",
        "option_image": "[]",
        "is_correct": false
      },
      {
        "option_number": 5,
        "option_text": "\\(5\\) 7.2 kV",
        "option_image": "[]",
        "is_correct": false
      }
    ],
    "answer": null,
    "question_images": [],
    "marks": null,
    "difficulty": "normal"
  },
  {
    "question_number": 9,
    "question_text": "Which of the following is not a source of e.m.f?",
    "subject_unit": null,
    "options": [
      {
        "option_number": 1,
        "option_text": "\\(1\\) Electrochemical cell",
        "option_image": "[]",
        "is_correct": false
      },
      {
        "option_number": 2,
        "option_text": "\\(2\\) Photodiode",
        "option_image": "[]",
        "is_correct": false
      },
      {
        "option_number": 3,
        "option_text": "\\(3\\) Charged capacitor",
        "option_image": "[]",
        "is_correct": false
      },
      {
        "option_number": 4,
        "option_text": "\\(4\\) Thermopile",
        "option_image": "[]",
        "is_correct": false
      },
      {
        "option_number": 5,
        "option_text": "\\(5\\) Piezoelectric crystal",
        "option_image": "[]",
        "is_correct": false
      }
    ],
    "answer": null,
    "question_images": [],
    "marks": null,
    "difficulty": "normal"
  },
  {
    "question_number": 10,
    "question_text": "The logic circuit shown in figure \\((a)\\) is equivalent to",
    "subject_unit": null,
    "options": [
      {
        "option_number": 1,
        "option_text": "[]",
        "option_image": "page_2_crop9_class0.jpg",
        "is_correct": false
      },
      {
        "option_number": 2,
        "option_text": "[]",
        "option_image": "page_2_crop11_class0.jpg",
        "is_correct": false
      },
      {
        "option_number": 3,
        "option_text": "[]",
        "option_image": "page_2_crop12_class0.jpg",
        "is_correct": false
      },
      {
        "option_number": 4,
        "option_text": "[]",
        "option_image": "page_2_crop10_class0.jpg",
        "is_correct": false
      },
      {
        "option_number": 5,
        "option_text": "[]",
        "option_image": "page_2_crop8_class0.jpg",
        "is_correct": false
      }
    ],
    "answer": null,
    "question_images": [
      "page_2_crop7_class0.jpg"
    ],
    "marks": null,
    "difficulty": "normal"
  },
  {
    "question_number": 11,
    "question_text": "The accelerations due to gravity on the surface of a uniform spherical planet of radius $R_1$ and a uniform spherical planet of radius $R_2$ are equal. If the mass of $4$ is twice the mass of $R_1$,",
    "subject_unit": null,
    "options": [
      {
        "option_number": 1,
        "option_text": "\\(1\\) $R_2 = \\frac{1}{2} R_1$",
        "option_image": "[]",
        "is_correct": false
      },
      {
        "option_number": 2,
        "option_text": "\\(2\\) $R_2 = R_1$",
        "option_image": "[]",
        "is_correct": false
      },
      {
        "option_number": 3,
        "option_text": "\\(3\\) $R_2 = 2R_1$",
        "option_image": "[]",
        "is_correct": false
      },
      {
        "option_number": 4,
        "option_text": "\\(4\\) $R_2 = 4R_1$",
        "option_image": "[]",
        "is_correct": false
      },
      {
        "option_number": 5,
        "option_text": "\\(5\\) $R_2 = \\frac{1}{4} R_1$",
        "option_image": "[]",
        "is_correct": false
      }
    ],
    "answer": null,
    "question_images": [],
    "marks": null,
    "difficulty": "normal"
  },
  {
    "question_number": 12,
    "question_text": "$A$, $B$, $C$, $D$ and $E$ are five coplanar forces of equal magnitudes acting on a body as shown in figure \\((a)\\). Which of the following diagrams best represents the direction of the resultant of these forces?",
    "subject_unit": null,
    "options": [
      {
        "option_number": 1,
        "option_text": "[]",
        "option_image": "page_2_crop3_class0.jpg",
        "is_correct": false
      },
      {
        "option_number": 2,
        "option_text": "[]",
        "option_image": "page_2_crop2_class0.jpg",
        "is_correct": false
      },
      {
        "option_number": 3,
        "option_text": "[]",
        "option_image": "page_2_crop0_class0.jpg",
        "is_correct": false
      },
      {
        "option_number": 4,
        "option_text": "[]",
        "option_image": "page_2_crop1_class0.jpg",
        "is_correct": false
      },
      {
        "option_number": 5,
        "option_text": "[]",
        "option_image": "page_2_crop5_class0.jpg",
        "is_correct": false
      }
    ],
    "answer": null,
    "question_images": [
      "page_2_crop4_class0.jpg"
    ],
    "marks": null,
    "difficulty": "normal"
  },
  {
    "question_number": 13,
    "question_text": "An ant of mass 2 \\(\\times\\) $10^{-3}$ kg (2 milligrams), which is stationary at the edge of a horizontal smooth strip is removed by 0.2 m by blowing with mouth. The direction of blowing is horizontal as shown in the figure. If the time taken is 0.1 s and the average force exerted on the ant by the blow is $v = 5 \\times 10^{-2}$ m/s, the average force exerted on the ant by the blow is",
    "subject_unit": null,
    "options": [
      {
        "option_number": 1,
        "option_text": "\\(1\\) 5 \\(\\times\\) $10^{-3}$ N",
        "option_image": "[]",
        "is_correct": false
      },
      {
        "option_number": 2,
        "option_text": "\\(2\\) 1 \\(\\times\\) $10^{-3}$ N",
        "option_image": "[]",
        "is_correct": false
      },
      {
        "option_number": 3,
        "option_text": "\\(3\\) 2 \\(\\times\\) $10^{-3}$ N",
        "option_image": "[]",
        "is_correct": false
      },
      {
        "option_number": 4,
        "option_text": "\\(4\\) 1 \\(\\times\\) $10^{-2}$ N",
        "option_image": "[]",
        "is_correct": false
      },
      {
        "option_number": 5,
        "option_text": "\\(5\\) 5 \\(\\times\\) $10^{-2}$ N",
        "option_image": "[]",
        "is_correct": false
      }
    ],
    "answer": null,
    "question_images": [
      "page_2_crop8_class0.jpg"
    ],
    "marks": null,
    "difficulty": "normal"
  }
]
```
2025-06-17 14:17:13 - INFO - Parsing JSON content from Gemini response
2025-06-17 14:17:13 - INFO - Saved question 6 to q6.json
2025-06-17 14:17:13 - INFO - Saved question 7 to q7.json
2025-06-17 14:17:13 - INFO - Saved question 8 to q8.json
2025-06-17 14:17:13 - INFO - Saved question 9 to q9.json
2025-06-17 14:17:13 - INFO - Saved question 10 to q10.json
2025-06-17 14:17:13 - INFO - Saved question 11 to q11.json
2025-06-17 14:17:13 - INFO - Saved question 12 to q12.json
2025-06-17 14:17:13 - INFO - Saved question 13 to q13.json
2025-06-17 14:17:13 - INFO - Calling Gemini to convert pdf to json
2025-06-17 14:17:33 - DEBUG - Response from Gemini: ```json
[
  {
    "question_number": 14,
    "question_text": "A small object of mass $m$ placed on the horizontal surface of a frozen pond is given a kick imparting an initial speed $v_0$ along the horizontal direction. The object moves on the surface in a horizontal straight line without rotation. The coefficient of kinetic friction between the object and the surface is $\mu$. If the air resistance can be neglected, the distance that the object moves before coming to rest is",
    "subject_unit": null,
    "options": [
      {
        "option_number": 1,
        "option_text": "$\\frac{2v_0^2}{\\mu g}$",
        "option_image": "[]",
        "is_correct": false
      },
      {
        "option_number": 2,
        "option_text": "$\\frac{v_0^2}{2\\mu g}$",
        "option_image": "[]",
        "is_correct": false
      },
      {
        "option_number": 3,
        "option_text": "$\\frac{2\\mu g}{v_0^2}$",
        "option_image": "[]",
        "is_correct": false
      },
      {
        "option_number": 4,
        "option_text": "$\\frac{v_0^2}{\\mu g}$",
        "option_image": "[]",
        "is_correct": true
      },
      {
        "option_number": 5,
        "option_text": "$\\frac{\\mu g}{2v_0^2}$",
        "option_image": "[]",
        "is_correct": false
      }
    ],
    "answer": null,
    "question_images": [],
    "marks": null,
    "difficulty": "normal"
  },
  {
    "question_number": 15,
    "question_text": "A coplanar structure is made by connecting eleven identical spheres each of mass $m$ using ten identical light rods as shown in the diagram. The centre of gravity of the structure is most likely to be at the point:",
    "subject_unit": null,
    "options": [
      {
        "option_number": 1,
        "option_text": "O",
        "option_image": "[]",
        "is_correct": false
      },
      {
        "option_number": 2,
        "option_text": "A",
        "option_image": "[]",
        "is_correct": false
      },
      {
        "option_number": 3,
        "option_text": "B",
        "option_image": "[]",
        "is_correct": true
      },
      {
        "option_number": 4,
        "option_text": "C",
        "option_image": "[]",
        "is_correct": false
      },
      {
        "option_number": 5,
        "option_text": "D",
        "option_image": "[]",
        "is_correct": false
      }
    ],
    "answer": null,
    "question_images": [
      "page_3_crop2_class0.jpg"
    ],
    "marks": null,
    "difficulty": "normal"
  },
  {
    "question_number": 16,
    "question_text": "A block of mass 2 kg is pushed along a horizontal surface. The variation of the displacement $x$ of the block with time $t$ is shown in the figure. The values of the resultant force $F$ acting on the block are different and constant during each of the time intervals $0 < t < 2$, $2 < t < 4$ and $4 < t < 5$. Which of the following correctly represents the magnitude of $F$ in each of the time intervals?",
    "subject_unit": null,
    "options": [
      {
        "option_number": 1,
        "option_text": "0",
        "option_image": "[]",
        "is_correct": false
      },
      {
        "option_number": 2,
        "option_text": "0",
        "option_image": "[]",
        "is_correct": false
      },
      {
        "option_number": 3,
        "option_text": "0",
        "option_image": "[]",
        "is_correct": false
      },
      {
        "option_number": 4,
        "option_text": "1",
        "option_image": "[]",
        "is_correct": false
      },
      {
        "option_number": 5,
        "option_text": "2",
        "option_image": "[]",
        "is_correct": false
      }
    ],
    "answer": null,
    "question_images": [
      "page_3_crop0_class0.jpg",
      "page_3_crop1_class0.jpg"
    ],
    "marks": null,
    "difficulty": "normal"
  },
  {
    "question_number": 17,
    "question_text": "Figure shows a displacement - time ($t$) curve for an object executing simple harmonic motion. For this motion, magnitudes of the period $T$, the frequency $f$, the maximum speed $v_{max}$ and the maximum acceleration $a_{max}$ are given by",
    "subject_unit": null,
    "options": [
      {
        "option_number": 1,
        "option_text": "0.5",
        "option_image": "[]",
        "is_correct": false
      },
      {
        "option_number": 2,
        "option_text": "1",
        "option_image": "[]",
        "is_correct": false
      },
      {
        "option_number": 3,
        "option_text": "1",
        "option_image": "[]",
        "is_correct": false
      },
      {
        "option_number": 4,
        "option_text": "1",
        "option_image": "[]",
        "is_correct": false
      },
      {
        "option_number": 5,
        "option_text": "1",
        "option_image": "[]",
        "is_correct": false
      }
    ],
    "answer": null,
    "question_images": [
      "page_3_crop3_class0.jpg",
      "page_3_crop4_class0.jpg",
      "page_3_crop5_class0.jpg"
    ],
    "marks": null,
    "difficulty": "normal"
  }
]
```
2025-06-17 14:17:33 - INFO - Parsing JSON content from Gemini response
2025-06-17 14:17:33 - INFO - Saved question 14 to q14.json
2025-06-17 14:17:33 - INFO - Saved question 15 to q15.json
2025-06-17 14:17:33 - INFO - Saved question 16 to q16.json
2025-06-17 14:17:33 - INFO - Saved question 17 to q17.json
2025-06-17 14:17:33 - INFO - Calling Gemini to convert pdf to json
2025-06-17 14:17:56 - DEBUG - Response from Gemini: ```json
[
  {
    "question_number": 18,
    "question_text": "An elephant at rest is observed by a person 1 km away from his location. The sound intensity from trumpet of the elephant heard by the person is $10^{-10}$ W/m$^2$. Assume that the sound comes from a point source. If the threshold of hearing of the person is $10^{-12}$ W/m$^2$, what is the maximum distance from which he can hear this trumpet?",
    "subject_unit": null,
    "options": [
      {
        "option_number": 1,
        "option_text": "1 km",
        "option_image": "[]",
        "is_correct": false
      },
      {
        "option_number": 2,
        "option_text": "2 km",
        "option_image": "[]",
        "is_correct": false
      },
      {
        "option_number": 3,
        "option_text": "3 km",
        "option_image": "[]",
        "is_correct": false
      },
      {
        "option_number": 4,
        "option_text": "10 km",
        "option_image": "[]",
        "is_correct": false
      },
      {
        "option_number": 5,
        "option_text": "20 km",
        "option_image": "[]",
        "is_correct": false
      }
    ],
    "answer": null,
    "question_images": [],
    "marks": null,
    "difficulty": "normal"
  },
  {
    "question_number": 19,
    "question_text": "Two mercury-in-glass thermometers $P$ and $Q$ are to be constructed with $P$ having a larger bulb of the same material as that of $Q$ but with twice the volume of $Q$. Assume that the walls of both bulbs have the same thickness. Consider the following statements:\nUsing capillary tubes with appropriate uniform bore radii, the two thermometers can be constructed to have the same capillary length between $0^\circ C$ and $100^\circ C$ markings.",
    "subject_unit": null,
    "options": [
      {
        "option_number": 1,
        "option_text": "the same sensitivity",
        "option_image": "[]",
        "is_correct": false
      },
      {
        "option_number": 2,
        "option_text": "only $P$ is true",
        "option_image": "[]",
        "is_correct": false
      },
      {
        "option_number": 3,
        "option_text": "only $B$ is true",
        "option_image": "[]",
        "is_correct": false
      },
      {
        "option_number": 4,
        "option_text": "only $A$ and $C$ are true",
        "option_image": "[]",
        "is_correct": false
      },
      {
        "option_number": 5,
        "option_text": "only $B$ and $C$ are true",
        "option_image": "[]",
        "is_correct": false
      }
    ],
    "answer": null,
    "question_images": [],
    "marks": null,
    "difficulty": "normal"
  },
  {
    "question_number": 20,
    "question_text": "Water at $0^\circ C$ is continuously fed into a fully insulated boiler fixed with an immersion heater at a constant rate of $10^{-2}$ kg/s. The specific heat capacity and the specific latent heat of vaporization of water are $4.2 \times 10^3$ J/kg-K and $2.25 \times 10^6$ J/kg respectively. If the steam at $100^\circ C$ is to be produced at the same rate as that of supply of water, the power of the immersion heater should be",
    "subject_unit": null,
    "options": [
      {
        "option_number": 1,
        "option_text": "$4.2 \times 10^2$ kW",
        "option_image": "[]",
        "is_correct": false
      },
      {
        "option_number": 2,
        "option_text": "$2.25$ kW",
        "option_image": "[]",
        "is_correct": false
      },
      {
        "option_number": 3,
        "option_text": "$267.0$ kW",
        "option_image": "[]",
        "is_correct": false
      },
      {
        "option_number": 4,
        "option_text": "$420$ kW",
        "option_image": "[]",
        "is_correct": false
      },
      {
        "option_number": 5,
        "option_text": "$267.0$ kW",
        "option_image": "[]",
        "is_correct": false
      }
    ],
    "answer": null,
    "question_images": [],
    "marks": null,
    "difficulty": "normal"
  },
  {
    "question_number": 21,
    "question_text": "In the circuit shown, value of each capacitor is 1$\mu$F. The charge stored in capacitors is",
    "subject_unit": null,
    "options": [
      {
        "option_number": 1,
        "option_text": "2 $\mu$C",
        "option_image": "[]",
        "is_correct": false
      },
      {
        "option_number": 2,
        "option_text": "4 $\mu$C",
        "option_image": "[]",
        "is_correct": false
      },
      {
        "option_number": 3,
        "option_text": "5 $\mu$C",
        "option_image": "[]",
        "is_correct": false
      },
      {
        "option_number": 4,
        "option_text": "8 $\mu$C",
        "option_image": "[]",
        "is_correct": false
      },
      {
        "option_number": 5,
        "option_text": "10 $\mu$C",
        "option_image": "[]",
        "is_correct": false
      }
    ],
    "answer": null,
    "question_images": [
      "page_4_crop3_class0.jpg"
    ],
    "marks": null,
    "difficulty": "normal"
  },
  {
    "question_number": 22,
    "question_text": "Figures show five clusters of soap bubbles in air, as drawn. the cluster with physically possible correct shape are",
    "subject_unit": null,
    "options": [
      {
        "option_number": 1,
        "option_text": "[]",
        "option_image": "page_4_crop0_class0.jpg",
        "is_correct": false
      },
      {
        "option_number": 2,
        "option_text": "[]",
        "option_image": "page_4_crop1_class0.jpg",
        "is_correct": false
      },
      {
        "option_number": 3,
        "option_text": "[]",
        "option_image": "page_4_crop4_class0.jpg",
        "is_correct": false
      },
      {
        "option_number": 4,
        "option_text": "[]",
        "option_image": "page_4_crop2_class0.jpg",
        "is_correct": false
      },
      {
        "option_number": 5,
        "option_text": "[]",
        "option_image": "page_4_crop5_class0.jpg",
        "is_correct": false
      }
    ],
    "answer": null,
    "question_images": [],
    "marks": null,
    "difficulty": "normal"
  },
  {
    "question_number": 23,
    "question_text": "A Gaussian surface $S$ is drawn enclosing a charge distribution of net positive charge as shown in the figure. If the electric flux through the portion of the surface marked as $A$ is $\psi_A = -q$, which of the following relation is valid for the electric flux through the rest of the Gaussian surface?",
    "subject_unit": null,
    "options": [
      {
        "option_number": 1,
        "option_text": "$\psi_S = +q$",
        "option_image": "[]",
        "is_correct": false
      },
      {
        "option_number": 2,
        "option_text": "$\psi_S = +q$",
        "option_image": "[]",
        "is_correct": false
      },
      {
        "option_number": 3,
        "option_text": "$\psi_S = -q$",
        "option_image": "[]",
        "is_correct": false
      },
      {
        "option_number": 4,
        "option_text": "$\psi_S = -q$",
        "option_image": "[]",
        "is_correct": false
      },
      {
        "option_number": 5,
        "option_text": "$\psi_S = +q$",
        "option_image": "[]",
        "is_correct": false
      }
    ],
    "answer": null,
    "question_images": [
      "page_4_crop6_class0.jpg"
    ],
    "marks": null,
    "difficulty": "normal"
  }
]
```
2025-06-17 14:17:56 - INFO - Parsing JSON content from Gemini response
2025-06-17 14:17:56 - INFO - Saved question 18 to q18.json
2025-06-17 14:17:56 - INFO - Saved question 19 to q19.json
2025-06-17 14:17:56 - INFO - Saved question 20 to q20.json
2025-06-17 14:17:56 - INFO - Saved question 21 to q21.json
2025-06-17 14:17:56 - INFO - Saved question 22 to q22.json
2025-06-17 14:17:56 - INFO - Saved question 23 to q23.json
2025-06-17 14:17:56 - INFO - Calling Gemini to convert pdf to json
2025-06-17 14:18:17 - DEBUG - Response from Gemini: ```json
[
  {
    "question_number": 24,
    "question_text": "The three identical voltage sources in the circuits (A), (B) and (C) have a negligible internal resistance. In circuit (B) represents a voltmeter having internal resistance $R$. If $R_1 = R_2 = R$, which of the following is true regarding $I_1$, $I_2$, and $I_3$ shown in the circuits?",
    "subject_unit": null,
    "options": [
      {
        "option_number": 1,
        "option_text": "$I_1 = I_2 = I_3$",
        "option_image": "[]",
        "is_correct": false
      },
      {
        "option_number": 2,
        "option_text": "$I_1 > I_2 > I_3$",
        "option_image": "[]",
        "is_correct": false
      },
      {
        "option_number": 3,
        "option_text": "$I_3 > I_2 > I_1$",
        "option_image": "[]",
        "is_correct": false
      },
      {
        "option_number": 4,
        "option_text": "$I_2 > I_1 = I_3$",
        "option_image": "[]",
        "is_correct": false
      },
      {
        "option_number": 5,
        "option_text": "$I_1 = I_2 < I_3$",
        "option_image": "[]",
        "is_correct": false
      }
    ],
    "answer": null,
    "question_images": [
      "page_5_crop3_class0.jpg"
    ],
    "marks": null,
    "difficulty": "normal"
  },
  {
    "question_number": 25,
    "question_text": "In the figure shown, if the internal resistance of the voltage source is negligible, the power dissipated by the network is",
    "subject_unit": null,
    "options": [
      {
        "option_number": 1,
        "option_text": "60mW",
        "option_image": "[]",
        "is_correct": false
      },
      {
        "option_number": 2,
        "option_text": "90mW",
        "option_image": "[]",
        "is_correct": false
      },
      {
        "option_number": 3,
        "option_text": "120mW",
        "option_image": "[]",
        "is_correct": false
      },
      {
        "option_number": 4,
        "option_text": "150mW",
        "option_image": "[]",
        "is_correct": false
      },
      {
        "option_number": 5,
        "option_text": "180mW",
        "option_image": "[]",
        "is_correct": false
      }
    ],
    "answer": null,
    "question_images": [
      "page_5_crop2_class0.jpg"
    ],
    "marks": null,
    "difficulty": "normal"
  },
  {
    "question_number": 26,
    "question_text": "In the figure shown, 1, 2, 3, 4, 5 and 6 represent six identical electric bulbs. Consider the operation of the circuit under conditions (A), (B) and (C) given below.\n(A) When bulbs 2 and 5 are burnt.\n(B) When none of the bulbs are burnt.\n(C) When bulbs 2 and 5 are burnt, glowing at the same brightnes in the circuit can be seen.",
    "subject_unit": null,
    "options": [
      {
        "option_number": 1,
        "option_text": "A and B only.",
        "option_image": "[]",
        "is_correct": false
      },
      {
        "option_number": 2,
        "option_text": "B and C only.",
        "option_image": "[]",
        "is_correct": false
      },
      {
        "option_number": 3,
        "option_text": "A, B and C.",
        "option_image": "[]",
        "is_correct": false
      },
      {
        "option_number": 4,
        "option_text": "C only.",
        "option_image": "[]",
        "is_correct": false
      },
      {
        "option_number": 5,
        "option_text": "Only A.",
        "option_image": "[]",
        "is_correct": false
      }
    ],
    "answer": null,
    "question_images": [
      "page_5_crop0_class0.jpg"
    ],
    "marks": null,
    "difficulty": "normal"
  },
  {
    "question_number": 27,
    "question_text": "In the given circuit, the three 741 operational amplifiers of the output voltages $V_1$, $V_2$ and $V_3$ are given by $V_1$, $V_2$ and $V_3$ are respectively given by:",
    "subject_unit": null,
    "options": [
      {
        "option_number": 1,
        "option_text": "+15V, -4V, -8V",
        "option_image": "[]",
        "is_correct": false
      },
      {
        "option_number": 2,
        "option_text": "+2V, +10V, -4V",
        "option_image": "[]",
        "is_correct": false
      },
      {
        "option_number": 3,
        "option_text": "+15V, +4V, +8V",
        "option_image": "[]",
        "is_correct": false
      },
      {
        "option_number": 4,
        "option_text": "+2V, +4V, +8V",
        "option_image": "[]",
        "is_correct": false
      },
      {
        "option_number": 5,
        "option_text": "+15V, +10V, +8V",
        "option_image": "[]",
        "is_correct": false
      }
    ],
    "answer": null,
    "question_images": [
      "page_5_crop1_class0.jpg"
    ],
    "marks": null,
    "difficulty": "normal"
  },
  {
    "question_number": 28,
    "question_text": "A uniform straight horizontal plank of length $5l$ and mass $5m$ is kept heavy on two supports separated by a distance $2l$ shown in the figure. A painter of mass $m$ is standing at one end of the entire length of the plank carrying his bucket of paint. What is the maximum mass of the bucket of paint that can be carried by the painter without toppling the plank?",
    "subject_unit": null,
    "options": [
      {
        "option_number": 1,
        "option_text": "$\\frac{2}{3}m$",
        "option_image": "[]",
        "is_correct": false
      },
      {
        "option_number": 2,
        "option_text": "$2m$",
        "option_image": "[]",
        "is_correct": false
      },
      {
        "option_number": 3,
        "option_text": "$\\frac{5m}{4}$",
        "option_image": "[]",
        "is_correct": false
      },
      {
        "option_number": 4,
        "option_text": "$m$",
        "option_image": "[]",
        "is_correct": false
      },
      {
        "option_number": 5,
        "option_text": "$\\frac{m}{4}$",
        "option_image": "[]",
        "is_correct": false
      }
    ],
    "answer": null,
    "question_images": [
      "page_5_crop4_class0.jpg"
    ],
    "marks": null,
    "difficulty": "normal"
  }
]
```
2025-06-17 14:18:17 - INFO - Parsing JSON content from Gemini response
2025-06-17 14:18:17 - INFO - Saved question 24 to q24.json
2025-06-17 14:18:17 - INFO - Saved question 25 to q25.json
2025-06-17 14:18:17 - INFO - Saved question 26 to q26.json
2025-06-17 14:18:17 - INFO - Saved question 27 to q27.json
2025-06-17 14:18:17 - INFO - Saved question 28 to q28.json
2025-06-17 14:18:17 - INFO - Calling Gemini to convert pdf to json
2025-06-17 14:18:39 - DEBUG - Response from Gemini: ```json
[
  {
    "question_number": 29,
    "question_text": "Three tanks A, B and C open at the top are initially filled with water to levels as shown in figure. They could be filled at very slow speed to an outlet where static conditions could apply below the valve. $V_1$ and $V_2$ allow water to flow only downwards. When the valve is closed, the water level in A, B and C are below the valve. When the system is put into operation with the initial conditions shown in the figure, which of the following statements best describes subsequent operation at the outlet?",
    "subject_unit": null,
    "options": [
      {
        "option_number": 1,
        "option_text": "Only A will contribute to the flow at the outlet.",
        "option_image": "[]",
        "is_correct": false
      },
      {
        "option_number": 2,
        "option_text": "Initially A contributes to the flow at the outlet followed by B and then C in succession.",
        "option_image": "[]",
        "is_correct": false
      },
      {
        "option_number": 3,
        "option_text": "Initially C starts to contribute to the flow at the outlet followed by B and then A in succession.",
        "option_image": "[]",
        "is_correct": false
      },
      {
        "option_number": 4,
        "option_text": "Initially, all three tanks contribute to the flow at the outlet simultaneously.",
        "option_image": "[]",
        "is_correct": false
      },
      {
        "option_number": 5,
        "option_text": "The experiment will never contribute to the flow at the outlet major contribution from C.",
        "option_image": "[]",
        "is_correct": false
      }
    ],
    "answer": null,
    "question_images": [
      "page_6_crop0_class0.jpg"
    ],
    "marks": null,
    "difficulty": "normal"
  },
  {
    "question_number": 30,
    "question_text": "In an experiment to find Young's modulus, three different wires $W_1$, $W_2$ and $W_3$ of the same material have been used and different tensile force $F$ with extension $\Delta L$ as shown in the figure. Which of the following statements made for the reason of obtaining obtained graphs is true?",
    "subject_unit": null,
    "options": [
      {
        "option_number": 1,
        "option_text": "The wire $W_1$ may have the same length as $W_2$, but a smaller area of cross-section.",
        "option_image": "[]",
        "is_correct": false
      },
      {
        "option_number": 2,
        "option_text": "The wire $W_2$ may have a larger length and a smaller area of cross-section than $W_1$.",
        "option_image": "[]",
        "is_correct": false
      },
      {
        "option_number": 3,
        "option_text": "The wire $W_3$ may have the same area of cross-section, but a larger length than that of $W_1$.",
        "option_image": "[]",
        "is_correct": false
      },
      {
        "option_number": 4,
        "option_text": "The wire $W_1$ may have a smaller area of cross-section as well as length than $W_2$.",
        "option_image": "[]",
        "is_correct": false
      },
      {
        "option_number": 5,
        "option_text": "The wire $W_1$ may have a larger value for the ratio, Area of cross-section/Length than $W_1$.",
        "option_image": "[]",
        "is_correct": false
      }
    ],
    "answer": null,
    "question_images": [
      "page_6_crop1_class0.jpg"
    ],
    "marks": null,
    "difficulty": "normal"
  },
  {
    "question_number": 31,
    "question_text": "A thin flat plate Z is placed midway between two large horizontal plates X and Y separated by a distance d filled with a viscous oil as shown in the figure. Now, consider a situation that the plate Z is pulled horizontally to the right with constant speed $v$ and plate Y is pulled horizontally to the left with constant speed $\\frac{v}{2}$ while keeping X stationary. The velocity vectors of thin oil layers between plates X and Y are best represented in,",
    "subject_unit": null,
    "options": [
      {
        "option_number": 1,
        "option_text": "[]",
        "option_image": "page_6_crop3_class0.jpg",
        "is_correct": false
      },
      {
        "option_number": 2,
        "option_text": "[]",
        "option_image": "page_6_crop3_class0.jpg",
        "is_correct": false
      },
      {
        "option_number": 3,
        "option_text": "[]",
        "option_image": "page_6_crop3_class0.jpg",
        "is_correct": false
      },
      {
        "option_number": 4,
        "option_text": "[]",
        "option_image": "page_6_crop3_class0.jpg",
        "is_correct": false
      },
      {
        "option_number": 5,
        "option_text": "[]",
        "option_image": "page_6_crop3_class0.jpg",
        "is_correct": false
      }
    ],
    "answer": null,
    "question_images": [
      "page_6_crop2_class0.jpg"
    ],
    "marks": null,
    "difficulty": "normal"
  },
  {
    "question_number": 32,
    "question_text": "Radioactive element $\Delta X$ transforms to stable $\Delta P_b$ after emitting eight $\alpha$ particles and six $\beta$ particles in successive decays. The numbers of protons and neutrons in the element X respectively are,",
    "subject_unit": null,
    "options": [
      {
        "option_number": 1,
        "option_text": "92, 130",
        "option_image": "[]",
        "is_correct": false
      },
      {
        "option_number": 2,
        "option_text": "92, 146",
        "option_image": "[]",
        "is_correct": false
      },
      {
        "option_number": 3,
        "option_text": "92, 238",
        "option_image": "[]",
        "is_correct": false
      },
      {
        "option_number": 4,
        "option_text": "104, 148",
        "option_image": "[]",
        "is_correct": false
      },
      {
        "option_number": 5,
        "option_text": "146, 92",
        "option_image": "[]",
        "is_correct": false
      }
    ],
    "answer": null,
    "question_images": [],
    "marks": null,
    "difficulty": "normal"
  }
]
```
2025-06-17 14:18:39 - INFO - Parsing JSON content from Gemini response
2025-06-17 14:18:39 - INFO - Saved question 29 to q29.json
2025-06-17 14:18:39 - INFO - Saved question 30 to q30.json
2025-06-17 14:18:39 - INFO - Saved question 31 to q31.json
2025-06-17 14:18:39 - INFO - Saved question 32 to q32.json
2025-06-17 14:18:39 - INFO - Calling Gemini to convert pdf to json
2025-06-17 14:18:56 - DEBUG - Response from Gemini: ```json
[
  {
    "question_number": 33,
    "question_text": "Consider a non-viscous and incompressible fluid moving with steady streamline flow through a tube of non-uniform cross-sectional area in a vertical plane. Figure shows the streamline flow in a tube. $X$, $Y$ and $Z$ represent three positions of a streamline. Consider the kinetic energies per unit volume ($KE_x$, $KE_y$, $KE_z$), the potential energies per unit volume ($PE_x$, $PE_y$, $PE_z$) and the fluid pressures ($P_x$, $P_y$, $P_z$) at the positions $X$, $Y$ and $Z$ respectively. Of the above inequalities, \n(A) $KE_x > KE_y > KE_z$\n(B) $PE_x < PE_y < PE_z$\n(C) $P_x > P_y > P_z$",
    "subject_unit": null,
    "options": [
      {
        "option_number": 1,
        "option_text": "only A and B are true",
        "option_image": "[]",
        "is_correct": false
      },
      {
        "option_number": 2,
        "option_text": "only B and C are true",
        "option_image": "[]",
        "is_correct": false
      },
      {
        "option_number": 3,
        "option_text": "only A and C are true",
        "option_image": "[]",
        "is_correct": false
      },
      {
        "option_number": 4,
        "option_text": "only B is true",
        "option_image": "[]",
        "is_correct": false
      },
      {
        "option_number": 5,
        "option_text": "A, B and C are true",
        "option_image": "[]",
        "is_correct": false
      }
    ],
    "answer": null,
    "question_images": [
      "page_7_crop6_class0.jpg"
    ],
    "marks": null,
    "difficulty": "normal"
  },
  {
    "question_number": 34,
    "question_text": "A disc freely rotates without friction on a certain angular speed, about a fixed vertical axis normal to the plane of the disc and passing through its centre. At time $t = 0$, a spider is shown in figure, with negligible speed on one rim of the rotating disc as shown lowers itself and becomes fixed on the disc. The variation of the angular momentum ($L$) and the angular speed ($\omega$) of the disc with time ($t$) is best represented by:",
    "subject_unit": null,
    "options": [
      {
        "option_number": 1,
        "option_text": "[]",
        "option_image": "page_7_crop7_class0.jpg",
        "is_correct": false
      },
      {
        "option_number": 2,
        "option_text": "[]",
        "option_image": "page_7_crop1_class0.jpg",
        "is_correct": false
      },
      {
        "option_number": 3,
        "option_text": "[]",
        "option_image": "page_7_crop0_class0.jpg",
        "is_correct": false
      },
      {
        "option_number": 4,
        "option_text": "[]",
        "option_image": "page_7_crop1_class0.jpg",
        "is_correct": false
      },
      {
        "option_number": 5,
        "option_text": "[]",
        "option_image": "page_7_crop0_class0.jpg",
        "is_correct": false
      }
    ],
    "answer": null,
    "question_images": [
      "page_7_crop2_class0.jpg",
      "page_7_crop3_class0.jpg"
    ],
    "marks": null,
    "difficulty": "normal"
  },
  {
    "question_number": 35,
    "question_text": "Figure shows vertical cross-sections of three solid spheres $A$, $B$ and $C$ of equal masses. The spheres are of radius $r$ and having thin walls. The spheres can be rotated about a vertical axis passing through respective centres. If $A$, $B$ and $C$ are all figures provided for same scale, if $A$, $B$ and $C$ all figures respectively are of the disc passing through its centre, and all equal angular speeds, which of the following expressions are drawn to the bodies $A$, $B$, $KE_A$, $KE_B$, $KE_C$ respectively are the rotational kinetic energies to be",
    "subject_unit": null,
    "options": [
      {
        "option_number": 1,
        "option_text": "$KE_A < KE_B < KE_C$",
        "option_image": "[]",
        "is_correct": false
      },
      {
        "option_number": 2,
        "option_text": "$KE_A = KE_B = KE_C$",
        "option_image": "[]",
        "is_correct": false
      },
      {
        "option_number": 3,
        "option_text": "$KE_C < KE_B < KE_A$",
        "option_image": "[]",
        "is_correct": false
      },
      {
        "option_number": 4,
        "option_text": "$KE_B < KE_A < KE_C$",
        "option_image": "[]",
        "is_correct": false
      },
      {
        "option_number": 5,
        "option_text": "$KE_B < KE_C < KE_A$",
        "option_image": "[]",
        "is_correct": false
      }
    ],
    "answer": null,
    "question_images": [
      "page_7_crop5_class0.jpg",
      "page_7_crop4_class0.jpg"
    ],
    "marks": null,
    "difficulty": "normal"
  }
]
```
2025-06-17 14:18:56 - INFO - Parsing JSON content from Gemini response
2025-06-17 14:18:56 - INFO - Saved question 33 to q33.json
2025-06-17 14:18:56 - INFO - Saved question 34 to q34.json
2025-06-17 14:18:56 - INFO - Saved question 35 to q35.json
2025-06-17 14:18:56 - INFO - Calling Gemini to convert pdf to json
2025-06-17 14:19:24 - DEBUG - Response from Gemini: ```json
[
  {
    "question_number": 36,
    "question_text": "A whistle that is used to train a dog produces a frequency of 22kHz which is more than the threshold of hearing of the human. The trainer of the dog wants to make sure that the whistle is working. While the trainer stands by the side of a long straight road, he asks a friend to blow this whistle from a car moving along the same road. The required speed of the car and the distance of the car from the trainer are to hear the whistle at its threshold of hearing of 20 kHz is (Speed of sound in air is 340 m/s)",
    "subject_unit": null,
    "options": [
      {
        "option_number": 1,
        "option_text": "31 $m s^{-1}$ (away from the trainer)",
        "option_image": "[]",
        "is_correct": false
      },
      {
        "option_number": 2,
        "option_text": "32 $m s^{-1}$ (away from the trainer)",
        "option_image": "[]",
        "is_correct": false
      },
      {
        "option_number": 3,
        "option_text": "34 $m s^{-1}$ (away from the trainer)",
        "option_image": "[]",
        "is_correct": false
      },
      {
        "option_number": 4,
        "option_text": "32 $m s^{-1}$ (towards the trainer)",
        "option_image": "[]",
        "is_correct": false
      },
      {
        "option_number": 5,
        "option_text": "34 $m s^{-1}$ (away from the trainer)",
        "option_image": "[]",
        "is_correct": false
      }
    ],
    "answer": null,
    "question_images": [],
    "marks": null,
    "difficulty": "normal"
  },
  {
    "question_number": 37,
    "question_text": "Number 23 is written on a piece of paper and then it is slowly horizontally upward while looking at the image of the number through it, and keeping its optical axis vertical. Which of the following best represents the variation of the size and shape of the image as the lens is gradually moved up from the number 23?",
    "subject_unit": null,
    "options": [
      {
        "option_number": 1,
        "option_text": "23.23......23.23...",
        "option_image": "[]",
        "is_correct": false
      },
      {
        "option_number": 2,
        "option_text": "23.23......23.23...",
        "option_image": "[]",
        "is_correct": false
      },
      {
        "option_number": 3,
        "option_text": "23.23......23.23...",
        "option_image": "[]",
        "is_correct": false
      },
      {
        "option_number": 4,
        "option_text": "32.32......32.32...",
        "option_image": "[]",
        "is_correct": false
      },
      {
        "option_number": 5,
        "option_text": "23.23......23.23...",
        "option_image": "[]",
        "is_correct": false
      }
    ],
    "answer": null,
    "question_images": [
      "page_8_crop2_class0.jpg"
    ],
    "marks": null,
    "difficulty": "normal"
  },
  {
    "question_number": 38,
    "question_text": "The bellow glass prism with thick walls as shown in figure, is made of a material of refractive index $\mu$. A ray of monochromatic light PQ travelling in air is incident on the glass prism as shown in figure. In order to make the emergent ray travel along Y and Z directions respectively, the cavity of hollow surface along the path of the ray must be filled with transparent fluids of refractive index $\mu_1$ where",
    "subject_unit": null,
    "options": [
      {
        "option_number": 1,
        "option_text": "$\mu_1 = \mu_2 = \mu$",
        "option_image": "[]",
        "is_correct": false
      },
      {
        "option_number": 2,
        "option_text": "$\mu_1 > \mu$, $\mu_2 < \mu$",
        "option_image": "[]",
        "is_correct": false
      },
      {
        "option_number": 3,
        "option_text": "$\mu_1 < \mu$, $\mu_2 > \mu$",
        "option_image": "[]",
        "is_correct": false
      },
      {
        "option_number": 4,
        "option_text": "$\mu_1 > \mu$, $\mu_2 > \mu$",
        "option_image": "[]",
        "is_correct": false
      },
      {
        "option_number": 5,
        "option_text": "$\mu_1 < \mu$, $\mu_2 < \mu$",
        "option_image": "[]",
        "is_correct": false
      }
    ],
    "answer": null,
    "question_images": [
      "page_8_crop0_class0.jpg"
    ],
    "marks": null,
    "difficulty": "normal"
  },
  {
    "question_number": 39,
    "question_text": "Biscuits of a freshly opened packet of biscuits were placed inside a container, and it was tightly closed with a lid, so that air cannot enter or leave the container. The initial relative humidity inside the container was also found to be 80\%. After a few days, it was found that the relative humidity inside the container had decreased to 30\% and the mass of the biscuits had increased by $m$. If the temperature inside the container remains constant throughout the between two heat reservoirs maintained at temperatures 100 $^\circ C$ and $0^\circ C$.",
    "subject_unit": null,
    "options": [
      {
        "option_number": 1,
        "option_text": "8 $m$",
        "option_image": "[]",
        "is_correct": false
      },
      {
        "option_number": 2,
        "option_text": "11 $m$",
        "option_image": "[]",
        "is_correct": false
      },
      {
        "option_number": 3,
        "option_text": "8 $m$",
        "option_image": "[]",
        "is_correct": false
      },
      {
        "option_number": 4,
        "option_text": "5 $m$",
        "option_image": "[]",
        "is_correct": false
      },
      {
        "option_number": 5,
        "option_text": "8 $m$",
        "option_image": "[]",
        "is_correct": false
      }
    ],
    "answer": null,
    "question_images": [],
    "marks": null,
    "difficulty": "normal"
  },
  {
    "question_number": 40,
    "question_text": "Figure shows how three thermally insulated heat conducting rods of equal lengths and equal cross-sectional areas are connected between two heat reservoirs maintained at temperatures 100 $^\circ C$ and $0^\circ C$. The thermal conductivities $k_1$, $k_2$ and $k_3$ of the rods are 10, 30 and 50 $W m^{-1} K^{-1}$ respectively. At the steady state, the temperature of the reservoir A is",
    "subject_unit": null,
    "options": [
      {
        "option_number": 1,
        "option_text": "90 $^\circ C$",
        "option_image": "[]",
        "is_correct": false
      },
      {
        "option_number": 2,
        "option_text": "85 $^\circ C$",
        "option_image": "[]",
        "is_correct": false
      },
      {
        "option_number": 3,
        "option_text": "80 $^\circ C$",
        "option_image": "[]",
        "is_correct": false
      },
      {
        "option_number": 4,
        "option_text": "75 $^\circ C$",
        "option_image": "[]",
        "is_correct": false
      },
      {
        "option_number": 5,
        "option_text": "65 $^\circ C$",
        "option_image": "[]",
        "is_correct": false
      }
    ],
    "answer": null,
    "question_images": [
      "page_8_crop1_class0.jpg",
      "page_8_crop3_class0.jpg"
    ],
    "marks": null,
    "difficulty": "normal"
  }
]
```
2025-06-17 14:19:24 - INFO - Parsing JSON content from Gemini response
2025-06-17 14:19:24 - INFO - Saved question 36 to q36.json
2025-06-17 14:19:24 - INFO - Saved question 37 to q37.json
2025-06-17 14:19:24 - INFO - Saved question 38 to q38.json
2025-06-17 14:19:24 - INFO - Saved question 39 to q39.json
2025-06-17 14:19:24 - INFO - Saved question 40 to q40.json
2025-06-17 14:19:24 - INFO - Calling Gemini to convert pdf to json
2025-06-17 14:19:37 - DEBUG - Response from Gemini: ```json
[
  {
    "question_number": 4,
    "question_text": "A glass bottle of special shape, a vertical cross-section of which is shown in figure and consists of a large spherical cavity of radius $r$ and a narrow tapered tube of length $l$. The initial volume of the large cavity is the half of the volume of the water in the bottle. When the bottle is heated, the variation of the volume of the water is negligible, the variation of height ($h$) of the water surface measured from the level $X$, with the temperature of the water ($\theta$) is best represented by",
    "subject_unit": null,
    "options": [
      {
        "option_number": 1,
        "option_text": "[]",
        "option_image": "page_9_crop7_class0.jpg",
        "is_correct": false
      },
      {
        "option_number": 2,
        "option_text": "[]",
        "option_image": "page_9_crop9_class0.jpg",
        "is_correct": false
      },
      {
        "option_number": 3,
        "option_text": "[]",
        "option_image": "page_9_crop9_class0.jpg",
        "is_correct": false
      },
      {
        "option_number": 4,
        "option_text": "[]",
        "option_image": "page_9_crop3_class0.jpg",
        "is_correct": false
      },
      {
        "option_number": 5,
        "option_text": "[]",
        "option_image": "page_9_crop10_class0.jpg",
        "is_correct": false
      }
    ],
    "answer": null,
    "question_images": [
      "page_9_crop0_class0.jpg"
    ],
    "marks": null,
    "difficulty": "normal"
  },
  {
    "question_number": 42,
    "question_text": "In the circuit shown in figure (a), the box with broken lines contains a resistor network. The 2V battery has negligible internal resistance. An ideal ammeter connected across $a$ and $b$ indicates 2 mA. The voltmeter connected across $c$ and $d$ indicates 2 mA. The resistor network inside the box with broken lines is",
    "subject_unit": null,
    "options": [
      {
        "option_number": 1,
        "option_text": "[]",
        "option_image": "page_9_crop5_class0.jpg",
        "is_correct": false
      },
      {
        "option_number": 2,
        "option_text": "[]",
        "option_image": "page_9_crop4_class0.jpg",
        "is_correct": false
      },
      {
        "option_number": 3,
        "option_text": "[]",
        "option_image": "page_9_crop8_class0.jpg",
        "is_correct": false
      },
      {
        "option_number": 4,
        "option_text": "[]",
        "option_image": "page_9_crop2_class0.jpg",
        "is_correct": false
      },
      {
        "option_number": 5,
        "option_text": "[]",
        "option_image": "page_9_crop11_class0.jpg",
        "is_correct": false
      }
    ],
    "answer": null,
    "question_images": [
      "page_9_crop1_class0.jpg"
    ],
    "marks": null,
    "difficulty": "normal"
  }
]
```
2025-06-17 14:19:37 - INFO - Parsing JSON content from Gemini response
2025-06-17 14:19:37 - INFO - Saved question 4 to q4.json
2025-06-17 14:19:37 - INFO - Saved question 42 to q42.json
2025-06-17 14:19:37 - DEBUG - Write | Json | ./data/Gold/2018-AL-Physics-All-English/mcq/questions
2025-06-17 14:19:37 - INFO - Converted questions to JSON

2025-06-17 14:19:37 - INFO - Metadata for 2018-AL-Physics-All-English written to ./data/metadata/2018-AL-Physics-All-English.json
2025-06-17 14:19:37 - DEBUG - Metadata content: {
  "pdf": "2018-AL-Physics-All-English.pdf",
  "progress": 3,
  "steps": {
    "bronze_to_silver": {
      "status": "done",
      "source_layer": "Bronze",
      "source_path": "./data/Bronze/2018-AL-Physics-All-English.pdf",
      "target_layer": "Silver",
      "target_path": "./data/Silver/2018-AL-Physics-All-English",
      "timestamp": "2025-06-13T22:31:04.449654"
    },
    "silver_to_gold_i": {
      "status": "done",
      "source_layer": "Silver",
      "source_path": "./data/Silver/2018-AL-Physics-All-English",
      "target_layer": "Gold_Images",
      "target_path": "./data/Gold/2018-AL-Physics-All-English",
      "timestamp": "2025-06-13T22:31:13.515896"
    },
    "silver_gold_to_gold_q": {
      "status": "done",
      "source_layer": "Silver + Gold_Images",
      "source_path": "./data/Silver/2018-AL-Physics-All-English, ./data/Gold/2018-AL-Physics-All-English",
      "target_layer": "Gold_Questions",
      "target_path": "./data/Gold/2018-AL-Physics-All-English",
      "timestamp": "2025-06-17T14:19:37.217281"
    }
  },
  "last_modified": "2025-06-17T14:19:37.217288"
}
2025-06-17 14:19:37 - INFO - Converted page_2_crop7_class0.jpg to base64
2025-06-17 14:19:37 - INFO - Converted page_2_crop4_class0.jpg to base64
2025-06-17 14:19:37 - INFO - Converted page_2_crop8_class0.jpg to base64
2025-06-17 14:19:37 - INFO - Converted page_3_crop2_class0.jpg to base64
2025-06-17 14:19:37 - INFO - Converted page_3_crop0_class0.jpg to base64
2025-06-17 14:19:37 - INFO - Converted page_3_crop1_class0.jpg to base64
2025-06-17 14:19:37 - INFO - Converted page_3_crop3_class0.jpg to base64
2025-06-17 14:19:37 - INFO - Converted page_3_crop4_class0.jpg to base64
2025-06-17 14:19:37 - INFO - Converted page_3_crop5_class0.jpg to base64
2025-06-17 14:19:37 - INFO - Converted page_4_crop3_class0.jpg to base64
2025-06-17 14:19:37 - INFO - Converted page_4_crop6_class0.jpg to base64
2025-06-17 14:19:37 - INFO - Converted page_5_crop3_class0.jpg to base64
2025-06-17 14:19:37 - INFO - Converted page_5_crop2_class0.jpg to base64
2025-06-17 14:19:37 - INFO - Converted page_5_crop0_class0.jpg to base64
2025-06-17 14:19:37 - INFO - Converted page_5_crop1_class0.jpg to base64
2025-06-17 14:19:37 - INFO - Converted page_5_crop4_class0.jpg to base64
2025-06-17 14:19:37 - INFO - Converted page_6_crop0_class0.jpg to base64
2025-06-17 14:19:37 - INFO - Converted page_6_crop1_class0.jpg to base64
2025-06-17 14:19:37 - INFO - Converted page_6_crop2_class0.jpg to base64
2025-06-17 14:19:37 - INFO - Converted page_7_crop6_class0.jpg to base64
2025-06-17 14:19:37 - INFO - Converted page_7_crop2_class0.jpg to base64
2025-06-17 14:19:37 - INFO - Converted page_7_crop3_class0.jpg to base64
2025-06-17 14:19:37 - INFO - Converted page_7_crop5_class0.jpg to base64
2025-06-17 14:19:37 - INFO - Converted page_7_crop4_class0.jpg to base64
2025-06-17 14:19:37 - INFO - Converted page_8_crop2_class0.jpg to base64
2025-06-17 14:19:37 - INFO - Converted page_8_crop0_class0.jpg to base64
2025-06-17 14:19:37 - INFO - Converted page_9_crop0_class0.jpg to base64
2025-06-17 14:19:37 - INFO - Converted page_8_crop1_class0.jpg to base64
2025-06-17 14:19:37 - INFO - Converted page_8_crop3_class0.jpg to base64
2025-06-17 14:19:37 - INFO - Converted page_9_crop1_class0.jpg to base64
2025-06-17 14:19:38 - INFO - Converted page_10_crop0_class0.jpg to base64
2025-06-17 14:19:38 - INFO - Converted page_10_crop5_class0.jpg to base64
2025-06-17 14:19:38 - INFO - Converted page_10_crop3_class0.jpg to base64
2025-06-17 14:19:38 - INFO - Converted page_11_crop2_class0.jpg to base64
2025-06-17 14:19:38 - INFO - Converted page_11_crop1_class0.jpg to base64
2025-06-17 14:19:38 - INFO - Converted page_11_crop0_class0.jpg to base64
2025-06-17 14:19:38 - INFO - Converted page_12_crop7_class0.jpg to base64
2025-06-17 14:19:38 - INFO - Converted page_12_crop8_class0.jpg to base64
2025-06-17 14:19:38 - INFO - Converted page_12_crop3_class0.jpg to base64
2025-06-17 14:19:38 - INFO - Cleaned 49 questions into ./data/primary/2018-AL-Physics-All-English\mcq.json
2025-06-17 14:19:38 - INFO - Cleaned JSONs and converted images to base64

2025-06-17 14:19:38 - INFO - Metadata for 2018-AL-Physics-All-English written to ./data/metadata/2018-AL-Physics-All-English.json
2025-06-17 14:19:38 - DEBUG - Metadata content: {
  "pdf": "2018-AL-Physics-All-English.pdf",
  "progress": 4,
  "steps": {
    "bronze_to_silver": {
      "status": "done",
      "source_layer": "Bronze",
      "source_path": "./data/Bronze/2018-AL-Physics-All-English.pdf",
      "target_layer": "Silver",
      "target_path": "./data/Silver/2018-AL-Physics-All-English",
      "timestamp": "2025-06-13T22:31:04.449654"
    },
    "silver_to_gold_i": {
      "status": "done",
      "source_layer": "Silver",
      "source_path": "./data/Silver/2018-AL-Physics-All-English",
      "target_layer": "Gold_Images",
      "target_path": "./data/Gold/2018-AL-Physics-All-English",
      "timestamp": "2025-06-13T22:31:13.515896"
    },
    "silver_gold_to_gold_q": {
      "status": "done",
      "source_layer": "Silver + Gold_Images",
      "source_path": "./data/Silver/2018-AL-Physics-All-English, ./data/Gold/2018-AL-Physics-All-English",
      "target_layer": "Gold_Questions",
      "target_path": "./data/Gold/2018-AL-Physics-All-English",
      "timestamp": "2025-06-17T14:19:37.217281"
    },
    "gold_to_primary": {
      "status": "done",
      "source_layer": "Gold",
      "source_path": "./data/Gold/2018-AL-Physics-All-English",
      "target_layer": "Primary",
      "target_path": "./data/primary/2018-AL-Physics-All-English",
      "timestamp": "2025-06-17T14:19:38.314258"
    }
  },
  "last_modified": "2025-06-17T14:19:38.314264"
}
2025-06-17 14:19:38 - INFO - Finished processing 2018-AL-Physics-All-English.


2025-06-17 14:19:38 - INFO - Processing 2019-AL-Physics-All-English

2025-06-17 14:19:38 - DEBUG - Bronze path: ./data/Bronze/2019-AL-Physics-All-English.pdf
2025-06-17 14:19:38 - DEBUG - Silver path: ./data/Silver/2019-AL-Physics-All-English
2025-06-17 14:19:38 - DEBUG - Gold path: ./data/Gold/2019-AL-Physics-All-English
2025-06-17 14:19:38 - DEBUG - Primary path: ./data/primary/2019-AL-Physics-All-English
2025-06-17 14:19:38 - INFO - Current progress for 2019-AL-Physics-All-English: 2.
2025-06-17 14:19:38 - INFO - Steps remaining for 2019-AL-Physics-All-English: silver_gold_to_gold_q, gold_to_primary

2025-06-17 14:19:38 - INFO - Converting 2019-AL-Physics-All-English to JSON
2025-06-17 14:19:38 - INFO - Processing question type: mcq
2025-06-17 14:19:38 - DEBUG - Read | Pages | ./data/Silver/2019-AL-Physics-All-English/mcq
2025-06-17 14:19:38 - DEBUG - Read | Images | ./data/Gold/2019-AL-Physics-All-English/mcq/images
2025-06-17 14:19:40 - INFO - Calling Gemini to convert pdf to json
2025-06-17 14:20:06 - DEBUG - Response from Gemini: ```json
[
  {
    "question_number": 1,
    "question_text": "Which of the following is not a fundamental unit given by",
    "subject_unit": null,
    "options": [
      {
        "option_number": 1,
        "option_text": "\\( m \\)",
        "option_image": "[]",
        "is_correct": false
      },
      {
        "option_number": 2,
        "option_text": "\\( J \\)",
        "option_image": "[]",
        "is_correct": false
      },
      {
        "option_number": 3,
        "option_text": "\\( cd \\)",
        "option_image": "[]",
        "is_correct": false
      },
      {
        "option_number": 4,
        "option_text": "\\( K \\)",
        "option_image": "[]",
        "is_correct": false
      },
      {
        "option_number": 5,
        "option_text": "\\( mol \\)",
        "option_image": "[]",
        "is_correct": true
      }
    ],
    "answer": null,
    "question_images": [],
    "marks": null,
    "difficulty": "normal"
  },
  {
    "question_number": 2,
    "question_text": "The dimensions of the gravitational constant G are given by",
    "subject_unit": null,
    "options": [
      {
        "option_number": 1,
        "option_text": "\\( L^3M^{-1}T^{-2} \\)",
        "option_image": "[]",
        "is_correct": false
      },
      {
        "option_number": 2,
        "option_text": "\\( L^3M^{-1}T^2 \\)",
        "option_image": "[]",
        "is_correct": false
      },
      {
        "option_number": 3,
        "option_text": "\\( L^3M^{-1}T^{-2} \\)",
        "option_image": "[]",
        "is_correct": false
      },
      {
        "option_number": 4,
        "option_text": "\\( L^3M^{-1}T^{-2} \\)",
        "option_image": "[]",
        "is_correct": false
      },
      {
        "option_number": 5,
        "option_text": "\\( L^3M^{-1}T^{-2} \\)",
        "option_image": "[]",
        "is_correct": false
      }
    ],
    "answer": null,
    "question_images": [],
    "marks": null,
    "difficulty": "normal"
  },
  {
    "question_number": 3,
    "question_text": "When a bipolar junction transistor operates in saturation mode a further increase in base current will",
    "subject_unit": null,
    "options": [
      {
        "option_number": 1,
        "option_text": "\\( 1 \\)",
        "option_image": "[]",
        "is_correct": false
      },
      {
        "option_number": 2,
        "option_text": "\\( 2 \\)",
        "option_image": "[]",
        "is_correct": false
      },
      {
        "option_number": 3,
        "option_text": "\\( 3 \\)",
        "option_image": "[]",
        "is_correct": false
      },
      {
        "option_number": 4,
        "option_text": "\\( 4 \\)",
        "option_image": "[]",
        "is_correct": false
      },
      {
        "option_number": 5,
        "option_text": "\\( 5 \\)",
        "option_image": "[]",
        "is_correct": false
      }
    ],
    "answer": null,
    "question_images": [],
    "marks": null,
    "difficulty": "normal"
  },
  {
    "question_number": 4,
    "question_text": "According to the evidences found in Particle Physics, matter is composed of",
    "subject_unit": null,
    "options": [
      {
        "option_number": 1,
        "option_text": "\\( 1 \\)",
        "option_image": "[]",
        "is_correct": false
      },
      {
        "option_number": 2,
        "option_text": "\\( 2 \\)",
        "option_image": "[]",
        "is_correct": false
      },
      {
        "option_number": 3,
        "option_text": "\\( 3 \\)",
        "option_image": "[]",
        "is_correct": false
      },
      {
        "option_number": 4,
        "option_text": "\\( 4 \\)",
        "option_image": "[]",
        "is_correct": false
      },
      {
        "option_number": 5,
        "option_text": "\\( 5 \\)",
        "option_image": "[]",
        "is_correct": false
      }
    ],
    "answer": null,
    "question_images": [],
    "marks": null,
    "difficulty": "normal"
  },
  {
    "question_number": 5,
    "question_text": "The variation of the gravitational potential \\( V \\) due to a point mass, with distance \\( r \\) is best represented by",
    "subject_unit": null,
    "options": [
      {
        "option_number": 1,
        "option_text": "[]",
        "option_image": "page_1_crop3_class0.jpg",
        "is_correct": false
      },
      {
        "option_number": 2,
        "option_text": "[]",
        "option_image": "page_1_crop0_class0.jpg",
        "is_correct": false
      },
      {
        "option_number": 3,
        "option_text": "[]",
        "option_image": "page_1_crop4_class0.jpg",
        "is_correct": false
      },
      {
        "option_number": 4,
        "option_text": "[]",
        "option_image": "page_1_crop2_class0.jpg",
        "is_correct": false
      },
      {
        "option_number": 5,
        "option_text": "[]",
        "option_image": "page_1_crop1_class0.jpg",
        "is_correct": false
      }
    ],
    "answer": null,
    "question_images": [],
    "marks": null,
    "difficulty": "normal"
  },
  {
    "question_number": 6,
    "question_text": "Which of the following statements is incorrect regarding thermometry?",
    "subject_unit": null,
    "options": [
      {
        "option_number": 1,
        "option_text": "\\( 1 \\)",
        "option_image": "[]",
        "is_correct": false
      },
      {
        "option_number": 2,
        "option_text": "\\( 2 \\)",
        "option_image": "[]",
        "is_correct": false
      },
      {
        "option_number": 3,
        "option_text": "\\( 3 \\)",
        "option_image": "[]",
        "is_correct": false
      },
      {
        "option_number": 4,
        "option_text": "\\( 4 \\)",
        "option_image": "[]",
        "is_correct": false
      },
      {
        "option_number": 5,
        "option_text": "\\( 5 \\)",
        "option_image": "[]",
        "is_correct": false
      }
    ],
    "answer": null,
    "question_images": [],
    "marks": null,
    "difficulty": "normal"
  }
]
```
2025-06-17 14:20:06 - INFO - Parsing JSON content from Gemini response
2025-06-17 14:20:06 - INFO - Saved question 1 to q1.json
2025-06-17 14:20:06 - INFO - Saved question 2 to q2.json
2025-06-17 14:20:06 - INFO - Saved question 3 to q3.json
2025-06-17 14:20:06 - INFO - Saved question 4 to q4.json
2025-06-17 14:20:06 - INFO - Saved question 5 to q5.json
2025-06-17 14:20:06 - INFO - Saved question 6 to q6.json
2025-06-17 14:20:06 - INFO - Calling Gemini to convert pdf to json
2025-06-17 14:20:21 - DEBUG - Response from Gemini: ```json
[
  {
    "question_number": 45,
    "question_text": "Three cells with electromotive force (emf) $E_1$, $E_2$, and $E_3$ and internal resistances $r_1$, $r_2$, and $r_3$, respectively, are connected as shown in the figure. Which of the following expressions gives the potential at point P of the circuit?",
    "subject_unit": null,
    "options": [
      {
        "option_number": 1,
        "option_text": "\\( \\frac{E_1}{r_1} + \\frac{E_2}{r_2} + \\frac{E_3}{r_3} \\)",
        "option_image": "[]",
        "is_correct": false
      },
      {
        "option_number": 2,
        "option_text": "\\( \\frac{E_1 r_2 r_3 + E_2 r_1 r_3 + E_3 r_1 r_2}{r_1 r_2 + r_1 r_3 + r_2 r_3} \\)",
        "option_image": "[]",
        "is_correct": false
      },
      {
        "option_number": 3,
        "option_text": "\\( \\frac{E_1 r_2 + E_2 r_3 + E_3 r_1}{r_1 + r_2 + r_3} \\)",
        "option_image": "[]",
        "is_correct": false
      },
      {
        "option_number": 4,
        "option_text": "\\( \\frac{E_1 r_2 r_3 + E_2 r_1 r_3 + E_3 r_1 r_2}{r_1 r_2 + r_1 r_3 + r_2 r_3} \\)",
        "option_image": "[]",
        "is_correct": false
      },
      {
        "option_number": 5,
        "option_text": "\\( \\frac{E_1 r_2 + E_2 r_1 + E_3 r_3}{r_1 + r_2 + r_3} \\)",
        "option_image": "[]",
        "is_correct": false
      }
    ],
    "answer": null,
    "question_images": [
      "page_10_crop2_class0.jpg"
    ],
    "marks": null,
    "difficulty": "normal"
  },
  {
    "question_number": 46,
    "question_text": "Consider a battery of electromotive force (emf) $E_0$ and internal resistance $r$. As shown in the figure, it is connected in series with a resistor $R$ and a variable dc voltage source $V_{R}$ which can be reversible. When $V_{R}$ is adjusted to make the current zero, the graph of voltage $I$ vs $V$ is best represented by",
    "subject_unit": null,
    "options": [
      {
        "option_number": 1,
        "option_text": "[]",
        "option_image": "page_10_crop4_class0.jpg",
        "is_correct": false
      },
      {
        "option_number": 2,
        "option_text": "[]",
        "option_image": "page_10_crop5_class0.jpg",
        "is_correct": false
      },
      {
        "option_number": 3,
        "option_text": "[]",
        "option_image": "page_10_crop3_class0.jpg",
        "is_correct": false
      },
      {
        "option_number": 4,
        "option_text": "[]",
        "option_image": "page_10_crop6_class0.jpg",
        "is_correct": false
      },
      {
        "option_number": 5,
        "option_text": "[]",
        "option_image": "page_10_crop7_class0.jpg",
        "is_correct": false
      }
    ],
    "answer": null,
    "question_images": [
      "page_10_crop1_class0.jpg"
    ],
    "marks": null,
    "difficulty": "normal"
  },
  {
    "question_number": 47,
    "question_text": "Consider the circuit shown in the figure. The graphs show the waveforms of the applied voltage and the current through the load $L$. The average power dissipation of the load is",
    "subject_unit": null,
    "options": [
      {
        "option_number": 1,
        "option_text": "0",
        "option_image": "[]",
        "is_correct": false
      },
      {
        "option_number": 2,
        "option_text": "\\( \\frac{V_m I_m}{2} \\)",
        "option_image": "[]",
        "is_correct": false
      },
      {
        "option_number": 3,
        "option_text": "\\( \\frac{V_m I_m}{\\sqrt{2}} \\)",
        "option_image": "[]",
        "is_correct": false
      },
      {
        "option_number": 4,
        "option_text": "\\( V_m I_m \\)",
        "option_image": "[]",
        "is_correct": false
      },
      {
        "option_number": 5,
        "option_text": "\\( 2 V_m I_m \\)",
        "option_image": "[]",
        "is_correct": false
      }
    ],
    "answer": null,
    "question_images": [
      "page_10_crop0_class0.jpg",
      "page_10_crop8_class0.jpg"
    ],
    "marks": null,
    "difficulty": "normal"
  }
]
```
2025-06-17 14:20:21 - INFO - Parsing JSON content from Gemini response
2025-06-17 14:20:22 - INFO - Saved question 45 to q45.json
2025-06-17 14:20:22 - INFO - Saved question 46 to q46.json
2025-06-17 14:20:22 - INFO - Saved question 47 to q47.json
2025-06-17 14:20:22 - INFO - Calling Gemini to convert pdf to json
2025-06-17 14:20:34 - DEBUG - Response from Gemini: ```json
[
  {
    "question_number": 48,
    "question_text": "Two long, straight and parallel wires are placed in free space. Consider the following two cases as shown in the figures.\n(a) Wires carry the same current \\textit{I} in the same direction.\n(b) Wires carry the same current \\textit{I} in opposite directions. Consider the x-axis to be along the line joining the wires, with the origin at the midpoint. Which pair of graphs best represents the variation of the magnetic flux density \\textit{B} between the two wires?",
    "subject_unit": null,
    "options": [
      {
        "option_number": 1,
        "option_text": "[]",
        "option_image": "page_11_crop11_class0.jpg",
        "is_correct": false
      },
      {
        "option_number": 2,
        "option_text": "[]",
        "option_image": "page_11_crop6_class0.jpg",
        "is_correct": false
      },
      {
        "option_number": 3,
        "option_text": "[]",
        "option_image": "page_11_crop1_class0.jpg",
        "is_correct": false
      },
      {
        "option_number": 4,
        "option_text": "[]",
        "option_image": "page_11_crop3_class0.jpg",
        "is_correct": false
      },
      {
        "option_number": 5,
        "option_text": "[]",
        "option_image": "page_11_crop4_class0.jpg",
        "is_correct": false
      }
    ],
    "answer": null,
    "question_images": [
      "page_11_crop10_class0.jpg"
    ],
    "marks": null,
    "difficulty": "normal"
  },
  {
    "question_number": 49,
    "question_text": "What is the current through the battery of the circuit shown in the figure?",
    "subject_unit": null,
    "options": [
      {
        "option_number": 1,
        "option_text": "\\(\\frac{V}{R}\\)",
        "option_image": "[]",
        "is_correct": false
      },
      {
        "option_number": 2,
        "option_text": "\\(\\frac{V}{2R}\\)",
        "option_image": "[]",
        "is_correct": false
      },
      {
        "option_number": 3,
        "option_text": "\\(\\frac{2V}{R}\\)",
        "option_image": "[]",
        "is_correct": false
      },
      {
        "option_number": 4,
        "option_text": "\\(\\frac{V}{2}\\)",
        "option_image": "[]",
        "is_correct": false
      },
      {
        "option_number": 5,
        "option_text": "\\(\\frac{2V}{R}\\)",
        "option_image": "[]",
        "is_correct": false
      }
    ],
    "answer": null,
    "question_images": [
      "page_11_crop0_class0.jpg"
    ],
    "marks": null,
    "difficulty": "normal"
  }
]
```
2025-06-17 14:20:34 - INFO - Parsing JSON content from Gemini response
2025-06-17 14:20:34 - INFO - Saved question 48 to q48.json
2025-06-17 14:20:34 - INFO - Saved question 49 to q49.json
2025-06-17 14:20:34 - INFO - Calling Gemini to convert pdf to json
2025-06-17 14:20:41 - DEBUG - Response from Gemini: ```json
[
  {
    "question_number": 50,
    "question_text": "A small object is placed inside a right circular cone with axis vertical and vertex down as shown in the figure. The coefficient of static friction between the inner surface of the cone and the object is $\\mu$. What is the maximum angular velocity of rotation of the cone about its axis for the object to be on the inner surface of the cone without slipping at a distance $d$ away from the axis?",
    "subject_unit": null,
    "options": [
      {
        "option_number": 1,
        "option_text": "$\\sqrt{\\frac{g(cos\\theta - \\mu sin\\theta)}{d(sin\\theta + \\mu cos\\theta)}}$",
        "option_image": "[]",
        "is_correct": false
      },
      {
        "option_number": 2,
        "option_text": "$\\sqrt{\\frac{g(sin\\theta - \\mu cos\\theta)}{d(cos\\theta + \\mu sin\\theta)}}$",
        "option_image": "[]",
        "is_correct": false
      },
      {
        "option_number": 3,
        "option_text": "$\\sqrt{\\frac{g(cos\\theta + \\mu sin\\theta)}{d(sin\\theta - \\mu cos\\theta)}}$",
        "option_image": "[]",
        "is_correct": false
      },
      {
        "option_number": 4,
        "option_text": "$\\sqrt{\\frac{g(sin\\theta + \\mu cos\\theta)}{d(cos\\theta - \\mu sin\\theta)}}$",
        "option_image": "[]",
        "is_correct": false
      },
      {
        "option_number": 5,
        "option_text": "$\\sqrt{\\frac{g}{d \\tan\\theta}}$",
        "option_image": "[]",
        "is_correct": false
      }
    ],
    "answer": null,
    "question_images": [
      "page_12_crop0_class0.jpg"
    ],
    "marks": null,
    "difficulty": "normal"
  }
]
```
2025-06-17 14:20:41 - INFO - Parsing JSON content from Gemini response
2025-06-17 14:20:41 - INFO - Saved question 50 to q50.json
2025-06-17 14:20:41 - INFO - Calling Gemini to convert pdf to json
2025-06-17 14:21:04 - DEBUG - Response from Gemini: ```json
[
  {
    "question_number": 7,
    "question_text": "Consider the following statements regarding the physical properties of ultraviolet and ultrasound waves.\n(A) Energy of both waves depends on their frequencies.\n(B) Both waves have the ability of ionizing materials.\n(C) Both waves can travel in vacuum.\nWhich of the above statements is/are incorrect?",
    "subject_unit": null,
    "options": [
      {
        "option_number": 1,
        "option_text": "Only A",
        "option_image": "[]",
        "is_correct": false
      },
      {
        "option_number": 2,
        "option_text": "Only B",
        "option_image": "[]",
        "is_correct": false
      },
      {
        "option_number": 3,
        "option_text": "Only A and B",
        "option_image": "[]",
        "is_correct": false
      },
      {
        "option_number": 4,
        "option_text": "Only B and C",
        "option_image": "[]",
        "is_correct": false
      },
      {
        "option_number": 5,
        "option_text": "All A, B, and C",
        "option_image": "[]",
        "is_correct": false
      }
    ],
    "answer": null,
    "question_images": [],
    "marks": null,
    "difficulty": "normal"
  },
  {
    "question_number": 8,
    "question_text": "An object is moving in a circular path at a constant speed as shown in the figure. The change in velocity of the object, when moving from A to B is",
    "subject_unit": null,
    "options": [
      {
        "option_number": 1,
        "option_text": "[]",
        "option_image": "page_2_crop7_class0.jpg",
        "is_correct": false
      },
      {
        "option_number": 2,
        "option_text": "[]",
        "option_image": "page_2_crop2_class0.jpg",
        "is_correct": false
      },
      {
        "option_number": 3,
        "option_text": "[]",
        "option_image": "page_2_crop4_class0.jpg",
        "is_correct": false
      },
      {
        "option_number": 4,
        "option_text": "[]",
        "option_image": "page_2_crop3_class0.jpg",
        "is_correct": false
      },
      {
        "option_number": 5,
        "option_text": "[]",
        "option_image": "page_2_crop5_class0.jpg",
        "is_correct": false
      }
    ],
    "answer": null,
    "question_images": [
      "page_2_crop1_class0.jpg"
    ],
    "marks": null,
    "difficulty": "normal"
  },
  {
    "question_number": 9,
    "question_text": "A weighlifter lifts a weight vertically up (positive direction) with his hands.\nThe signs of the work done by\n(a) the earth on the weight,\n(b) the hands on the weight,\n(c) the weight on his hands, respectively, are",
    "subject_unit": null,
    "options": [
      {
        "option_number": 1,
        "option_text": "+ + +",
        "option_image": "[]",
        "is_correct": false
      },
      {
        "option_number": 2,
        "option_text": "+ - +",
        "option_image": "[]",
        "is_correct": false
      },
      {
        "option_number": 3,
        "option_text": "+ - -",
        "option_image": "[]",
        "is_correct": false
      },
      {
        "option_number": 4,
        "option_text": "- + -",
        "option_image": "[]",
        "is_correct": false
      },
      {
        "option_number": 5,
        "option_text": "- - +",
        "option_image": "[]",
        "is_correct": false
      }
    ],
    "answer": null,
    "question_images": [
      "page_2_crop0_class0.jpg"
    ],
    "marks": null,
    "difficulty": "normal"
  },
  {
    "question_number": 10,
    "question_text": "Consider the following statements regarding a three-level LASER system having energies $E_1$, $E_2$, and $E_3$ of energy levels 2 and 1.\n(A) The LASER action occurs between energy levels 2 and 1.\n(B) The frequency of pumping radiation is as shown in the figure.\n(C) Level 3 is known as the metastable energy level.\nWhich of the above statements is/are correct?",
    "subject_unit": null,
    "options": [
      {
        "option_number": 1,
        "option_text": "Only A",
        "option_image": "[]",
        "is_correct": false
      },
      {
        "option_number": 2,
        "option_text": "Only B",
        "option_image": "[]",
        "is_correct": false
      },
      {
        "option_number": 3,
        "option_text": "Only C",
        "option_image": "[]",
        "is_correct": false
      },
      {
        "option_number": 4,
        "option_text": "A and C",
        "option_image": "[]",
        "is_correct": false
      },
      {
        "option_number": 5,
        "option_text": "Only B and C",
        "option_image": "[]",
        "is_correct": false
      }
    ],
    "answer": null,
    "question_images": [
      "page_2_crop6_class0.jpg"
    ],
    "marks": null,
    "difficulty": "normal"
  },
  {
    "question_number": 11,
    "question_text": "Consider the following statements made regarding the velocity of sound in earth atmosphere.\n(A) It does not change with altitude at constant temperature.\n(B) It increases with increasing pressure.\n(C) It decreases with increasing temperature.\nWhich of the above statements is/are correct?",
    "subject_unit": null,
    "options": [
      {
        "option_number": 1,
        "option_text": "Only A",
        "option_image": "[]",
        "is_correct": false
      },
      {
        "option_number": 2,
        "option_text": "Only B",
        "option_image": "[]",
        "is_correct": false
      },
      {
        "option_number": 3,
        "option_text": "Only C",
        "option_image": "[]",
        "is_correct": false
      },
      {
        "option_number": 4,
        "option_text": "Only A and B",
        "option_image": "[]",
        "is_correct": false
      },
      {
        "option_number": 5,
        "option_text": "All A, B, and C",
        "option_image": "[]",
        "is_correct": false
      }
    ],
    "answer": null,
    "question_images": [],
    "marks": null,
    "difficulty": "normal"
  },
  {
    "question_number": 12,
    "question_text": "Which of the following statements regarding the X-ray production in common applications is incorrect?",
    "subject_unit": null,
    "options": [
      {
        "option_number": 1,
        "option_text": "Two circuits are used in the X-ray production system.",
        "option_image": "[]",
        "is_correct": false
      },
      {
        "option_number": 2,
        "option_text": "Low voltage is sufficient to heat the cathode.",
        "option_image": "[]",
        "is_correct": false
      },
      {
        "option_number": 3,
        "option_text": "Energy of the X-rays emitted depends on the current through the filament.",
        "option_image": "[]",
        "is_correct": false
      },
      {
        "option_number": 4,
        "option_text": "Energy of the X-rays emitted depends on the current of electrons.",
        "option_image": "[]",
        "is_correct": false
      },
      {
        "option_number": 5,
        "option_text": "X-ray tube must be evacuated to avoid the energy loss of electrons.",
        "option_image": "[]",
        "is_correct": false
      }
    ],
    "answer": null,
    "question_images": [],
    "marks": null,
    "difficulty": "normal"
  }
]
```
2025-06-17 14:21:04 - INFO - Parsing JSON content from Gemini response
2025-06-17 14:21:04 - INFO - Saved question 7 to q7.json
2025-06-17 14:21:04 - INFO - Saved question 8 to q8.json
2025-06-17 14:21:04 - INFO - Saved question 9 to q9.json
2025-06-17 14:21:04 - INFO - Saved question 10 to q10.json
2025-06-17 14:21:04 - INFO - Saved question 11 to q11.json
2025-06-17 14:21:04 - INFO - Saved question 12 to q12.json
2025-06-17 14:21:04 - INFO - Calling Gemini to convert pdf to json
2025-06-17 14:21:31 - DEBUG - Response from Gemini: ```json
[
  {
    "question_number": 19,
    "question_text": "When a current of 6 A is flowing through the primary coil of an ideal transformer having power of 60 W, output voltage is 12 V. Select the correct answer which gives the type of the transformer and the current ratio (Primary current: Secondary current).",
    "subject_unit": null,
    "options": [
      {
        "option_number": 1,
        "option_text": "Step down and 5: 0.5",
        "option_image": "[]",
        "is_correct": false
      },
      {
        "option_number": 2,
        "option_text": "Step up and 6: 5",
        "option_image": "[]",
        "is_correct": false
      },
      {
        "option_number": 3,
        "option_text": "Step up and 1: 2",
        "option_image": "[]",
        "is_correct": false
      },
      {
        "option_number": 4,
        "option_text": "Step down and 6: 5",
        "option_image": "[]",
        "is_correct": false
      },
      {
        "option_number": 5,
        "option_text": "Step up and 6: 5",
        "option_image": "[]",
        "is_correct": false
      }
    ],
    "answer": null,
    "question_images": [],
    "marks": null,
    "difficulty": "normal"
  },
  {
    "question_number": 20,
    "question_text": "A coil is made by winding $N$ number of turns around a plastic ring of mean radius $R$ and cross sectional area $A$ as shown in the figure. This coil is placed coaxially with a long straight wire carrying a current $i$, which is changed with current gives the electromotive force $(emf)$ If the rate of change of expressions through the wire is $\frac{di}{dt}$ cos\\(\\omega t)$, the rate of the following expressions gives the electromotive force $(emf)$",
    "subject_unit": null,
    "options": [
      {
        "option_number": 1,
        "option_text": "$\\frac{\mu_0 N A}{2\pi R} \sin \omega t$",
        "option_image": "[]",
        "is_correct": false
      },
      {
        "option_number": 2,
        "option_text": "$\\frac{\mu_0 N A}{2\pi R} \cos \omega t$",
        "option_image": "[]",
        "is_correct": false
      },
      {
        "option_number": 3,
        "option_text": "$\\frac{\mu_0 N A}{4\pi R} \sin \omega t$",
        "option_image": "[]",
        "is_correct": false
      },
      {
        "option_number": 4,
        "option_text": "$\\frac{\mu_0 N A}{4\pi R} \cos \omega t$",
        "option_image": "[]",
        "is_correct": false
      },
      {
        "option_number": 5,
        "option_text": "$\\frac{4\pi R}{\mu_0 N A} \cos \omega t$",
        "option_image": "[]",
        "is_correct": false
      }
    ],
    "answer": null,
    "question_images": [
      "page_3_crop0_class0.jpg"
    ],
    "marks": null,
    "difficulty": "normal"
  },
  {
    "question_number": 21,
    "question_text": "Consider the points A, B and C on two equipotential surfaces as shown in the figure. When a proton moves from A to B, the electric field does a work of 32$\times 10^{-19}$ J on it. Charge of an electron is 1.6$\times 10^{-19}$ C. The electric potential differences $V_{AB}$, $V_{BC}$ and $V_{CA}$ respectively, are",
    "subject_unit": null,
    "options": [
      {
        "option_number": 1,
        "option_text": "2V, -2V, and 0V",
        "option_image": "[]",
        "is_correct": false
      },
      {
        "option_number": 2,
        "option_text": "2V, 2V, and 0V",
        "option_image": "[]",
        "is_correct": false
      },
      {
        "option_number": 3,
        "option_text": "-2V, -2V, and 0V",
        "option_image": "[]",
        "is_correct": false
      },
      {
        "option_number": 4,
        "option_text": "-0.5V, -0.5V, and 0V",
        "option_image": "[]",
        "is_correct": false
      },
      {
        "option_number": 5,
        "option_text": "0.5V, 0.5V, and 0V",
        "option_image": "[]",
        "is_correct": false
      }
    ],
    "answer": null,
    "question_images": [
      "page_3_crop2_class0.jpg"
    ],
    "marks": null,
    "difficulty": "normal"
  },
  {
    "question_number": 22,
    "question_text": "A celestial object is located at the mid point of the line joining the centres of the earth and the moon at a certain time. The mass of the moon is 0.0123 times the mass of the earth. Assume that the distance between the centres of the moon and the earth is 60 times the radius of the earth. The acceleration due to gravity at the object due to the gravity of both the earth and the moon in terms of g is approximately",
    "subject_unit": null,
    "options": [
      {
        "option_number": 1,
        "option_text": "1.1 $\times 10^{-2}$ g",
        "option_image": "[]",
        "is_correct": false
      },
      {
        "option_number": 2,
        "option_text": "1.1 $\times 10^{-3}$ g",
        "option_image": "[]",
        "is_correct": false
      },
      {
        "option_number": 3,
        "option_text": "3.3 $\times 10^{-2}$ g",
        "option_image": "[]",
        "is_correct": false
      },
      {
        "option_number": 4,
        "option_text": "0.5 g",
        "option_image": "[]",
        "is_correct": false
      },
      {
        "option_number": 5,
        "option_text": "1.0 g",
        "option_image": "[]",
        "is_correct": false
      }
    ],
    "answer": null,
    "question_images": [],
    "marks": null,
    "difficulty": "normal"
  },
  {
    "question_number": 23,
    "question_text": "The gap of 2 cm between two horizontal plates of surface area 500 $cm^2$ is filled with an oil having the coefficient of viscosity 0.2 N $s/m^2$. A horizontal force of 5 N is applied to the upper plate while keeping the lower plate at rest. What is the velocity of the middle layer of the oil, if the velocities of the oil layers vary linearly across the gap from 0 to v (50 mm/s)?",
    "subject_unit": null,
    "options": [
      {
        "option_number": 1,
        "option_text": "1 g",
        "option_image": "[]",
        "is_correct": false
      },
      {
        "option_number": 2,
        "option_text": "2 g",
        "option_image": "[]",
        "is_correct": false
      },
      {
        "option_number": 3,
        "option_text": "10 mm/s",
        "option_image": "[]",
        "is_correct": false
      },
      {
        "option_number": 4,
        "option_text": "25 mm/s",
        "option_image": "[]",
        "is_correct": false
      },
      {
        "option_number": 5,
        "option_text": "50 mm/s",
        "option_image": "[]",
        "is_correct": false
      }
    ],
    "answer": null,
    "question_images": [],
    "marks": null,
    "difficulty": "normal"
  },
  {
    "question_number": 24,
    "question_text": "A diode and a resistor are connected in such a way that only two terminals are available for external circuit (25 mA). When the applied voltage is reversed, the current doubles. What are the forward bias resistance of the diode, and the value of the resistor?",
    "subject_unit": null,
    "options": [
      {
        "option_number": 1,
        "option_text": "0 20",
        "option_image": "[]",
        "is_correct": false
      },
      {
        "option_number": 2,
        "option_text": "10 10",
        "option_image": "[]",
        "is_correct": false
      },
      {
        "option_number": 3,
        "option_text": "10 20",
        "option_image": "[]",
        "is_correct": false
      },
      {
        "option_number": 4,
        "option_text": "20 10",
        "option_image": "[]",
        "is_correct": false
      },
      {
        "option_number": 5,
        "option_text": "20 20",
        "option_image": "[]",
        "is_correct": false
      }
    ],
    "answer": null,
    "question_images": [
      "page_3_crop1_class0.jpg"
    ],
    "marks": null,
    "difficulty": "normal"
  }
]
```
2025-06-17 14:21:31 - INFO - Parsing JSON content from Gemini response
2025-06-17 14:21:31 - INFO - Saved question 19 to q19.json
2025-06-17 14:21:31 - INFO - Saved question 20 to q20.json
2025-06-17 14:21:31 - INFO - Saved question 21 to q21.json
2025-06-17 14:21:31 - INFO - Saved question 22 to q22.json
2025-06-17 14:21:31 - INFO - Saved question 23 to q23.json
2025-06-17 14:21:31 - INFO - Saved question 24 to q24.json
2025-06-17 14:21:31 - INFO - Calling Gemini to convert pdf to json
2025-06-17 14:21:55 - DEBUG - Response from Gemini: ```json
[
  {
    "question_number": 13,
    "question_text": "Consider the following statements regarding the dew point of air having water vapour in a closed container.\n(A) At dew point, unsaturated water vapour becomes saturated water vapour.\n(B) At dew point, if the volume of the container is reduced, the vapour will condense.\n(C) At dew point, if the volume of the container is reduced, the absolute humidity of the air will decrease.",
    "subject_unit": null,
    "options": [
      {
        "option_number": 1,
        "option_text": "Only A and C",
        "option_image": "[]",
        "is_correct": false
      },
      {
        "option_number": 2,
        "option_text": "Only A, B, and C",
        "option_image": "[]",
        "is_correct": false
      },
      {
        "option_number": 3,
        "option_text": "Only A and B",
        "option_image": "[]",
        "is_correct": false
      }
    ],
    "answer": null,
    "question_images": [],
    "marks": null,
    "difficulty": "normal"
  },
  {
    "question_number": 14,
    "question_text": "When the tension of a wire is slowly increased from $T_1$ to $T_2$ within the proportional limit, its length changes from $l_1$ to $l_2$. The energy stored in the wire during this process is",
    "subject_unit": null,
    "options": [
      {
        "option_number": 1,
        "option_text": "$\\frac{1}{2}(T_2 - T_1)(l_2 - l_1)$",
        "option_image": "[]",
        "is_correct": false
      },
      {
        "option_number": 2,
        "option_text": "$\\frac{1}{2}(T_2l_2 - T_1l_1)$",
        "option_image": "[]",
        "is_correct": false
      },
      {
        "option_number": 3,
        "option_text": "$\\frac{1}{2}(T_2 + T_1)(l_2 - l_1)$",
        "option_image": "[]",
        "is_correct": false
      },
      {
        "option_number": 4,
        "option_text": "$\\frac{1}{2}(T_2 - T_1)(l_2 + l_1)$",
        "option_image": "[]",
        "is_correct": false
      },
      {
        "option_number": 5,
        "option_text": "$\\frac{1}{2}(T_2l_2 - T_1l_1)$",
        "option_image": "[]",
        "is_correct": false
      }
    ],
    "answer": null,
    "question_images": [],
    "marks": null,
    "difficulty": "normal"
  },
  {
    "question_number": 15,
    "question_text": "Hydrogen gas in a container is maintained at standard temperature (300 K) and pressure ($1 \\times 10^5 \\text{ N m}^{-2}$). If the root mean square speed of hydrogen molecules is $2 \\text{ km s}^{-1}$, what is the density of hydrogen in the container?",
    "subject_unit": null,
    "options": [
      {
        "option_number": 1,
        "option_text": "0.058 kg m$^{-3}$",
        "option_image": "[]",
        "is_correct": false
      },
      {
        "option_number": 2,
        "option_text": "0.075 kg m$^{-3}$",
        "option_image": "[]",
        "is_correct": false
      },
      {
        "option_number": 3,
        "option_text": "0.150 kg m$^{-3}$",
        "option_image": "[]",
        "is_correct": false
      },
      {
        "option_number": 4,
        "option_text": "1.225 kg m$^{-3}$",
        "option_image": "[]",
        "is_correct": false
      },
      {
        "option_number": 5,
        "option_text": "2450 kg m$^{-3}$",
        "option_image": "[]",
        "is_correct": false
      }
    ],
    "answer": null,
    "question_images": [],
    "marks": null,
    "difficulty": "normal"
  },
  {
    "question_number": 16,
    "question_text": "A composite rod is formed by connecting two rods A and B as shown in the figure. Longitudinal pulse applied at the free end of the rod A propagates with a wavelength $\lambda$. What is the wavelength of this wave when it propagates through rod B?",
    "subject_unit": null,
    "options": [
      {
        "option_number": 1,
        "option_text": "1 m",
        "option_image": "[]",
        "is_correct": false
      },
      {
        "option_number": 2,
        "option_text": "2 m",
        "option_image": "[]",
        "is_correct": false
      },
      {
        "option_number": 3,
        "option_text": "3 m",
        "option_image": "[]",
        "is_correct": false
      },
      {
        "option_number": 4,
        "option_text": "4 m",
        "option_image": "[]",
        "is_correct": false
      },
      {
        "option_number": 5,
        "option_text": "5 m",
        "option_image": "[]",
        "is_correct": false
      }
    ],
    "answer": null,
    "question_images": [
      "page_4_crop7_class0.jpg"
    ],
    "marks": null,
    "difficulty": "normal"
  },
  {
    "question_number": 17,
    "question_text": "The magnitude and the direction of the electric field at point A due to the point charge distribution shown in the figure are",
    "subject_unit": null,
    "options": [
      {
        "option_number": 1,
        "option_text": "$\\frac{6q}{4\pi\epsilon_0 a^2}$",
        "option_image": "[]",
        "is_correct": false
      },
      {
        "option_number": 2,
        "option_text": "$\\frac{6q}{4\pi\epsilon_0 a^2}$",
        "option_image": "[]",
        "is_correct": false
      },
      {
        "option_number": 3,
        "option_text": "$\\frac{2q}{4\pi\epsilon_0 a^2}$",
        "option_image": "[]",
        "is_correct": false
      },
      {
        "option_number": 4,
        "option_text": "$\\frac{6q}{4\pi\epsilon_0 a^2}$",
        "option_image": "[]",
        "is_correct": false
      },
      {
        "option_number": 5,
        "option_text": "$\\frac{2q}{4\pi\epsilon_0 a^2}$",
        "option_image": "[]",
        "is_correct": false
      }
    ],
    "answer": null,
    "question_images": [
      "page_4_crop6_class0.jpg"
    ],
    "marks": null,
    "difficulty": "normal"
  },
  {
    "question_number": 18,
    "question_text": "Three capacitors with equal capacitance and two batteries with equal electromotive force (emf) are given. Construct a circuit to store energy. Which of the following circuits stores the maximum energy?",
    "subject_unit": null,
    "options": [
      {
        "option_number": 1,
        "option_text": "[]",
        "option_image": "page_4_crop0_class0.jpg",
        "is_correct": false
      },
      {
        "option_number": 2,
        "option_text": "[]",
        "option_image": "page_4_crop2_class0.jpg",
        "is_correct": false
      },
      {
        "option_number": 3,
        "option_text": "[]",
        "option_image": "page_4_crop3_class0.jpg",
        "is_correct": false
      },
      {
        "option_number": 4,
        "option_text": "[]",
        "option_image": "page_4_crop1_class0.jpg",
        "is_correct": false
      },
      {
        "option_number": 5,
        "option_text": "[]",
        "option_image": "page_4_crop4_class0.jpg",
        "is_correct": false
      }
    ],
    "answer": null,
    "question_images": [],
    "marks": null,
    "difficulty": "normal"
  }
]
```
2025-06-17 14:21:55 - INFO - Parsing JSON content from Gemini response
2025-06-17 14:21:55 - INFO - Saved question 13 to q13.json
2025-06-17 14:21:55 - INFO - Saved question 14 to q14.json
2025-06-17 14:21:55 - INFO - Saved question 15 to q15.json
2025-06-17 14:21:55 - INFO - Saved question 16 to q16.json
2025-06-17 14:21:55 - INFO - Saved question 17 to q17.json
2025-06-17 14:21:55 - INFO - Saved question 18 to q18.json
2025-06-17 14:21:55 - INFO - Calling Gemini to convert pdf to json
2025-06-17 14:22:14 - DEBUG - Response from Gemini: ```json
[
  {
    "question_number": 25,
    "question_text": "An air mass in a cyclone moves around its eye in a spiral path as shown in the figure. The velocity of the air mass at a radial distance of 80 km from the centre of the eye is 150 km $h^{-1}$. What could be the velocity of the same air mass at a radial distance of 40 km from the centre of the eye?",
    "subject_unit": null,
    "options": [
      {
        "option_number": 1,
        "option_text": "75 km $h^{-1}$",
        "option_image": "[]",
        "is_correct": false
      },
      {
        "option_number": 2,
        "option_text": "150 km $h^{-1}$",
        "option_image": "[]",
        "is_correct": false
      },
      {
        "option_number": 3,
        "option_text": "150$\sqrt{2}$ km $h^{-1}$",
        "option_image": "[]",
        "is_correct": false
      },
      {
        "option_number": 4,
        "option_text": "300 km $h^{-1}$",
        "option_image": "[]",
        "is_correct": false
      },
      {
        "option_number": 5,
        "option_text": "450$\sqrt{2}$ km $h^{-1}$",
        "option_image": "[]",
        "is_correct": false
      }
    ],
    "answer": null,
    "question_images": [
      "page_5_crop1_class0.jpg"
    ],
    "marks": null,
    "difficulty": "normal"
  },
  {
    "question_number": 26,
    "question_text": "An analogue multimeter connected to a circuit is shown in the figure. The reading of the multimeter is",
    "subject_unit": null,
    "options": [
      {
        "option_number": 1,
        "option_text": "7 mA",
        "option_image": "[]",
        "is_correct": false
      },
      {
        "option_number": 2,
        "option_text": "7 mA",
        "option_image": "[]",
        "is_correct": false
      },
      {
        "option_number": 3,
        "option_text": "1.4 V",
        "option_image": "[]",
        "is_correct": false
      },
      {
        "option_number": 4,
        "option_text": "7 V",
        "option_image": "[]",
        "is_correct": false
      },
      {
        "option_number": 5,
        "option_text": "14 V",
        "option_image": "[]",
        "is_correct": false
      }
    ],
    "answer": null,
    "question_images": [
      "page_5_crop2_class0.jpg"
    ],
    "marks": null,
    "difficulty": "normal"
  },
  {
    "question_number": 27,
    "question_text": "A large number of point charges are uniformly spread over a non-conducting ring of radius $r$. If the total charge on the ring is $Q$, what is the electrostatic potential at point $P$ on the axis of the ring, as shown in the figure?",
    "subject_unit": null,
    "options": [
      {
        "option_number": 1,
        "option_text": "$\dfrac{kQ}{r}$",
        "option_image": "[]",
        "is_correct": false
      },
      {
        "option_number": 2,
        "option_text": "$\dfrac{kQ}{\sqrt{r^2+d^2}}$",
        "option_image": "[]",
        "is_correct": false
      },
      {
        "option_number": 3,
        "option_text": "$\dfrac{kQd}{r\sqrt{r^2+d^2}}$",
        "option_image": "[]",
        "is_correct": false
      },
      {
        "option_number": 4,
        "option_text": "$\dfrac{kQ}{r^2+d^2}$",
        "option_image": "[]",
        "is_correct": false
      },
      {
        "option_number": 5,
        "option_text": "$\dfrac{kQ}{r^2}$",
        "option_image": "[]",
        "is_correct": false
      }
    ],
    "answer": null,
    "question_images": [
      "page_5_crop0_class0.jpg"
    ],
    "marks": null,
    "difficulty": "normal"
  },
  {
    "question_number": 28,
    "question_text": "The human blood circulatory system consists of about one billion ($10^9$) capillary vessels each with an average diameter of 8 $\mu m$. If the blood is pumped from the heart at a rate of 5 litres per minute, what is the average speed of blood flowing through the capillary vessels in cm per minute?",
    "subject_unit": null,
    "options": [
      {
        "option_number": 1,
        "option_text": "32$\pi$",
        "option_image": "[]",
        "is_correct": false
      },
      {
        "option_number": 2,
        "option_text": "16$\pi$",
        "option_image": "[]",
        "is_correct": false
      },
      {
        "option_number": 3,
        "option_text": "4$\pi$",
        "option_image": "[]",
        "is_correct": false
      },
      {
        "option_number": 4,
        "option_text": "$\dfrac{4}{\pi}$",
        "option_image": "[]",
        "is_correct": false
      },
      {
        "option_number": 5,
        "option_text": "$\dfrac{16}{\pi}$",
        "option_image": "[]",
        "is_correct": false
      }
    ],
    "answer": null,
    "question_images": [],
    "marks": null,
    "difficulty": "normal"
  }
]
```
2025-06-17 14:22:14 - INFO - Parsing JSON content from Gemini response
2025-06-17 14:22:14 - INFO - Saved question 25 to q25.json
2025-06-17 14:22:14 - INFO - Saved question 26 to q26.json
2025-06-17 14:22:14 - INFO - Saved question 27 to q27.json
2025-06-17 14:22:14 - INFO - Saved question 28 to q28.json
2025-06-17 14:22:14 - INFO - Calling Gemini to convert pdf to json
2025-06-17 14:22:37 - DEBUG - Response from Gemini: ```json
[
  {
    "question_number": 29,
    "question_text": "Two thin spherical metallic shells are placed concentrically as shown in the figure. Inner shell is kept at a potential \\(V\\) while the outer shell is grounded. The variation of the electric field \\(E\\) with distance \\(x\\) from the centre is best represented by",
    "subject_unit": null,
    "options": [
      {
        "option_number": 1,
        "option_text": "[]",
        "option_image": "page_6_crop2_class0.jpg",
        "is_correct": false
      },
      {
        "option_number": 2,
        "option_text": "[]",
        "option_image": "page_6_crop6_class0.jpg",
        "is_correct": false
      },
      {
        "option_number": 3,
        "option_text": "[]",
        "option_image": "page_6_crop5_class0.jpg",
        "is_correct": false
      },
      {
        "option_number": 4,
        "option_text": "[]",
        "option_image": "page_6_crop3_class0.jpg",
        "is_correct": false
      },
      {
        "option_number": 5,
        "option_text": "[]",
        "option_image": "page_6_crop1_class0.jpg",
        "is_correct": false
      }
    ],
    "answer": null,
    "question_images": [
      "page_6_crop0_class0.jpg"
    ],
    "marks": null,
    "difficulty": "normal"
  },
  {
    "question_number": 30,
    "question_text": "An ideal gas expands from state \\(A\\) to state \\(C\\) along two different paths, \\(ABC\\) and \\(ADC\\), as shown in the \\(P-V\\) diagram. The heat absorbed by the gas during the process \\(ABC\\) is 780 J. The work done by the gas during the process \\(ADC\\) is 246 J. What is the change in internal energy, when the gas expands along the path \\(ADC\\)?",
    "subject_unit": null,
    "options": [
      {
        "option_number": 1,
        "option_text": "$380 \\text{ J}$",
        "option_image": "[]",
        "is_correct": false
      },
      {
        "option_number": 2,
        "option_text": "$520 \\text{ J}$",
        "option_image": "[]",
        "is_correct": false
      },
      {
        "option_number": 3,
        "option_text": "$780 \\text{ J}$",
        "option_image": "[]",
        "is_correct": false
      },
      {
        "option_number": 4,
        "option_text": "$880 \\text{ J}$",
        "option_image": "[]",
        "is_correct": false
      },
      {
        "option_number": 5,
        "option_text": "$1080 \\text{ J}$",
        "option_image": "[]",
        "is_correct": false
      }
    ],
    "answer": null,
    "question_images": [
      "page_6_crop4_class0.jpg"
    ],
    "marks": null,
    "difficulty": "normal"
  },
  {
    "question_number": 31,
    "question_text": "A ball is dropped freely to a floor from a height of 1 m. If its speed is reduced by 25\\% at each bounce, what would be the height the ball reaches after the first bounce?",
    "subject_unit": null,
    "options": [
      {
        "option_number": 1,
        "option_text": "$\\frac{1}{4} \\text{ m}$",
        "option_image": "[]",
        "is_correct": false
      },
      {
        "option_number": 2,
        "option_text": "$ \\frac{9}{16} \\text{ m}$",
        "option_image": "[]",
        "is_correct": false
      },
      {
        "option_number": 3,
        "option_text": "$ \\frac{3}{4} \\text{ m}$",
        "option_image": "[]",
        "is_correct": false
      },
      {
        "option_number": 4,
        "option_text": "$ \\frac{4}{9} \\text{ m}$",
        "option_image": "[]",
        "is_correct": false
      },
      {
        "option_number": 5,
        "option_text": "$ \\frac{5}{4} \\text{ m}$",
        "option_image": "[]",
        "is_correct": false
      }
    ],
    "answer": null,
    "question_images": [],
    "marks": null,
    "difficulty": "normal"
  },
  {
    "question_number": 32,
    "question_text": "Part of an orbiting satellite is coated with a metal that has a work function of 5 eV. The Planck constant is $4.1 \\times 10^{-15} \\text{ eV s}$ and the speed of light is $3 \\times 10^8 \\text{ m s}^{-1}$. What could be the longest wavelength of incident sunlight that can eject an electron from the metal coating?",
    "subject_unit": null,
    "options": [
      {
        "option_number": 1,
        "option_text": "$123 \\text{ nm}$",
        "option_image": "[]",
        "is_correct": false
      },
      {
        "option_number": 2,
        "option_text": "$246 \\text{ nm}$",
        "option_image": "[]",
        "is_correct": false
      },
      {
        "option_number": 3,
        "option_text": "$683 \\text{ nm}$",
        "option_image": "[]",
        "is_correct": false
      },
      {
        "option_number": 4,
        "option_text": "$800 \\text{ nm}$",
        "option_image": "[]",
        "is_correct": false
      },
      {
        "option_number": 5,
        "option_text": "$1230 \\text{ nm}$",
        "option_image": "[]",
        "is_correct": false
      }
    ],
    "answer": null,
    "question_images": [],
    "marks": null,
    "difficulty": "normal"
  },
  {
    "question_number": 33,
    "question_text": "A standard photographic slide has a picture size of 30 mm \\(\\times\\) 40 mm. An enlarged image of the slide is projected onto a screen 4.0 m away from the projection lens of a single-lens slide projector. If the size of the image on the screen is 1.6 m \\(\\times\\) 2.1 m, what should be the focal length of the projection lens?",
    "subject_unit": null,
    "options": [
      {
        "option_number": 1,
        "option_text": "$49 \\text{ cm}$",
        "option_image": "[]",
        "is_correct": false
      },
      {
        "option_number": 2,
        "option_text": "$9.8 \\text{ cm}$",
        "option_image": "[]",
        "is_correct": false
      },
      {
        "option_number": 3,
        "option_text": "$10.2 \\text{ cm}$",
        "option_image": "[]",
        "is_correct": false
      },
      {
        "option_number": 4,
        "option_text": "$49 \\text{ cm}$",
        "option_image": "[]",
        "is_correct": false
      },
      {
        "option_number": 5,
        "option_text": "$98 \\text{ cm}$",
        "option_image": "[]",
        "is_correct": false
      }
    ],
    "answer": null,
    "question_images": [],
    "marks": null,
    "difficulty": "normal"
  }
]
```
2025-06-17 14:22:37 - INFO - Parsing JSON content from Gemini response
2025-06-17 14:22:37 - INFO - Saved question 29 to q29.json
2025-06-17 14:22:37 - INFO - Saved question 30 to q30.json
2025-06-17 14:22:37 - INFO - Saved question 31 to q31.json
2025-06-17 14:22:37 - INFO - Saved question 32 to q32.json
2025-06-17 14:22:37 - INFO - Saved question 33 to q33.json
2025-06-17 14:22:37 - INFO - Calling Gemini to convert pdf to json
2025-06-17 14:22:57 - DEBUG - Response from Gemini: ```json
[
  {
    "question_number": 34,
    "question_text": "A test tube is made to float upright in a fluid by placing a metal ball at the bottom of the tube, as shown in the figure. Total mass of the tube and the ball is $m$, density of the fluid is $\\rho$, and the cross-sectional area of the tube is $A$. Effect of surface tension and the viscosity of the fluid can be neglected. If the ball is slightly depressed and released, then what is the period of oscillations of the subsequent motion of the tube?",
    "subject_unit": null,
    "options": [
      {
        "option_number": 1,
        "option_text": "$2\\pi \\sqrt{\\frac{m}{A\\rho g}}$",
        "option_image": "[]",
        "is_correct": false
      },
      {
        "option_number": 2,
        "option_text": "$2\\pi \\sqrt{\\frac{m}{2A\\rho g}}$",
        "option_image": "[]",
        "is_correct": false
      },
      {
        "option_number": 3,
        "option_text": "$2\\pi \\sqrt{\\frac{m}{3A\\rho g}}$",
        "option_image": "[]",
        "is_correct": false
      },
      {
        "option_number": 4,
        "option_text": "$2\\pi \\sqrt{\\frac{m}{A\\rho g}}$",
        "option_image": "[]",
        "is_correct": false
      },
      {
        "option_number": 5,
        "option_text": "$2\\pi \\sqrt{\\frac{m}{A\\rho g}}$",
        "option_image": "[]",
        "is_correct": false
      }
    ],
    "answer": null,
    "question_images": [
      "page_7_crop0_class0.jpg"
    ],
    "marks": null,
    "difficulty": "normal"
  },
  {
    "question_number": 35,
    "question_text": "Consider a massless balloon attached to one end of a light string. The other end of the string is attached to the bottom of a water tank which is fixed in a truck as shown in the figure. The balloon is completely submerged in water. The velocity-time graph shows the motion of the truck.",
    "subject_unit": null,
    "options": [
      {
        "option_number": 1,
        "option_text": "[]",
        "option_image": "page_7_crop3_class0.jpg",
        "is_correct": false
      },
      {
        "option_number": 2,
        "option_text": "[]",
        "option_image": "page_7_crop2_class0.jpg",
        "is_correct": false
      },
      {
        "option_number": 3,
        "option_text": "[]",
        "option_image": "page_7_crop1_class0.jpg",
        "is_correct": false
      },
      {
        "option_number": 4,
        "option_text": "[]",
        "option_image": "page_7_crop4_class0.jpg",
        "is_correct": false
      },
      {
        "option_number": 5,
        "option_text": "[]",
        "option_image": "page_7_crop5_class0.jpg",
        "is_correct": false
      }
    ],
    "answer": null,
    "question_images": [
      "page_7_crop6_class0.jpg"
    ],
    "marks": null,
    "difficulty": "normal"
  },
  {
    "question_number": 36,
    "question_text": "Consider four metal balls of same volume placed on a smooth horizontal surface. Mass of each of the first three balls is $m$ while the mass of the fourth ball is $2m$. They are equally separated on a straight line. The first ball moves with speed $v$ and collides with the second ball resulting a series of linear elastic collisions among the balls. After all the collisions, the motion of each ball is best represented by",
    "subject_unit": null,
    "options": [
      {
        "option_number": 1,
        "option_text": "[]",
        "option_image": "page_7_crop9_class0.jpg",
        "is_correct": false
      },
      {
        "option_number": 2,
        "option_text": "[]",
        "option_image": "page_7_crop10_class0.jpg",
        "is_correct": false
      },
      {
        "option_number": 3,
        "option_text": "[]",
        "option_image": "page_7_crop7_class0.jpg",
        "is_correct": false
      },
      {
        "option_number": 4,
        "option_text": "[]",
        "option_image": "page_7_crop11_class0.jpg",
        "is_correct": false
      },
      {
        "option_number": 5,
        "option_text": "[]",
        "option_image": "page_7_crop8_class0.jpg",
        "is_correct": false
      }
    ],
    "answer": null,
    "question_images": [],
    "marks": null,
    "difficulty": "normal"
  }
]
```
2025-06-17 14:22:57 - INFO - Parsing JSON content from Gemini response
2025-06-17 14:22:57 - INFO - Saved question 34 to q34.json
2025-06-17 14:22:57 - INFO - Saved question 35 to q35.json
2025-06-17 14:22:57 - INFO - Saved question 36 to q36.json
2025-06-17 14:22:57 - INFO - Calling Gemini to convert pdf to json
2025-06-17 14:23:18 - DEBUG - Response from Gemini: ```json
[
  {
    "question_number": 37,
    "question_text": "For optimum operation of a light emitting diode (LED), forward voltage and current should be 2V and 10 mA, respectively. Transistor is having $V_{BE} = 0.7V$ and current gain $\beta = 100$. $V_{CC} = 5V$. Values for $R_B$ and $R_C$ for the optimum operation of the LED?",
    "subject_unit": null,
    "options": [
      {
        "option_number": 1,
        "option_text": "$R_B = 100 \, k\Omega$ and $R_C = 1 \, k\Omega$",
        "option_image": "[]",
        "is_correct": false
      },
      {
        "option_number": 2,
        "option_text": "$R_B = 1 \, k\Omega$ and $R_C = 290 \, \Omega$",
        "option_image": "[]",
        "is_correct": false
      },
      {
        "option_number": 3,
        "option_text": "$R_B = 10 \, k\Omega$ and $R_C = 1 \, k\Omega$",
        "option_image": "[]",
        "is_correct": false
      },
      {
        "option_number": 4,
        "option_text": "$R_B = 10 \, k\Omega$ and $R_C = 290 \, \Omega$",
        "option_image": "[]",
        "is_correct": false
      },
      {
        "option_number": 5,
        "option_text": "$R_B = 10 \, k\Omega$ and $R_C = 1 \, k\Omega$",
        "option_image": "[]",
        "is_correct": false
      }
    ],
    "answer": null,
    "question_images": [
      "page_8_crop0_class0.jpg"
    ],
    "marks": null,
    "difficulty": "normal"
  },
  {
    "question_number": 38,
    "question_text": "A piece of metal is attached to the top of a rectangular wooden block that floats in water. As shown in the figure, 50% of the volume of the wooden block is submerged in water. The metal piece and the wooden block have the same density. When the metal piece is detached and flipped upside down, what could be the percentage of the volume of the wooden block submerged in water?",
    "subject_unit": null,
    "options": [
      {
        "option_number": 1,
        "option_text": "Slightly smaller than 50%",
        "option_image": "[]",
        "is_correct": false
      },
      {
        "option_number": 2,
        "option_text": "Much smaller than 50%",
        "option_image": "[]",
        "is_correct": false
      },
      {
        "option_number": 3,
        "option_text": "50%",
        "option_image": "[]",
        "is_correct": false
      },
      {
        "option_number": 4,
        "option_text": "Slightly larger than 50%",
        "option_image": "[]",
        "is_correct": false
      },
      {
        "option_number": 5,
        "option_text": "Much larger than 50%",
        "option_image": "[]",
        "is_correct": false
      }
    ],
    "answer": null,
    "question_images": [
      "page_8_crop3_class0.jpg"
    ],
    "marks": null,
    "difficulty": "normal"
  },
  {
    "question_number": 39,
    "question_text": "As shown in the figure, an incompressible liquid flows steadily through a horizontal pipe. Two narrow vertical tubes are fixed at two places on the horizontal pipe where the cross-sectional areas are A and 2A. If the height difference of the liquid columns in the two vertical tubes is h, flow rate of the liquid through the pipe is",
    "subject_unit": null,
    "options": [
      {
        "option_number": 1,
        "option_text": "$\\frac{A}{3} \\sqrt{2gh}$",
        "option_image": "[]",
        "is_correct": false
      },
      {
        "option_number": 2,
        "option_text": "$\\frac{A}{3} \\sqrt{gh}$",
        "option_image": "[]",
        "is_correct": false
      },
      {
        "option_number": 3,
        "option_text": "$A \\sqrt{2gh}$",
        "option_image": "[]",
        "is_correct": false
      },
      {
        "option_number": 4,
        "option_text": "$2A \\sqrt{gh}$",
        "option_image": "[]",
        "is_correct": false
      },
      {
        "option_number": 5,
        "option_text": "$2A \\sqrt{2gh}$",
        "option_image": "[]",
        "is_correct": false
      }
    ],
    "answer": null,
    "question_images": [
      "page_8_crop2_class0.jpg"
    ],
    "marks": null,
    "difficulty": "normal"
  },
  {
    "question_number": 40,
    "question_text": "The figure shows the displacement-time graphs for the motion of two cars with respect to a lamp post situated at the origin. Car 1 is moving towards the lamp post and car 2 is moving away from the lamp post. A student has made the following statements regarding the motion of cars relevant to the points $P$, $Q$ and $R$ marked on the graphs.",
    "subject_unit": null,
    "options": [
      {
        "option_number": 1,
        "option_text": "Only B and C",
        "option_image": "[]",
        "is_correct": false
      },
      {
        "option_number": 2,
        "option_text": "Only A, B, and C",
        "option_image": "[]",
        "is_correct": false
      },
      {
        "option_number": 3,
        "option_text": "Only A and B",
        "option_image": "[]",
        "is_correct": false
      },
      {
        "option_number": 4,
        "option_text": "Only B and C",
        "option_image": "[]",
        "is_correct": false
      },
      {
        "option_number": 5,
        "option_text": "All A, B, and C",
        "option_image": "[]",
        "is_correct": false
      }
    ],
    "answer": null,
    "question_images": [
      "page_8_crop1_class0.jpg"
    ],
    "marks": null,
    "difficulty": "normal"
  }
]
```
2025-06-17 14:23:18 - INFO - Parsing JSON content from Gemini response
2025-06-17 14:23:18 - INFO - Saved question 37 to q37.json
2025-06-17 14:23:18 - INFO - Saved question 38 to q38.json
2025-06-17 14:23:18 - INFO - Saved question 39 to q39.json
2025-06-17 14:23:18 - INFO - Saved question 40 to q40.json
2025-06-17 14:23:18 - INFO - Calling Gemini to convert pdf to json
2025-06-17 14:23:42 - DEBUG - Response from Gemini: ```json
[
  {
    "question_number": 41,
    "question_text": "A whistling firecracker having a constant frequency is fired vertically upward. It travels initially with an acceleration, then with a deceleration, and finally blasts before coming to the rest. An observer at ground directly below the firecracker listens to the whistling sound of the firecracker. Consider the following statements regarding the frequency of the sound heard by the observer.\n(A) During the acceleration, it is higher than the whistling frequency and is increasing with time.\n(B) During the deceleration, it is lower than the whistling frequency and is decreasing with time.\n(C) Just before the blast, it becomes equal to the whistling frequency.",
    "subject_unit": null,
    "options": [
      {
        "option_number": 1,
        "option_text": "Only A",
        "option_image": "[]",
        "is_correct": false
      },
      {
        "option_number": 2,
        "option_text": "Only B",
        "option_image": "[]",
        "is_correct": false
      },
      {
        "option_number": 3,
        "option_text": "Only C",
        "option_image": "[]",
        "is_correct": false
      },
      {
        "option_number": 4,
        "option_text": "Only A and B",
        "option_image": "[]",
        "is_correct": false
      },
      {
        "option_number": 5,
        "option_text": "Only B and C",
        "option_image": "[]",
        "is_correct": false
      }
    ],
    "answer": null,
    "question_images": [],
    "marks": null,
    "difficulty": "normal"
  },
  {
    "question_number": 42,
    "question_text": "A metal bowl of mass 700 g contains 1 litre of water at 27 $^\circ$C. When a steel ball of mass 300 g at 120 $^\circ$C is dropped into the water in the bowl, the temperature of the mixture becomes 30 $^\circ$C. The specific heat capacities of steel and water are 500 J kg$^{-1}$ K$^{-1}$ and 4200 J kg$^{-1}$ K$^{-1}$ respectively. Out of the metals given in the table, what could be the metal of the metal ball?",
    "subject_unit": null,
    "options": [
      {
        "option_number": 1,
        "option_text": "Aluminium",
        "option_image": "[]",
        "is_correct": false
      },
      {
        "option_number": 2,
        "option_text": "Iron",
        "option_image": "[]",
        "is_correct": false
      },
      {
        "option_number": 3,
        "option_text": "Copper",
        "option_image": "[]",
        "is_correct": false
      },
      {
        "option_number": 4,
        "option_text": "Silver",
        "option_image": "[]",
        "is_correct": false
      },
      {
        "option_number": 5,
        "option_text": "Lead",
        "option_image": "[]",
        "is_correct": false
      }
    ],
    "answer": null,
    "question_images": [
      "page_9_crop0_class0.jpg"
    ],
    "marks": null,
    "difficulty": "normal"
  },
  {
    "question_number": 43,
    "question_text": "Three right angled prisms of refractive indices $n_1$, $n_2$, $n_3$ are arranged very close to each other on a table as shown in the figure. The incident ray entering through the face AB, with an incident angle $i$, suffers a total deviation $\delta$. The angles of refraction at the faces AB, BC, CD, DE are $r_1$, $r_2$, $r_3$, $r_4$ respectively. Which of the following expressions is incorrect?",
    "subject_unit": null,
    "options": [
      {
        "option_number": 1,
        "option_text": "$n_1 \sin i = n_2 \sin r_1$",
        "option_image": "[]",
        "is_correct": false
      },
      {
        "option_number": 2,
        "option_text": "$n_2 \sin r_2 = n_3 \cos r_3$",
        "option_image": "[]",
        "is_correct": false
      },
      {
        "option_number": 3,
        "option_text": "$n_3 \sin r_4 = \cos r_5$",
        "option_image": "[]",
        "is_correct": false
      },
      {
        "option_number": 4,
        "option_text": "$n_1 \cos i = n_2 \sin r_2$",
        "option_image": "[]",
        "is_correct": false
      },
      {
        "option_number": 5,
        "option_text": "$n_2 \sin r_1 = n_3 \cos r_3$",
        "option_image": "[]",
        "is_correct": false
      }
    ],
    "answer": null,
    "question_images": [
      "page_9_crop1_class0.jpg",
      "page_9_crop2_class0.jpg"
    ],
    "marks": null,
    "difficulty": "normal"
  },
  {
    "question_number": 44,
    "question_text": "Each of the simple wire loops is placed along the positive direction of the x-axis. The same current $I$ loop can rotate freely about its symmetric axis as shown in figures, carries the same current $I$. A uniform magnetic field is applied on xy plane perpendicular to magnetic field. Which choice represents the order of loops that the initial torque acting on them are in descending order?",
    "subject_unit": null,
    "options": [
      {
        "option_number": 1,
        "option_text": "$P, Q, R, S$",
        "option_image": "[]",
        "is_correct": false
      },
      {
        "option_number": 2,
        "option_text": "$R, Q, P, S$",
        "option_image": "[]",
        "is_correct": false
      },
      {
        "option_number": 3,
        "option_text": "$Q, P, R, S$",
        "option_image": "[]",
        "is_correct": false
      },
      {
        "option_number": 4,
        "option_text": "$S, R, Q, P$",
        "option_image": "[]",
        "is_correct": false
      },
      {
        "option_number": 5,
        "option_text": "$R, Q, S, P$",
        "option_image": "[]",
        "is_correct": false
      }
    ],
    "answer": null,
    "question_images": [
      "page_9_crop3_class0.jpg"
    ],
    "marks": null,
    "difficulty": "normal"
  }
]
```
2025-06-17 14:23:42 - INFO - Parsing JSON content from Gemini response
2025-06-17 14:23:42 - INFO - Saved question 41 to q41.json
2025-06-17 14:23:42 - INFO - Saved question 42 to q42.json
2025-06-17 14:23:42 - INFO - Saved question 43 to q43.json
2025-06-17 14:23:42 - INFO - Saved question 44 to q44.json
2025-06-17 14:23:42 - DEBUG - Write | Json | ./data/Gold/2019-AL-Physics-All-English/mcq/questions
2025-06-17 14:23:42 - INFO - Converted questions to JSON

2025-06-17 14:23:42 - INFO - Metadata for 2019-AL-Physics-All-English written to ./data/metadata/2019-AL-Physics-All-English.json
2025-06-17 14:23:42 - DEBUG - Metadata content: {
  "pdf": "2019-AL-Physics-All-English.pdf",
  "progress": 3,
  "steps": {
    "bronze_to_silver": {
      "status": "done",
      "source_layer": "Bronze",
      "source_path": "./data/Bronze/2019-AL-Physics-All-English.pdf",
      "target_layer": "Silver",
      "target_path": "./data/Silver/2019-AL-Physics-All-English",
      "timestamp": "2025-06-13T22:38:08.763995"
    },
    "silver_to_gold_i": {
      "status": "done",
      "source_layer": "Silver",
      "source_path": "./data/Silver/2019-AL-Physics-All-English",
      "target_layer": "Gold_Images",
      "target_path": "./data/Gold/2019-AL-Physics-All-English",
      "timestamp": "2025-06-13T22:38:18.578804"
    },
    "silver_gold_to_gold_q": {
      "status": "done",
      "source_layer": "Silver + Gold_Images",
      "source_path": "./data/Silver/2019-AL-Physics-All-English, ./data/Gold/2019-AL-Physics-All-English",
      "target_layer": "Gold_Questions",
      "target_path": "./data/Gold/2019-AL-Physics-All-English",
      "timestamp": "2025-06-17T14:23:42.550643"
    }
  },
  "last_modified": "2025-06-17T14:23:42.550649"
}
2025-06-17 14:23:42 - INFO - Converted page_2_crop6_class0.jpg to base64
2025-06-17 14:23:42 - INFO - Converted page_4_crop7_class0.jpg to base64
2025-06-17 14:23:42 - INFO - Converted page_4_crop6_class0.jpg to base64
2025-06-17 14:23:42 - INFO - Converted page_3_crop0_class0.jpg to base64
2025-06-17 14:23:42 - INFO - Converted page_3_crop2_class0.jpg to base64
2025-06-17 14:23:42 - INFO - Converted page_3_crop1_class0.jpg to base64
2025-06-17 14:23:42 - INFO - Converted page_5_crop1_class0.jpg to base64
2025-06-17 14:23:42 - INFO - Converted page_5_crop2_class0.jpg to base64
2025-06-17 14:23:42 - INFO - Converted page_5_crop0_class0.jpg to base64
2025-06-17 14:23:42 - INFO - Converted page_6_crop0_class0.jpg to base64
2025-06-17 14:23:43 - INFO - Converted page_6_crop4_class0.jpg to base64
2025-06-17 14:23:43 - INFO - Converted page_7_crop0_class0.jpg to base64
2025-06-17 14:23:43 - INFO - Converted page_7_crop6_class0.jpg to base64
2025-06-17 14:23:43 - INFO - Converted page_8_crop0_class0.jpg to base64
2025-06-17 14:23:43 - INFO - Converted page_8_crop3_class0.jpg to base64
2025-06-17 14:23:43 - INFO - Converted page_8_crop2_class0.jpg to base64
2025-06-17 14:23:43 - INFO - Converted page_8_crop1_class0.jpg to base64
2025-06-17 14:23:43 - INFO - Converted page_9_crop0_class0.jpg to base64
2025-06-17 14:23:43 - INFO - Converted page_9_crop1_class0.jpg to base64
2025-06-17 14:23:43 - INFO - Converted page_9_crop2_class0.jpg to base64
2025-06-17 14:23:43 - INFO - Converted page_9_crop3_class0.jpg to base64
2025-06-17 14:23:43 - INFO - Converted page_10_crop2_class0.jpg to base64
2025-06-17 14:23:43 - INFO - Converted page_10_crop1_class0.jpg to base64
2025-06-17 14:23:43 - INFO - Converted page_10_crop0_class0.jpg to base64
2025-06-17 14:23:43 - INFO - Converted page_10_crop8_class0.jpg to base64
2025-06-17 14:23:43 - INFO - Converted page_11_crop10_class0.jpg to base64
2025-06-17 14:23:43 - INFO - Converted page_11_crop0_class0.jpg to base64
2025-06-17 14:23:43 - INFO - Converted page_12_crop0_class0.jpg to base64
2025-06-17 14:23:43 - INFO - Converted page_2_crop1_class0.jpg to base64
2025-06-17 14:23:43 - INFO - Converted page_2_crop0_class0.jpg to base64
2025-06-17 14:23:43 - INFO - Cleaned 50 questions into ./data/primary/2019-AL-Physics-All-English\mcq.json
2025-06-17 14:23:43 - INFO - Cleaned JSONs and converted images to base64

2025-06-17 14:23:43 - INFO - Metadata for 2019-AL-Physics-All-English written to ./data/metadata/2019-AL-Physics-All-English.json
2025-06-17 14:23:43 - DEBUG - Metadata content: {
  "pdf": "2019-AL-Physics-All-English.pdf",
  "progress": 4,
  "steps": {
    "bronze_to_silver": {
      "status": "done",
      "source_layer": "Bronze",
      "source_path": "./data/Bronze/2019-AL-Physics-All-English.pdf",
      "target_layer": "Silver",
      "target_path": "./data/Silver/2019-AL-Physics-All-English",
      "timestamp": "2025-06-13T22:38:08.763995"
    },
    "silver_to_gold_i": {
      "status": "done",
      "source_layer": "Silver",
      "source_path": "./data/Silver/2019-AL-Physics-All-English",
      "target_layer": "Gold_Images",
      "target_path": "./data/Gold/2019-AL-Physics-All-English",
      "timestamp": "2025-06-13T22:38:18.578804"
    },
    "silver_gold_to_gold_q": {
      "status": "done",
      "source_layer": "Silver + Gold_Images",
      "source_path": "./data/Silver/2019-AL-Physics-All-English, ./data/Gold/2019-AL-Physics-All-English",
      "target_layer": "Gold_Questions",
      "target_path": "./data/Gold/2019-AL-Physics-All-English",
      "timestamp": "2025-06-17T14:23:42.550643"
    },
    "gold_to_primary": {
      "status": "done",
      "source_layer": "Gold",
      "source_path": "./data/Gold/2019-AL-Physics-All-English",
      "target_layer": "Primary",
      "target_path": "./data/primary/2019-AL-Physics-All-English",
      "timestamp": "2025-06-17T14:23:43.659820"
    }
  },
  "last_modified": "2025-06-17T14:23:43.659827"
}
2025-06-17 14:23:43 - INFO - Finished processing 2019-AL-Physics-All-English.


2025-06-17 14:23:43 - INFO - Processing 2020-AL-Physics-All-English

2025-06-17 14:23:43 - DEBUG - Bronze path: ./data/Bronze/2020-AL-Physics-All-English.pdf
2025-06-17 14:23:43 - DEBUG - Silver path: ./data/Silver/2020-AL-Physics-All-English
2025-06-17 14:23:43 - DEBUG - Gold path: ./data/Gold/2020-AL-Physics-All-English
2025-06-17 14:23:43 - DEBUG - Primary path: ./data/primary/2020-AL-Physics-All-English
2025-06-17 14:23:43 - INFO - Current progress for 2020-AL-Physics-All-English: 2.
2025-06-17 14:23:43 - INFO - Steps remaining for 2020-AL-Physics-All-English: silver_gold_to_gold_q, gold_to_primary

2025-06-17 14:23:43 - INFO - Converting 2020-AL-Physics-All-English to JSON
2025-06-17 14:23:43 - INFO - Processing question type: mcq
2025-06-17 14:23:43 - DEBUG - Read | Pages | ./data/Silver/2020-AL-Physics-All-English/mcq
2025-06-17 14:23:43 - DEBUG - Read | Images | ./data/Gold/2020-AL-Physics-All-English/mcq/images
2025-06-17 14:23:43 - WARNING - No questions were converted to json for data
2025-06-17 14:23:43 - DEBUG - Write | Json | ./data/Gold/2020-AL-Physics-All-English/mcq/questions
2025-06-17 14:23:43 - INFO - Converted questions to JSON

2025-06-17 14:23:43 - INFO - Metadata for 2020-AL-Physics-All-English written to ./data/metadata/2020-AL-Physics-All-English.json
2025-06-17 14:23:43 - DEBUG - Metadata content: {
  "pdf": "2020-AL-Physics-All-English.pdf",
  "progress": 3,
  "steps": {
    "bronze_to_silver": {
      "status": "done",
      "source_layer": "Bronze",
      "source_path": "./data/Bronze/2020-AL-Physics-All-English.pdf",
      "target_layer": "Silver",
      "target_path": "./data/Silver/2020-AL-Physics-All-English",
      "timestamp": "2025-06-13T22:43:26.150017"
    },
    "silver_to_gold_i": {
      "status": "done",
      "source_layer": "Silver",
      "source_path": "./data/Silver/2020-AL-Physics-All-English",
      "target_layer": "Gold_Images",
      "target_path": "./data/Gold/2020-AL-Physics-All-English",
      "timestamp": "2025-06-13T22:43:26.532481"
    },
    "silver_gold_to_gold_q": {
      "status": "done",
      "source_layer": "Silver + Gold_Images",
      "source_path": "./data/Silver/2020-AL-Physics-All-English, ./data/Gold/2020-AL-Physics-All-English",
      "target_layer": "Gold_Questions",
      "target_path": "./data/Gold/2020-AL-Physics-All-English",
      "timestamp": "2025-06-17T14:23:43.673248"
    }
  },
  "last_modified": "2025-06-17T14:23:43.673253"
}
2025-06-17 14:23:43 - INFO - Cleaned 0 questions into ./data/primary/2020-AL-Physics-All-English\mcq.json
2025-06-17 14:23:43 - INFO - Cleaned JSONs and converted images to base64

2025-06-17 14:23:43 - INFO - Metadata for 2020-AL-Physics-All-English written to ./data/metadata/2020-AL-Physics-All-English.json
2025-06-17 14:23:43 - DEBUG - Metadata content: {
  "pdf": "2020-AL-Physics-All-English.pdf",
  "progress": 4,
  "steps": {
    "bronze_to_silver": {
      "status": "done",
      "source_layer": "Bronze",
      "source_path": "./data/Bronze/2020-AL-Physics-All-English.pdf",
      "target_layer": "Silver",
      "target_path": "./data/Silver/2020-AL-Physics-All-English",
      "timestamp": "2025-06-13T22:43:26.150017"
    },
    "silver_to_gold_i": {
      "status": "done",
      "source_layer": "Silver",
      "source_path": "./data/Silver/2020-AL-Physics-All-English",
      "target_layer": "Gold_Images",
      "target_path": "./data/Gold/2020-AL-Physics-All-English",
      "timestamp": "2025-06-13T22:43:26.532481"
    },
    "silver_gold_to_gold_q": {
      "status": "done",
      "source_layer": "Silver + Gold_Images",
      "source_path": "./data/Silver/2020-AL-Physics-All-English, ./data/Gold/2020-AL-Physics-All-English",
      "target_layer": "Gold_Questions",
      "target_path": "./data/Gold/2020-AL-Physics-All-English",
      "timestamp": "2025-06-17T14:23:43.673248"
    },
    "gold_to_primary": {
      "status": "done",
      "source_layer": "Gold",
      "source_path": "./data/Gold/2020-AL-Physics-All-English",
      "target_layer": "Primary",
      "target_path": "./data/primary/2020-AL-Physics-All-English",
      "timestamp": "2025-06-17T14:23:43.703707"
    }
  },
  "last_modified": "2025-06-17T14:23:43.703714"
}
2025-06-17 14:23:43 - INFO - Finished processing 2020-AL-Physics-All-English.


2025-06-17 14:23:43 - INFO - Processing 2021-AL-Physics-All-English

2025-06-17 14:23:43 - DEBUG - Bronze path: ./data/Bronze/2021-AL-Physics-All-English.pdf
2025-06-17 14:23:43 - DEBUG - Silver path: ./data/Silver/2021-AL-Physics-All-English
2025-06-17 14:23:43 - DEBUG - Gold path: ./data/Gold/2021-AL-Physics-All-English
2025-06-17 14:23:43 - DEBUG - Primary path: ./data/primary/2021-AL-Physics-All-English
2025-06-17 14:23:43 - INFO - Current progress for 2021-AL-Physics-All-English: 2.
2025-06-17 14:23:43 - INFO - Steps remaining for 2021-AL-Physics-All-English: silver_gold_to_gold_q, gold_to_primary

2025-06-17 14:23:43 - INFO - Converting 2021-AL-Physics-All-English to JSON
2025-06-17 14:23:43 - INFO - Processing question type: mcq
2025-06-17 14:23:43 - DEBUG - Read | Pages | ./data/Silver/2021-AL-Physics-All-English/mcq
2025-06-17 14:23:43 - DEBUG - Read | Images | ./data/Gold/2021-AL-Physics-All-English/mcq/images
2025-06-17 14:23:44 - INFO - Calling Gemini to convert pdf to json
2025-06-17 14:24:20 - DEBUG - Response from Gemini: ```json
[
  {
    "question_number": 1,
    "question_text": "Which of the following pairs of physical quantities have same dimensions?",
    "subject_unit": null,
    "options": [
      {
        "option_number": 1,
        "option_text": "Torque and angular momentum",
        "option_image": "[]",
        "is_correct": false
      },
      {
        "option_number": 2,
        "option_text": "Velocity and displacement",
        "option_image": "[]",
        "is_correct": false
      },
      {
        "option_number": 3,
        "option_text": "Energy and power",
        "option_image": "[]",
        "is_correct": false
      },
      {
        "option_number": 4,
        "option_text": "Weight and mass",
        "option_image": "[]",
        "is_correct": false
      },
      {
        "option_number": 5,
        "option_text": "Pressure and stress",
        "option_image": "[]",
        "is_correct": false
      }
    ],
    "answer": null,
    "question_images": [],
    "marks": null,
    "difficulty": "normal"
  },
  {
    "question_number": 2,
    "question_text": "In a vernier caliper a length of 19 main scale divisions is equally divided into 20 vernier scale divisions. What should be the length of a main scale division in order to have a least count of 0.025 mm?",
    "subject_unit": null,
    "options": [
      {
        "option_number": 1,
        "option_text": "0.5mm",
        "option_image": "[]",
        "is_correct": false
      },
      {
        "option_number": 2,
        "option_text": "1mm",
        "option_image": "[]",
        "is_correct": false
      },
      {
        "option_number": 3,
        "option_text": "1.5mm",
        "option_image": "[]",
        "is_correct": false
      },
      {
        "option_number": 4,
        "option_text": "2mm",
        "option_image": "[]",
        "is_correct": false
      },
      {
        "option_number": 5,
        "option_text": "2.5mm",
        "option_image": "[]",
        "is_correct": false
      }
    ],
    "answer": null,
    "question_images": [],
    "marks": null,
    "difficulty": "normal"
  },
  {
    "question_number": 3,
    "question_text": "Bending of light when passing a sharp edge is due to",
    "subject_unit": null,
    "options": [
      {
        "option_number": 1,
        "option_text": "reflection.",
        "option_image": "[]",
        "is_correct": false
      },
      {
        "option_number": 2,
        "option_text": "total internal reflection.",
        "option_image": "[]",
        "is_correct": false
      },
      {
        "option_number": 3,
        "option_text": "diffraction.",
        "option_image": "[]",
        "is_correct": false
      },
      {
        "option_number": 4,
        "option_text": "total angular velocity",
        "option_image": "[]",
        "is_correct": false
      },
      {
        "option_number": 5,
        "option_text": "interference.",
        "option_image": "[]",
        "is_correct": false
      }
    ],
    "answer": null,
    "question_images": [],
    "marks": null,
    "difficulty": "normal"
  },
  {
    "question_number": 4,
    "question_text": "If no external forces act on a system, which of the following is conserved in any type of collision?",
    "subject_unit": null,
    "options": [
      {
        "option_number": 1,
        "option_text": "total mechanical energy",
        "option_image": "[]",
        "is_correct": false
      },
      {
        "option_number": 2,
        "option_text": "total linear momentum",
        "option_image": "[]",
        "is_correct": false
      },
      {
        "option_number": 3,
        "option_text": "mean kinetic energy",
        "option_image": "[]",
        "is_correct": false
      },
      {
        "option_number": 4,
        "option_text": "total angular velocity",
        "option_image": "[]",
        "is_correct": false
      },
      {
        "option_number": 5,
        "option_text": "total kinetic energy",
        "option_image": "[]",
        "is_correct": false
      }
    ],
    "answer": null,
    "question_images": [],
    "marks": null,
    "difficulty": "normal"
  },
  {
    "question_number": 5,
    "question_text": "The pressure of an ideal gas depends on its",
    "subject_unit": null,
    "options": [
      {
        "option_number": 1,
        "option_text": "mean linear momentum",
        "option_image": "[]",
        "is_correct": false
      },
      {
        "option_number": 2,
        "option_text": "specific heat capacity",
        "option_image": "[]",
        "is_correct": false
      },
      {
        "option_number": 3,
        "option_text": "density",
        "option_image": "[]",
        "is_correct": false
      },
      {
        "option_number": 4,
        "option_text": "absolute temperature",
        "option_image": "[]",
        "is_correct": false
      },
      {
        "option_number": 5,
        "option_text": "specific heat at constant volume",
        "option_image": "[]",
        "is_correct": false
      }
    ],
    "answer": null,
    "question_images": [],
    "marks": null,
    "difficulty": "normal"
  },
  {
    "question_number": 6,
    "question_text": "A block of mass M moving at velocity V on a flat frictionless surface makes a perfect inelastic collision with another block of mass 2M moving at velocity V along the same direction. What is the velocity of the first block after the collision?",
    "subject_unit": null,
    "options": [
      {
        "option_number": 1,
        "option_text": "0",
        "option_image": "[]",
        "is_correct": false
      },
      {
        "option_number": 2,
        "option_text": "\\(\\frac{V}{2}\\)",
        "option_image": "[]",
        "is_correct": false
      },
      {
        "option_number": 3,
        "option_text": "\\(\\frac{V}{3}\\)",
        "option_image": "[]",
        "is_correct": false
      },
      {
        "option_number": 4,
        "option_text": "\\(\\frac{2V}{3}\\)",
        "option_image": "[]",
        "is_correct": false
      },
      {
        "option_number": 5,
        "option_text": "\\(\\frac{V}{3}\\)",
        "option_image": "[]",
        "is_correct": false
      }
    ],
    "answer": null,
    "question_images": [],
    "marks": null,
    "difficulty": "normal"
  },
  {
    "question_number": 7,
    "question_text": "The breaking strain of an aluminium rod is 0.2%. What is the minimum cross-sectional area of the rod to withstand a force of 3.5\\(\\times 10^5\\)N? (Young's modulus of aluminium is 7.0\\(\\times 10^{10}\\)N/m$^2$)",
    "subject_unit": null,
    "options": [
      {
        "option_number": 1,
        "option_text": "2.5\\(\\times 10^{-5}\\)m$^2$",
        "option_image": "[]",
        "is_correct": false
      },
      {
        "option_number": 2,
        "option_text": "3.5\\(\\times 10^{-5}\\)m$^2$",
        "option_image": "[]",
        "is_correct": false
      },
      {
        "option_number": 3,
        "option_text": "5\\(\\times 10^{-5}\\)m$^2$",
        "option_image": "[]",
        "is_correct": false
      },
      {
        "option_number": 4,
        "option_text": "4.0\\(\\times 10^{-5}\\)m$^2$",
        "option_image": "[]",
        "is_correct": false
      },
      {
        "option_number": 5,
        "option_text": "10\\(\\times 10^{-5}\\)m$^2$",
        "option_image": "[]",
        "is_correct": false
      }
    ],
    "answer": null,
    "question_images": [],
    "marks": null,
    "difficulty": "normal"
  },
  {
    "question_number": 8,
    "question_text": "The variation of electric field strength ($E$) with distance ($r$) from the centre of a uniformly charged spherical shell of radius R is given by",
    "subject_unit": null,
    "options": [
      {
        "option_number": 1,
        "option_text": "[]",
        "option_image": "page_10_crop2_class0.jpg",
        "is_correct": false
      },
      {
        "option_number": 2,
        "option_text": "[]",
        "option_image": "page_10_crop7_class0.jpg",
        "is_correct": false
      },
      {
        "option_number": 3,
        "option_text": "[]",
        "option_image": "page_10_crop0_class0.jpg",
        "is_correct": false
      },
      {
        "option_number": 4,
        "option_text": "[]",
        "option_image": "page_10_crop5_class0.jpg",
        "is_correct": false
      },
      {
        "option_number": 5,
        "option_text": "[]",
        "option_image": "page_10_crop1_class0.jpg",
        "is_correct": false
      }
    ],
    "answer": null,
    "question_images": [
      "page_10_crop6_class0.jpg"
    ],
    "marks": null,
    "difficulty": "normal"
  },
  {
    "question_number": 9,
    "question_text": "A 12V battery with internal resistance 2\\(\\Omega\\) is connected to two identical resistors X and Y as shown in the diagram. The current through the battery is 3A. What is the resistance of each resistor?",
    "subject_unit": null,
    "options": [
      {
        "option_number": 1,
        "option_text": "1\\(\\Omega\\)",
        "option_image": "[]",
        "is_correct": false
      },
      {
        "option_number": 2,
        "option_text": "2\\(\\Omega\\)",
        "option_image": "[]",
        "is_correct": false
      },
      {
        "option_number": 3,
        "option_text": "3\\(\\Omega\\)",
        "option_image": "[]",
        "is_correct": false
      },
      {
        "option_number": 4,
        "option_text": "4\\(\\Omega\\)",
        "option_image": "[]",
        "is_correct": false
      },
      {
        "option_number": 5,
        "option_text": "6\\(\\Omega\\)",
        "option_image": "[]",
        "is_correct": false
      }
    ],
    "answer": null,
    "question_images": [
      "page_10_crop4_class0.jpg"
    ],
    "marks": null,
    "difficulty": "normal"
  },
  {
    "question_number": 10,
    "question_text": "Which of the following graphs best represents the variation of current ($I$) with time ($t$) for a current pulse of 10ms duration?",
    "subject_unit": null,
    "options": [
      {
        "option_number": 1,
        "option_text": "[]",
        "option_image": "page_11_crop6_class0.jpg",
        "is_correct": false
      },
      {
        "option_number": 2,
        "option_text": "[]",
        "option_image": "page_11_crop5_class0.jpg",
        "is_correct": false
      },
      {
        "option_number": 3,
        "option_text": "[]",
        "option_image": "page_11_crop3_class0.jpg",
        "is_correct": false
      },
      {
        "option_number": 4,
        "option_text": "[]",
        "option_image": "page_11_crop4_class0.jpg",
        "is_correct": false
      },
      {
        "option_number": 5,
        "option_text": "[]",
        "option_image": "page_11_crop1_class0.jpg",
        "is_correct": false
      }
    ],
    "answer": null,
    "question_images": [],
    "marks": null,
    "difficulty": "normal"
  }
]
```
2025-06-17 14:24:20 - INFO - Parsing JSON content from Gemini response
2025-06-17 14:24:20 - INFO - Saved question 1 to q1.json
2025-06-17 14:24:20 - INFO - Saved question 2 to q2.json
2025-06-17 14:24:20 - INFO - Saved question 3 to q3.json
2025-06-17 14:24:20 - INFO - Saved question 4 to q4.json
2025-06-17 14:24:20 - INFO - Saved question 5 to q5.json
2025-06-17 14:24:20 - INFO - Saved question 6 to q6.json
2025-06-17 14:24:20 - INFO - Saved question 7 to q7.json
2025-06-17 14:24:20 - INFO - Saved question 8 to q8.json
2025-06-17 14:24:20 - INFO - Saved question 9 to q9.json
2025-06-17 14:24:20 - INFO - Saved question 10 to q10.json
2025-06-17 14:24:20 - INFO - Calling Gemini to convert pdf to json
2025-06-17 14:24:37 - DEBUG - Response from Gemini: ```json
[
  {
    "question_number": 44,
    "question_text": "A straight conducting wire $PQ$ of length $l$ and mass $m$ has to be placed at rest on a frictionless insulating inclined plane, which makes an angle $\\theta$ to the horizontal. A uniform magnetic field of flux density $B$ is applied vertically upwards. The direction of current in the wire is from $P$ to $Q$. What is the current $I$ that should pass through the wire in order to keep the wire at rest?",
    "subject_unit": null,
    "options": [
      {
        "option_number": 1,
        "option_text": "$I = \\frac{mg \\sin \\theta}{lB}$ and to $Q$",
        "option_image": "[]",
        "is_correct": false
      },
      {
        "option_number": 2,
        "option_text": "$I = \\frac{mg \\tan \\theta}{lB}$ and to $Q$",
        "option_image": "[]",
        "is_correct": false
      },
      {
        "option_number": 3,
        "option_text": "$I = \\frac{mg \\sin \\theta}{lB}$ and to $P$",
        "option_image": "[]",
        "is_correct": false
      },
      {
        "option_number": 4,
        "option_text": "$I = \\frac{mg \\tan \\theta}{lB}$ and to $P$",
        "option_image": "[]",
        "is_correct": false
      },
      {
        "option_number": 5,
        "option_text": "$I = \\frac{mg}{lB}$ and to $P$",
        "option_image": "[]",
        "is_correct": false
      }
    ],
    "answer": null,
    "question_images": [
      "page_10_crop7_class0.jpg"
    ],
    "marks": null,
    "difficulty": "normal"
  },
  {
    "question_number": 45,
    "question_text": "A solid conducting sphere of radius $2R$ contains a cavity of radius $R$ inside it as shown in the figure. The sphere carries a net charge $+q$. The charge is uniformly distributed in the volume of the conducting sphere. Which of the following graphs best represents the variation of the electric field intensity $E$ with the radial distance $r$ from the centre of the sphere?",
    "subject_unit": null,
    "options": [
      {
        "option_number": 1,
        "option_text": "[]",
        "option_image": "page_10_crop2_class0.jpg",
        "is_correct": false
      },
      {
        "option_number": 2,
        "option_text": "[]",
        "option_image": "page_10_crop6_class0.jpg",
        "is_correct": false
      },
      {
        "option_number": 3,
        "option_text": "[]",
        "option_image": "page_10_crop0_class0.jpg",
        "is_correct": false
      },
      {
        "option_number": 4,
        "option_text": "[]",
        "option_image": "page_10_crop4_class0.jpg",
        "is_correct": false
      },
      {
        "option_number": 5,
        "option_text": "[]",
        "option_image": "page_10_crop1_class0.jpg",
        "is_correct": false
      }
    ],
    "answer": null,
    "question_images": [
      "page_10_crop6_class0.jpg"
    ],
    "marks": null,
    "difficulty": "normal"
  },
  {
    "question_number": 46,
    "question_text": "A battery of e.m.f. 12 V and internal resistance 2 $\\Omega$ is connected to two devices X and Y as shown in the figure. The resistances of X and Y are 6 $\\Omega$ and 3 $\\Omega$ respectively. When the devices are in operation what is the power consumed by each device X and Y respectively?",
    "subject_unit": null,
    "options": [
      {
        "option_number": 1,
        "option_text": "3W, 6W",
        "option_image": "[]",
        "is_correct": false
      },
      {
        "option_number": 2,
        "option_text": "6W, 3W",
        "option_image": "[]",
        "is_correct": false
      },
      {
        "option_number": 3,
        "option_text": "6W, 6W",
        "option_image": "[]",
        "is_correct": false
      },
      {
        "option_number": 4,
        "option_text": "12W, 6W",
        "option_image": "[]",
        "is_correct": false
      },
      {
        "option_number": 5,
        "option_text": "12W, 6W",
        "option_image": "[]",
        "is_correct": false
      }
    ],
    "answer": null,
    "question_images": [
      "page_10_crop4_class0.jpg",
      "page_10_crop3_class0.jpg"
    ],
    "marks": null,
    "difficulty": "normal"
  }
]
```
2025-06-17 14:24:37 - INFO - Parsing JSON content from Gemini response
2025-06-17 14:24:37 - INFO - Saved question 44 to q44.json
2025-06-17 14:24:37 - INFO - Saved question 45 to q45.json
2025-06-17 14:24:37 - INFO - Saved question 46 to q46.json
2025-06-17 14:24:37 - INFO - Calling Gemini to convert pdf to json
2025-06-17 14:24:55 - DEBUG - Response from Gemini: ```json
[
  {
    "question_number": 47,
    "question_text": "A conducting sphere of radius $2r$ is given a charge of $+3Q$. Another uncharged conducting sphere of radius $r$ is touched to the first sphere and then separated. The arrangement is shown in the figure. What is the electrical potential energy of the system now? (Assume that the charge distributions of spheres are uniform and the system is in free space).",
    "subject_unit": null,
    "options": [
      {
        "option_number": 1,
        "option_text": "\\(\\frac{Q^2}{4\\pi\\epsilon_0 r}\\)",
        "option_image": "[]",
        "is_correct": false
      },
      {
        "option_number": 2,
        "option_text": "\\(\\frac{3Q^2}{8\\pi\\epsilon_0 r}\\)",
        "option_image": "[]",
        "is_correct": false
      },
      {
        "option_number": 3,
        "option_text": "\\(\\frac{3Q^2}{16\\pi\\epsilon_0 r}\\)",
        "option_image": "[]",
        "is_correct": false
      },
      {
        "option_number": 4,
        "option_text": "\\(\\frac{30Q^2}{8\\pi\\epsilon_0 r}\\)",
        "option_image": "[]",
        "is_correct": false
      },
      {
        "option_number": 5,
        "option_text": "\\(\\frac{16Q^2}{30\\pi\\epsilon_0 r}\\)",
        "option_image": "[]",
        "is_correct": false
      }
    ],
    "answer": null,
    "question_images": [
      "page_11_crop0_class0.jpg"
    ],
    "marks": null,
    "difficulty": "normal"
  },
  {
    "question_number": 48,
    "question_text": "A ball is thrown vertically upward from the ground. The time duration between the two instances that the ball passes the point at a height of 25 m on its path from the ground is 4 s. What is the initial velocity of the ball? (Neglect air resistance)",
    "subject_unit": null,
    "options": [
      {
        "option_number": 1,
        "option_text": "20 m s$^{-1}$",
        "option_image": "[]",
        "is_correct": false
      },
      {
        "option_number": 2,
        "option_text": "25 m s$^{-1}$",
        "option_image": "[]",
        "is_correct": false
      },
      {
        "option_number": 3,
        "option_text": "30 m s$^{-1}$",
        "option_image": "[]",
        "is_correct": false
      },
      {
        "option_number": 4,
        "option_text": "35 m s$^{-1}$",
        "option_image": "[]",
        "is_correct": false
      },
      {
        "option_number": 5,
        "option_text": "40 m s$^{-1}$",
        "option_image": "[]",
        "is_correct": false
      }
    ],
    "answer": null,
    "question_images": [],
    "marks": null,
    "difficulty": "normal"
  },
  {
    "question_number": 49,
    "question_text": "The figure shows a vertical cross-section of a conical flask filled with water. The height of the water level in the flask is 0.25 m and the radius of the flask at the water level is 0.1 m. The surface of water is exerted by 2.5 \\(\\times\\) 10$^3$ N m$^{-2}$. What is the magnitude of the total force exerted by the water on the inclined surface of the flask? Density of water = 10$^3$ kg m$^{-3}$. (Take $\\pi = 3$)",
    "subject_unit": null,
    "options": [
      {
        "option_number": 1,
        "option_text": "10 N",
        "option_image": "[]",
        "is_correct": false
      },
      {
        "option_number": 2,
        "option_text": "20 N",
        "option_image": "[]",
        "is_correct": false
      },
      {
        "option_number": 3,
        "option_text": "30 N",
        "option_image": "[]",
        "is_correct": false
      },
      {
        "option_number": 4,
        "option_text": "40 N",
        "option_image": "[]",
        "is_correct": false
      },
      {
        "option_number": 5,
        "option_text": "50 N",
        "option_image": "[]",
        "is_correct": false
      }
    ],
    "answer": null,
    "question_images": [
      "page_11_crop1_class0.jpg"
    ],
    "marks": null,
    "difficulty": "normal"
  },
  {
    "question_number": 50,
    "question_text": "An equilateral triangular conducting loop passes a region of uniform magnetic field of flux density $B$ at a uniform velocity $v$. The variation of the current $I$ induced by the magnetic field in the loop with time ($t$) is best represented by",
    "subject_unit": null,
    "options": [
      {
        "option_number": 1,
        "option_text": "[]",
        "option_image": "page_11_crop6_class0.jpg",
        "is_correct": false
      },
      {
        "option_number": 2,
        "option_text": "[]",
        "option_image": "page_11_crop5_class0.jpg",
        "is_correct": false
      },
      {
        "option_number": 3,
        "option_text": "[]",
        "option_image": "page_11_crop4_class0.jpg",
        "is_correct": false
      },
      {
        "option_number": 4,
        "option_text": "[]",
        "option_image": "page_11_crop3_class0.jpg",
        "is_correct": false
      },
      {
        "option_number": 5,
        "option_text": "[]",
        "option_image": "page_11_crop2_class0.jpg",
        "is_correct": false
      }
    ],
    "answer": null,
    "question_images": [],
    "marks": null,
    "difficulty": "normal"
  }
]
```
2025-06-17 14:24:55 - INFO - Parsing JSON content from Gemini response
2025-06-17 14:24:55 - INFO - Saved question 47 to q47.json
2025-06-17 14:24:55 - INFO - Saved question 48 to q48.json
2025-06-17 14:24:55 - INFO - Saved question 49 to q49.json
2025-06-17 14:24:55 - INFO - Saved question 50 to q50.json
2025-06-17 14:24:55 - INFO - Calling Gemini to convert pdf to json
2025-06-17 14:25:10 - DEBUG - Response from Gemini: ```json
[
  {
    "question_number": 8,
    "question_text": "What is the charge of a down quark ($d$)? The elementary charge is $e$.",
    "subject_unit": null,
    "options": [
      {
        "option_number": 1,
        "option_text": "+$e$",
        "option_image": "[]",
        "is_correct": false
      },
      {
        "option_number": 2,
        "option_text": "+$\\frac{2}{3}e$",
        "option_image": "[]",
        "is_correct": false
      },
      {
        "option_number": 3,
        "option_text": "-$\\frac{1}{3}e$",
        "option_image": "[]",
        "is_correct": true
      },
      {
        "option_number": 4,
        "option_text": "-$\\frac{2}{3}e$",
        "option_image": "[]",
        "is_correct": false
      },
      {
        "option_number": 5,
        "option_text": "-$e$",
        "option_image": "[]",
        "is_correct": false
      }
    ],
    "answer": null,
    "question_images": [],
    "marks": null,
    "difficulty": "normal"
  },
  {
    "question_number": 9,
    "question_text": "The figure shows a composite string made of same material. The cross-sectional area of string $B$ is twice that of string $A$. The other end of the string $B$ is attached to a fixed wall. If both strings are under same tension which of the following graphs best represents the variation of speed $v$ of transverse waves generated in strings with distance $x$?",
    "subject_unit": null,
    "options": [
      {
        "option_number": 1,
        "option_text": "[]",
        "option_image": "page_2_crop4_class0.jpg",
        "is_correct": false
      },
      {
        "option_number": 2,
        "option_text": "[]",
        "option_image": "page_2_crop0_class0.jpg",
        "is_correct": false
      },
      {
        "option_number": 3,
        "option_text": "[]",
        "option_image": "page_2_crop1_class0.jpg",
        "is_correct": true
      },
      {
        "option_number": 4,
        "option_text": "[]",
        "option_image": "page_2_crop2_class0.jpg",
        "is_correct": false
      },
      {
        "option_number": 5,
        "option_text": "[]",
        "option_image": "page_2_crop3_class0.jpg",
        "is_correct": false
      }
    ],
    "answer": null,
    "question_images": [],
    "marks": null,
    "difficulty": "normal"
  },
  {
    "question_number": 10,
    "question_text": "The given circuit is equivalent to a",
    "subject_unit": null,
    "options": [
      {
        "option_number": 1,
        "option_text": "NOT gate.",
        "option_image": "[]",
        "is_correct": false
      },
      {
        "option_number": 2,
        "option_text": "OR gate.",
        "option_image": "[]",
        "is_correct": false
      },
      {
        "option_number": 3,
        "option_text": "AND gate.",
        "option_image": "[]",
        "is_correct": true
      },
      {
        "option_number": 4,
        "option_text": "NOR gate.",
        "option_image": "[]",
        "is_correct": false
      },
      {
        "option_number": 5,
        "option_text": "EXOR gate.",
        "option_image": "[]",
        "is_correct": false
      }
    ],
    "answer": null,
    "question_images": [],
    "marks": null,
    "difficulty": "normal"
  },
  {
    "question_number": 11,
    "question_text": "An object is placed in front of a concave lens as shown in the figure. The paths of the refracted rays emitting from point A of the object are",
    "subject_unit": null,
    "options": [
      {
        "option_number": 1,
        "option_text": "$P$ only",
        "option_image": "[]",
        "is_correct": false
      },
      {
        "option_number": 2,
        "option_text": "$Q$, $R$ and $S$ only.",
        "option_image": "[]",
        "is_correct": false
      },
      {
        "option_number": 3,
        "option_text": "$P$, $Q$ and $R$ only.",
        "option_image": "[]",
        "is_correct": false
      },
      {
        "option_number": 4,
        "option_text": "$P$, $Q$, $R$ and $S$ only.",
        "option_image": "[]",
        "is_correct": true
      },
      {
        "option_number": 5,
        "option_text": "all $P$, $Q$, $R$ and $S$.",
        "option_image": "[]",
        "is_correct": false
      }
    ],
    "answer": null,
    "question_images": [],
    "marks": null,
    "difficulty": "normal"
  }
]
```
2025-06-17 14:25:10 - INFO - Parsing JSON content from Gemini response
2025-06-17 14:25:10 - INFO - Saved question 8 to q8.json
2025-06-17 14:25:10 - INFO - Saved question 9 to q9.json
2025-06-17 14:25:10 - INFO - Saved question 10 to q10.json
2025-06-17 14:25:10 - INFO - Saved question 11 to q11.json
2025-06-17 14:25:10 - INFO - Calling Gemini to convert pdf to json
2025-06-17 14:25:23 - DEBUG - Response from Gemini: ```json
[
  {
    "question_number": 12,
    "question_text": "The displacement-time ($s$-$t$) graph for the motion of an object is shown in the figure. The corresponding velocity-time ($v$-$t$) graph would be best represented by,",
    "subject_unit": null,
    "options": [
      {
        "option_number": 1,
        "option_text": "[]",
        "option_image": "page_3_crop4_class0.jpg",
        "is_correct": false
      },
      {
        "option_number": 2,
        "option_text": "[]",
        "option_image": "page_3_crop8_class0.jpg",
        "is_correct": false
      },
      {
        "option_number": 3,
        "option_text": "[]",
        "option_image": "page_3_crop5_class0.jpg",
        "is_correct": false
      },
      {
        "option_number": 4,
        "option_text": "[]",
        "option_image": "page_3_crop2_class0.jpg",
        "is_correct": false
      },
      {
        "option_number": 5,
        "option_text": "[]",
        "option_image": "page_3_crop6_class0.jpg",
        "is_correct": false
      }
    ],
    "answer": null,
    "question_images": [
      "page_3_crop9_class0.jpg"
    ],
    "marks": null,
    "difficulty": "normal"
  },
  {
    "question_number": 13,
    "question_text": "An object A moving in a circular path at a uniform angular velocity is shown in the figure. The variation of the object on the $x$ axis with time ($t$) is best represented by,",
    "subject_unit": null,
    "options": [
      {
        "option_number": 1,
        "option_text": "[]",
        "option_image": "page_3_crop3_class0.jpg",
        "is_correct": false
      },
      {
        "option_number": 2,
        "option_text": "[]",
        "option_image": "page_3_crop7_class0.jpg",
        "is_correct": false
      },
      {
        "option_number": 3,
        "option_text": "[]",
        "option_image": "page_3_crop10_class0.jpg",
        "is_correct": false
      },
      {
        "option_number": 4,
        "option_text": "[]",
        "option_image": "page_3_crop14_class0.jpg",
        "is_correct": false
      },
      {
        "option_number": 5,
        "option_text": "[]",
        "option_image": "page_3_crop1_class0.jpg",
        "is_correct": false
      }
    ],
    "answer": null,
    "question_images": [
      "page_3_crop0_class0.jpg"
    ],
    "marks": null,
    "difficulty": "normal"
  }
]
```
2025-06-17 14:25:23 - INFO - Parsing JSON content from Gemini response
2025-06-17 14:25:23 - INFO - Saved question 12 to q12.json
2025-06-17 14:25:23 - INFO - Saved question 13 to q13.json
2025-06-17 14:25:23 - INFO - Calling Gemini to convert pdf to json
2025-06-17 14:25:44 - DEBUG - Response from Gemini: ```json
[
  {
    "question_number": 14,
    "question_text": "Water rises in a long vertical capillary tube to a height of 2.0 cm. When the tube is inclined at an angle $60^\\circ$ with the vertical, what is the length of the water column in the tube?",
    "subject_unit": null,
    "options": [
      {
        "option_number": 1,
        "option_text": "10 cm",
        "option_image": "[]",
        "is_correct": false
      },
      {
        "option_number": 2,
        "option_text": "20 cm",
        "option_image": "[]",
        "is_correct": false
      },
      {
        "option_number": 3,
        "option_text": "2.3 cm",
        "option_image": "[]",
        "is_correct": false
      },
      {
        "option_number": 4,
        "option_text": "3.4 cm",
        "option_image": "[]",
        "is_correct": false
      },
      {
        "option_number": 5,
        "option_text": "4.0 cm",
        "option_image": "[]",
        "is_correct": false
      }
    ],
    "answer": null,
    "question_images": [],
    "marks": null,
    "difficulty": "normal"
  },
  {
    "question_number": 15,
    "question_text": "Consider the following statements regarding the moment of inertia of a body:",
    "subject_unit": null,
    "options": [
      {
        "option_number": "A",
        "option_text": "It depends on mass of the body.",
        "option_image": "[]",
        "is_correct": false
      },
      {
        "option_number": "B",
        "option_text": "It depends on mass distribution of the body.",
        "option_image": "[]",
        "is_correct": false
      },
      {
        "option_number": "C",
        "option_text": "It depends on angular velocity of the body.",
        "option_image": "[]",
        "is_correct": false
      }
    ],
    "answer": null,
    "question_images": [],
    "marks": null,
    "difficulty": "normal"
  },
  {
    "question_number": 16,
    "question_text": "A liquid of density $\\rho$ flowing at speed $v$ through a horizontal tube of cross-sectional area A strikes a vertical wall perpendicularly and flows down along the wall without recoil. The force exerted on the wall by the liquid is",
    "subject_unit": null,
    "options": [
      {
        "option_number": 1,
        "option_text": "$3\\rho Av^2$",
        "option_image": "[]",
        "is_correct": false
      },
      {
        "option_number": 2,
        "option_text": "$2\\rho Av^2$",
        "option_image": "[]",
        "is_correct": false
      },
      {
        "option_number": 3,
        "option_text": "$\\rho Av^2$",
        "option_image": "[]",
        "is_correct": false
      },
      {
        "option_number": 4,
        "option_text": "$9\\rho Av^2$",
        "option_image": "[]",
        "is_correct": false
      },
      {
        "option_number": 5,
        "option_text": "$18\\rho Av^2$",
        "option_image": "[]",
        "is_correct": false
      }
    ],
    "answer": null,
    "question_images": [],
    "marks": null,
    "difficulty": "normal"
  },
  {
    "question_number": 17,
    "question_text": "Two point charges $+4q$ and $-q$ are fixed at distance y apart as shown in the figure. Another point charge $+q$ does not experience a net electric force when it is kept along the same line at distance x from $+4q$. The relation between x and y is given by",
    "subject_unit": null,
    "options": [
      {
        "option_number": 1,
        "option_text": "$x = y$",
        "option_image": "[]",
        "is_correct": false
      },
      {
        "option_number": 2,
        "option_text": "$x = 2y$",
        "option_image": "[]",
        "is_correct": false
      },
      {
        "option_number": 3,
        "option_text": "$2x = y$",
        "option_image": "[]",
        "is_correct": false
      },
      {
        "option_number": 4,
        "option_text": "$x = 2y$",
        "option_image": "[]",
        "is_correct": false
      },
      {
        "option_number": 5,
        "option_text": "$2x = y$",
        "option_image": "[]",
        "is_correct": false
      }
    ],
    "answer": null,
    "question_images": [
      "page_4_crop6_class0.jpg"
    ],
    "marks": null,
    "difficulty": "normal"
  },
  {
    "question_number": 18,
    "question_text": "A block placed on a horizontal frictionless table is attached to mass $m$ by a light inextensible string that passes over a pulley as shown in the figure. When released from rest, mass $m$ descends. The tensions in the string are $T_1$ and $T_2$ as marked, which of the following is true?",
    "subject_unit": null,
    "options": [
      {
        "option_number": 1,
        "option_text": "$m g > T_1 > T_2$",
        "option_image": "[]",
        "is_correct": false
      },
      {
        "option_number": 2,
        "option_text": "$m g = T_1 = T_2$",
        "option_image": "[]",
        "is_correct": false
      },
      {
        "option_number": 3,
        "option_text": "$m g > T_1 = T_2$",
        "option_image": "[]",
        "is_correct": false
      },
      {
        "option_number": 4,
        "option_text": "$m g = T_1 > T_2$",
        "option_image": "[]",
        "is_correct": false
      },
      {
        "option_number": 5,
        "option_text": "$m g = T_1 > T_2$",
        "option_image": "[]",
        "is_correct": false
      }
    ],
    "answer": null,
    "question_images": [
      "page_4_crop5_class0.jpg"
    ],
    "marks": null,
    "difficulty": "normal"
  },
  {
    "question_number": 19,
    "question_text": "The variation of product (PV) of pressure and volume with pressure (P) for a fixed mass of an ideal gas at constant temperature is best represented by",
    "subject_unit": null,
    "options": [
      {
        "option_number": 1,
        "option_text": "[]",
        "option_image": "page_4_crop1_class0.jpg",
        "is_correct": false
      },
      {
        "option_number": 2,
        "option_text": "[]",
        "option_image": "page_4_crop2_class0.jpg",
        "is_correct": false
      },
      {
        "option_number": 3,
        "option_text": "[]",
        "option_image": "page_4_crop4_class0.jpg",
        "is_correct": false
      },
      {
        "option_number": 4,
        "option_text": "[]",
        "option_image": "page_4_crop0_class0.jpg",
        "is_correct": false
      },
      {
        "option_number": 5,
        "option_text": "[]",
        "option_image": "page_4_crop3_class0.jpg",
        "is_correct": false
      }
    ],
    "answer": null,
    "question_images": [],
    "marks": null,
    "difficulty": "normal"
  }
]
```
2025-06-17 14:25:44 - INFO - Parsing JSON content from Gemini response
2025-06-17 14:25:44 - INFO - Saved question 14 to q14.json
2025-06-17 14:25:44 - INFO - Saved question 15 to q15.json
2025-06-17 14:25:44 - INFO - Saved question 16 to q16.json
2025-06-17 14:25:44 - INFO - Saved question 17 to q17.json
2025-06-17 14:25:44 - INFO - Saved question 18 to q18.json
2025-06-17 14:25:44 - INFO - Saved question 19 to q19.json
2025-06-17 14:25:44 - INFO - Calling Gemini to convert pdf to json
2025-06-17 14:26:09 - DEBUG - Response from Gemini: ```json
[
  {
    "question_number": 20,
    "question_text": "The diameter and mean density of Jupiter are 11 times and $\\frac{1}{5}$ times respectively to that of Earth. If the gravitational intensity at the surface of Earth is $10 \\text{ Nkg}^{-1}$, what is the gravitational intensity at the surface of Jupiter?",
    "subject_unit": null,
    "options": [
      {
        "option_number": 1,
        "option_text": "$27.5 \\text{ N kg}^{-1}$",
        "option_image": "[]",
        "is_correct": false
      },
      {
        "option_number": 2,
        "option_text": "$440 \\text{ N kg}^{-1}$",
        "option_image": "[]",
        "is_correct": false
      },
      {
        "option_number": 3,
        "option_text": "$48.4 \\text{ N kg}^{-1}$",
        "option_image": "[]",
        "is_correct": false
      },
      {
        "option_number": 4,
        "option_text": "$110 \\text{ N kg}^{-1}$",
        "option_image": "[]",
        "is_correct": false
      },
      {
        "option_number": 5,
        "option_text": "$440 \\text{ N kg}^{-1}$",
        "option_image": "[]",
        "is_correct": false
      }
    ],
    "answer": null,
    "question_images": [],
    "marks": null,
    "difficulty": "normal"
  },
  {
    "question_number": 21,
    "question_text": "A composite solid cylinder consisting parts A and B is made from materials whose densities are $600 \\text{ kg m}^{-3}$ and $2000 \\text{ kg m}^{-3}$ respectively. The cylinder has a cross sectional area of $100 \\text{ cm}^2$ and floats in water of density $1000 \\text{ kg m}^{-3}$ as shown in the figure. What is the height (h) of the cylinder under water?",
    "subject_unit": null,
    "options": [
      {
        "option_number": 1,
        "option_text": "$7.4 \\text{ cm}$",
        "option_image": "[]",
        "is_correct": false
      },
      {
        "option_number": 2,
        "option_text": "$5.4 \\text{ cm}$",
        "option_image": "[]",
        "is_correct": false
      },
      {
        "option_number": 3,
        "option_text": "$26 \\text{ cm}$",
        "option_image": "[]",
        "is_correct": false
      },
      {
        "option_number": 4,
        "option_text": "$8 \\text{ cm}$",
        "option_image": "[]",
        "is_correct": false
      },
      {
        "option_number": 5,
        "option_text": "$90 \\text{ cm}$",
        "option_image": "[]",
        "is_correct": false
      }
    ],
    "answer": null,
    "question_images": [
      "page_5_crop1_class0.jpg"
    ],
    "marks": null,
    "difficulty": "normal"
  },
  {
    "question_number": 22,
    "question_text": "If the doping concentrations of emitter, base and collector of a bipolar junction transistor are $n_e$, $n_b$ and $n_c$ respectively which of the following is true?",
    "subject_unit": null,
    "options": [
      {
        "option_number": 1,
        "option_text": "$n_e < n_b < n_c$",
        "option_image": "[]",
        "is_correct": false
      },
      {
        "option_number": 2,
        "option_text": "$n_c < n_b < n_e$",
        "option_image": "[]",
        "is_correct": false
      },
      {
        "option_number": 3,
        "option_text": "$n_e > n_b > n_c$",
        "option_image": "[]",
        "is_correct": false
      },
      {
        "option_number": 4,
        "option_text": "$n_e = n_b = n_c$",
        "option_image": "[]",
        "is_correct": false
      },
      {
        "option_number": 5,
        "option_text": "$n_c = n_b = n_e$",
        "option_image": "[]",
        "is_correct": false
      }
    ],
    "answer": null,
    "question_images": [],
    "marks": null,
    "difficulty": "normal"
  },
  {
    "question_number": 23,
    "question_text": "Consider the circuit shown in the figure. The internal resistance of the 12 V cell is negligible and the centre zero voltmeter is ideal. What is the value of the voltmeter reading?",
    "subject_unit": null,
    "options": [
      {
        "option_number": 1,
        "option_text": "$+5 \\text{ V}$",
        "option_image": "[]",
        "is_correct": false
      },
      {
        "option_number": 2,
        "option_text": "$+3 \\text{ V}$",
        "option_image": "[]",
        "is_correct": false
      },
      {
        "option_number": 3,
        "option_text": "$-5 \\text{ V}$",
        "option_image": "[]",
        "is_correct": false
      },
      {
        "option_number": 4,
        "option_text": "$-3 \\text{ V}$",
        "option_image": "[]",
        "is_correct": false
      },
      {
        "option_number": 5,
        "option_text": "$0 \\text{ V}$",
        "option_image": "[]",
        "is_correct": false
      }
    ],
    "answer": null,
    "question_images": [
      "page_5_crop0_class0.jpg"
    ],
    "marks": null,
    "difficulty": "normal"
  },
  {
    "question_number": 24,
    "question_text": "When a plate \texttt{PQRS}T is hanging freely from point X it balances as shown \texttt{FIGURE} (1). When hanging freely from Y it balances as shown in \texttt{FIGURE} (2). The centre of gravity of the plate is most likely to be found at",
    "subject_unit": null,
    "options": [
      {
        "option_number": 1,
        "option_text": "A",
        "option_image": "[]",
        "is_correct": false
      },
      {
        "option_number": 2,
        "option_text": "B",
        "option_image": "[]",
        "is_correct": false
      },
      {
        "option_number": 3,
        "option_text": "C",
        "option_image": "[]",
        "is_correct": false
      },
      {
        "option_number": 4,
        "option_text": "D",
        "option_image": "[]",
        "is_correct": false
      },
      {
        "option_number": 5,
        "option_text": "E",
        "option_image": "[]",
        "is_correct": false
      }
    ],
    "answer": null,
    "question_images": [
      "page_5_crop2_class0.jpg",
      "page_5_crop3_class0.jpg"
    ],
    "marks": null,
    "difficulty": "normal"
  },
  {
    "question_number": 25,
    "question_text": "Wind generated by cyclone Burevi passed across a region in Sri Lanka with speed of $30 \\text{ m s}^{-2}$. If the wind had passed over a roof of a house with effective cross-sectional area of $100 \\text{ m}^2$, what was the lifting force on the roof due to wind? (Assume that air inside the house was still and the density of air is $1.3 \\text{ kg m}^{-3}$)",
    "subject_unit": null,
    "options": [
      {
        "option_number": 1,
        "option_text": "$5.85 \\times 10^5 \\text{ N}$",
        "option_image": "[]",
        "is_correct": false
      },
      {
        "option_number": 2,
        "option_text": "$5.85 \\times 10^4 \\text{ N}$",
        "option_image": "[]",
        "is_correct": false
      },
      {
        "option_number": 3,
        "option_text": "$7.61 \\times 10^4 \\text{ N}$",
        "option_image": "[]",
        "is_correct": false
      },
      {
        "option_number": 4,
        "option_text": "$1.17 \\times 10^5 \\text{ N}$",
        "option_image": "[]",
        "is_correct": false
      },
      {
        "option_number": 5,
        "option_text": "$1.95 \\times 10^5 \\text{ N}$",
        "option_image": "[]",
        "is_correct": false
      }
    ],
    "answer": null,
    "question_images": [],
    "marks": null,
    "difficulty": "normal"
  }
]
```
2025-06-17 14:26:09 - INFO - Parsing JSON content from Gemini response
2025-06-17 14:26:09 - INFO - Saved question 20 to q20.json
2025-06-17 14:26:09 - INFO - Saved question 21 to q21.json
2025-06-17 14:26:09 - INFO - Saved question 22 to q22.json
2025-06-17 14:26:09 - INFO - Saved question 23 to q23.json
2025-06-17 14:26:09 - INFO - Saved question 24 to q24.json
2025-06-17 14:26:09 - INFO - Saved question 25 to q25.json
2025-06-17 14:26:09 - INFO - Calling Gemini to convert pdf to json
2025-06-17 14:26:28 - DEBUG - Response from Gemini: ```json
[
  {
    "question_number": 26,
    "question_text": "A small spherical liquid drop of radius $r$ and density $\\rho$ falls with terminal velocity $v$ in still air. The coefficient of viscosity of air is $\\eta$ and the density of air can be neglected. Consider the following statements regarding the terminal velocity $v$ of the droplet.\n(A) It is directly proportional to $r^2$.\n(B) It is directly proportional to $\\rho$.\n(C) It is inversely proportional to $\\eta$.",
    "subject_unit": null,
    "options": [
      {
        "option_number": 1,
        "option_text": "Only (A) is true.",
        "option_image": "[]",
        "is_correct": false
      },
      {
        "option_number": 2,
        "option_text": "Only (B) is true.",
        "option_image": "[]",
        "is_correct": false
      },
      {
        "option_number": 3,
        "option_text": "Only (A) and (B) are true.",
        "option_image": "[]",
        "is_correct": false
      },
      {
        "option_number": 4,
        "option_text": "Only (B) and (C) are true.",
        "option_image": "[]",
        "is_correct": false
      },
      {
        "option_number": 5,
        "option_text": "All (A), (B) and (C) are true.",
        "option_image": "[]",
        "is_correct": false
      }
    ],
    "answer": null,
    "question_images": [],
    "marks": null,
    "difficulty": "normal"
  },
  {
    "question_number": 27,
    "question_text": "Consider the following statements made regarding electromagnetic (EM) waves.\n(A) They can be transverse or longitudinal.\n(B) They require a medium to propagate.\n(C) They are not deflected by electric or magnetic field.",
    "subject_unit": null,
    "options": [
      {
        "option_number": 1,
        "option_text": "Only (A) is true.",
        "option_image": "[]",
        "is_correct": false
      },
      {
        "option_number": 2,
        "option_text": "Only (B) is true.",
        "option_image": "[]",
        "is_correct": false
      },
      {
        "option_number": 3,
        "option_text": "Only (A) and (B) are true.",
        "option_image": "[]",
        "is_correct": false
      },
      {
        "option_number": 4,
        "option_text": "Only (B) and (C) are true.",
        "option_image": "[]",
        "is_correct": false
      },
      {
        "option_number": 5,
        "option_text": "All (A), (B) and (C) are true.",
        "option_image": "[]",
        "is_correct": false
      }
    ],
    "answer": null,
    "question_images": [],
    "marks": null,
    "difficulty": "normal"
  },
  {
    "question_number": 28,
    "question_text": "When uranium nucleus $^{235}_{92}U$ is bombarded with a slow neutron ($n$), the following nuclear reaction may take place:\n$^{235}_{92}U + ^1_0n \\rightarrow ^{131}_{52}Te + ^{102}_{40}Zr + x n + y p$",
    "subject_unit": null,
    "options": [
      {
        "option_number": 1,
        "option_text": "The values of $x$ and $y$ are respectively (2 and 2)",
        "option_image": "[]",
        "is_correct": false
      },
      {
        "option_number": 2,
        "option_text": "(4 and 2)",
        "option_image": "[]",
        "is_correct": false
      },
      {
        "option_number": 3,
        "option_text": "(48 and 3)",
        "option_image": "[]",
        "is_correct": false
      },
      {
        "option_number": 4,
        "option_text": "(49 and 2)",
        "option_image": "[]",
        "is_correct": false
      },
      {
        "option_number": 5,
        "option_text": "(49 and 3)",
        "option_image": "[]",
        "is_correct": false
      }
    ],
    "answer": null,
    "question_images": [],
    "marks": null,
    "difficulty": "normal"
  },
  {
    "question_number": 29,
    "question_text": "A metal surface is illuminated with monochromatic light red and yellow light separately. Consider the following statements.\n(A) If red light ejects photoelectrons, then blue light should also eject photoelectrons.\n(B) If yellow light ejects photoelectrons, then red light should also eject photoelectrons.\n(C) If blue light ejects photoelectrons, then red light should also eject photoelectrons.",
    "subject_unit": null,
    "options": [
      {
        "option_number": 1,
        "option_text": "Only (A) is true.",
        "option_image": "[]",
        "is_correct": false
      },
      {
        "option_number": 2,
        "option_text": "Only (B) is true.",
        "option_image": "[]",
        "is_correct": false
      },
      {
        "option_number": 3,
        "option_text": "Only (A) and (C) are true.",
        "option_image": "[]",
        "is_correct": false
      },
      {
        "option_number": 4,
        "option_text": "Only (B) and (C) are true.",
        "option_image": "[]",
        "is_correct": false
      },
      {
        "option_number": 5,
        "option_text": "All (A), (B) and (C) are true.",
        "option_image": "[]",
        "is_correct": false
      }
    ],
    "answer": null,
    "question_images": [],
    "marks": null,
    "difficulty": "normal"
  },
  {
    "question_number": 30,
    "question_text": "Air is trapped in a well-insulated container by a frictionless piston as shown in the figure. The air is heated by a coil of resistance 100 $\\Omega$ carrying a current of 1 A for 15 s. The initial volume of air is 0.4 $m^3$ to 0.5 $m^3$ at a constant pressure of 150 kPa during the heating process. The change in internal energy of the air is",
    "subject_unit": null,
    "options": [
      {
        "option_number": 1,
        "option_text": "5 kJ",
        "option_image": "[]",
        "is_correct": false
      },
      {
        "option_number": 2,
        "option_text": "15 kJ",
        "option_image": "[]",
        "is_correct": false
      },
      {
        "option_number": 3,
        "option_text": "30 kJ",
        "option_image": "[]",
        "is_correct": false
      },
      {
        "option_number": 4,
        "option_text": "45 kJ",
        "option_image": "[]",
        "is_correct": false
      },
      {
        "option_number": 5,
        "option_text": "60 kJ",
        "option_image": "[]",
        "is_correct": false
      }
    ],
    "answer": null,
    "question_images": [
      "page_6_crop0_class0.jpg"
    ],
    "marks": null,
    "difficulty": "normal"
  }
]
```
2025-06-17 14:26:28 - INFO - Parsing JSON content from Gemini response
2025-06-17 14:26:28 - INFO - Saved question 26 to q26.json
2025-06-17 14:26:28 - INFO - Saved question 27 to q27.json
2025-06-17 14:26:28 - INFO - Saved question 28 to q28.json
2025-06-17 14:26:28 - INFO - Saved question 29 to q29.json
2025-06-17 14:26:28 - INFO - Saved question 30 to q30.json
2025-06-17 14:26:28 - INFO - Calling Gemini to convert pdf to json
2025-06-17 14:26:48 - DEBUG - Response from Gemini: ```json
[
  {
    "question_number": 31,
    "question_text": "A student used the potentiometer circuit shown in the figure to determine the internal resistance ($r$) of cell $E$. When key $K$ is opened, the balance length is 600 cm and when the key $K$ is closed, the balance length is 500 cm. What is the internal resistance of the cell $E$? ",
    "subject_unit": null,
    "options": [
      {
        "option_number": 1,
        "option_text": "$10 \\Omega$",
        "option_image": "[]",
        "is_correct": false
      },
      {
        "option_number": 2,
        "option_text": "$12 \\Omega$",
        "option_image": "[]",
        "is_correct": false
      },
      {
        "option_number": 3,
        "option_text": "$20 \\Omega$",
        "option_image": "[]",
        "is_correct": false
      },
      {
        "option_number": 4,
        "option_text": "$50 \\Omega$",
        "option_image": "[]",
        "is_correct": false
      },
      {
        "option_number": 5,
        "option_text": "$60 \\Omega$",
        "option_image": "[]",
        "is_correct": false
      }
    ],
    "answer": null,
    "question_images": [
      "page_7_crop0_class0.jpg"
    ],
    "marks": null,
    "difficulty": "normal"
  },
  {
    "question_number": 32,
    "question_text": "Three capacitors each of capacitance $C$ are connected to a battery and a key $K$ as shown in the figure. Initially the key $K$ is closed. Once the capacitors are fully charged, the key $K$ is opened. If the potential difference across the battery is $V$, the total charge of the capacitors in the circuit is",
    "subject_unit": null,
    "options": [
      {
        "option_number": 1,
        "option_text": "decreased by $CV$",
        "option_image": "[]",
        "is_correct": false
      },
      {
        "option_number": 2,
        "option_text": "not changed.",
        "option_image": "[]",
        "is_correct": false
      },
      {
        "option_number": 3,
        "option_text": "decreased by $\frac{1}{2}CV$",
        "option_image": "[]",
        "is_correct": false
      },
      {
        "option_number": 4,
        "option_text": "increased by $CV$",
        "option_image": "[]",
        "is_correct": false
      },
      {
        "option_number": 5,
        "option_text": "increased by $\frac{3}{2}CV$",
        "option_image": "[]",
        "is_correct": false
      }
    ],
    "answer": null,
    "question_images": [
      "page_7_crop3_class0.jpg"
    ],
    "marks": null,
    "difficulty": "normal"
  },
  {
    "question_number": 33,
    "question_text": "Three long straight conducting wires $A$, $B$ and $C$ are kept at the three vertices of a square as shown in the figure. They are parallel to each other and carry equal currents of $I$ directed out of the plane of the paper. The direction of the resultant magnetic flux density at point $D$ is given by",
    "subject_unit": null,
    "options": [
      {
        "option_number": 1,
        "option_text": "$a$",
        "option_image": "[]",
        "is_correct": false
      },
      {
        "option_number": 2,
        "option_text": "$b$",
        "option_image": "[]",
        "is_correct": false
      },
      {
        "option_number": 3,
        "option_text": "$c$",
        "option_image": "[]",
        "is_correct": false
      },
      {
        "option_number": 4,
        "option_text": "$d$",
        "option_image": "[]",
        "is_correct": false
      },
      {
        "option_number": 5,
        "option_text": "$e$",
        "option_image": "[]",
        "is_correct": false
      }
    ],
    "answer": null,
    "question_images": [
      "page_7_crop2_class0.jpg"
    ],
    "marks": null,
    "difficulty": "normal"
  },
  {
    "question_number": 34,
    "question_text": "A uniform magnet field of flux density ($B$) 1 T and a uniform electric field of field intensity ($E$) 300 V/m are parallel to each other in a region as shown in the figure. A particle of charge $+q$ enters into the region with velocity $v$ perpendicular to the field. The particle moves in the plane of the paper. The magnitude of the resultant force acting on the particle is",
    "subject_unit": null,
    "options": [
      {
        "option_number": 1,
        "option_text": "$0$",
        "option_image": "[]",
        "is_correct": false
      },
      {
        "option_number": 2,
        "option_text": "$100q$",
        "option_image": "[]",
        "is_correct": false
      },
      {
        "option_number": 3,
        "option_text": "$300q$",
        "option_image": "[]",
        "is_correct": false
      },
      {
        "option_number": 4,
        "option_text": "$500q$",
        "option_image": "[]",
        "is_correct": false
      },
      {
        "option_number": 5,
        "option_text": "$700q$",
        "option_image": "[]",
        "is_correct": false
      }
    ],
    "answer": null,
    "question_images": [
      "page_7_crop1_class0.jpg"
    ],
    "marks": null,
    "difficulty": "normal"
  },
  {
    "question_number": 35,
    "question_text": "A monochromatic ray of light falls on the surface of a glass sphere with incident angle $60^\circ$ as shown in the figure. Refractive index of glass is $\sqrt{3}$. The total angle of deviation of the emerging ray from the sphere is",
    "subject_unit": null,
    "options": [
      {
        "option_number": 1,
        "option_text": "$60^\circ$",
        "option_image": "[]",
        "is_correct": false
      },
      {
        "option_number": 2,
        "option_text": "$30^\circ$",
        "option_image": "[]",
        "is_correct": false
      },
      {
        "option_number": 3,
        "option_text": "$0^\circ$",
        "option_image": "[]",
        "is_correct": false
      },
      {
        "option_number": 4,
        "option_text": "$90^\circ$",
        "option_image": "[]",
        "is_correct": false
      },
      {
        "option_number": 5,
        "option_text": "$180^\circ$",
        "option_image": "[]",
        "is_correct": false
      }
    ],
    "answer": null,
    "question_images": [
      "page_7_crop4_class0.jpg"
    ],
    "marks": null,
    "difficulty": "normal"
  }
]
```
2025-06-17 14:26:48 - INFO - Parsing JSON content from Gemini response
2025-06-17 14:26:48 - INFO - Saved question 31 to q31.json
2025-06-17 14:26:48 - INFO - Saved question 32 to q32.json
2025-06-17 14:26:48 - INFO - Saved question 33 to q33.json
2025-06-17 14:26:48 - INFO - Saved question 34 to q34.json
2025-06-17 14:26:48 - INFO - Saved question 35 to q35.json
2025-06-17 14:26:48 - INFO - Calling Gemini to convert pdf to json
2025-06-17 14:27:07 - DEBUG - Response from Gemini: ```json
[
  {
    "question_number": 36,
    "question_text": "An equilateral triangle is constructed using three rods having same cross-sectional area as shown in the figure. All the rods are perfectly lagged. Thermal conductivity of the internal material is twice that of the external material. The temperatures of A, B and C are maintained at 100 \u00b0C and 0\u00b0C, respectively. At the steady state,",
    "subject_unit": null,
    "options": [
      {
        "option_number": 1,
        "option_text": "$\dfrac{1}{25}$",
        "option_image": "[]",
        "is_correct": false
      },
      {
        "option_number": 2,
        "option_text": "$\dfrac{2}{5}$",
        "option_image": "[]",
        "is_correct": false
      },
      {
        "option_number": 3,
        "option_text": "$\dfrac{1}{5}$",
        "option_image": "[]",
        "is_correct": false
      },
      {
        "option_number": 4,
        "option_text": "$\dfrac{4}{5}$",
        "option_image": "[]",
        "is_correct": false
      },
      {
        "option_number": 5,
        "option_text": "$\dfrac{2}{5}$",
        "option_image": "[]",
        "is_correct": false
      }
    ],
    "answer": null,
    "question_images": [
      "page_8_crop1_class0.jpg"
    ],
    "marks": null,
    "difficulty": "normal"
  },
  {
    "question_number": 37,
    "question_text": "Consider the following statements about an astronomical telescope and a compound microscope.",
    "subject_unit": null,
    "options": [
      {
        "option_number": 1,
        "option_text": "(A) only",
        "option_image": "[]",
        "is_correct": false
      },
      {
        "option_number": 2,
        "option_text": "(B) only",
        "option_image": "[]",
        "is_correct": false
      },
      {
        "option_number": 3,
        "option_text": "(A) and (B) only",
        "option_image": "[]",
        "is_correct": false
      },
      {
        "option_number": 4,
        "option_text": "(B) and (C) only",
        "option_image": "[]",
        "is_correct": false
      },
      {
        "option_number": 5,
        "option_text": "(A), (B) and (C)",
        "option_image": "[]",
        "is_correct": false
      }
    ],
    "answer": null,
    "question_images": [],
    "marks": null,
    "difficulty": "normal"
  },
  {
    "question_number": 38,
    "question_text": "A flywheel of moment of inertia 4 kg m$^2$ is rotated with uniform angular speed of 10 rad s$^{-1}$ by a motor of power 20 W. When the motor is switched off, an angular deceleration of the flywheel is",
    "subject_unit": null,
    "options": [
      {
        "option_number": 1,
        "option_text": "1 rad s$^{-2}$",
        "option_image": "[]",
        "is_correct": false
      },
      {
        "option_number": 2,
        "option_text": "2 rad s$^{-2}$",
        "option_image": "[]",
        "is_correct": false
      },
      {
        "option_number": 3,
        "option_text": "25 rad s$^{-2}$",
        "option_image": "[]",
        "is_correct": false
      },
      {
        "option_number": 4,
        "option_text": "200 rad s$^{-2}$",
        "option_image": "[]",
        "is_correct": false
      },
      {
        "option_number": 5,
        "option_text": "400 rad s$^{-2}$",
        "option_image": "[]",
        "is_correct": false
      }
    ],
    "answer": null,
    "question_images": [],
    "marks": null,
    "difficulty": "normal"
  },
  {
    "question_number": 39,
    "question_text": "A sound source S emits sound of constant frequency $f$. An observer O travels in the direction shown at a speed of 0.1$u$ where $u$ is the speed of sound in air. Which of the following gives the correct relationship between the frequency $f'$ of the sound heard when the observer is travelling towards the source?",
    "subject_unit": null,
    "options": [
      {
        "option_number": 1,
        "option_text": "$f' = f$",
        "option_image": "[]",
        "is_correct": false
      },
      {
        "option_number": 2,
        "option_text": "$f' = 1.1f$",
        "option_image": "[]",
        "is_correct": false
      },
      {
        "option_number": 3,
        "option_text": "$f' < 1.1f$",
        "option_image": "[]",
        "is_correct": false
      },
      {
        "option_number": 4,
        "option_text": "$f' = 0.9f$",
        "option_image": "[]",
        "is_correct": false
      },
      {
        "option_number": 5,
        "option_text": "$f' > 0.9f$",
        "option_image": "[]",
        "is_correct": false
      }
    ],
    "answer": null,
    "question_images": [
      "page_8_crop2_class0.jpg"
    ],
    "marks": null,
    "difficulty": "normal"
  },
  {
    "question_number": 40,
    "question_text": "Sixteen 1 $\Omega$ resistors are connected as shown in the figure. If a battery of negligible internal resistance and e.m.f. 8 V is connected between A and B, the current drawn from the battery is",
    "subject_unit": null,
    "options": [
      {
        "option_number": 1,
        "option_text": "1 A",
        "option_image": "[]",
        "is_correct": false
      },
      {
        "option_number": 2,
        "option_text": "2 A",
        "option_image": "[]",
        "is_correct": false
      },
      {
        "option_number": 3,
        "option_text": "3 A",
        "option_image": "[]",
        "is_correct": false
      },
      {
        "option_number": 4,
        "option_text": "4 A",
        "option_image": "[]",
        "is_correct": false
      },
      {
        "option_number": 5,
        "option_text": "5 A",
        "option_image": "[]",
        "is_correct": false
      }
    ],
    "answer": null,
    "question_images": [
      "page_8_crop0_class0.jpg"
    ],
    "marks": null,
    "difficulty": "normal"
  }
]
```
2025-06-17 14:27:07 - INFO - Parsing JSON content from Gemini response
2025-06-17 14:27:07 - INFO - Saved question 36 to q36.json
2025-06-17 14:27:07 - INFO - Saved question 37 to q37.json
2025-06-17 14:27:07 - INFO - Saved question 38 to q38.json
2025-06-17 14:27:07 - INFO - Saved question 39 to q39.json
2025-06-17 14:27:07 - INFO - Saved question 40 to q40.json
2025-06-17 14:27:07 - INFO - Calling Gemini to convert pdf to json
2025-06-17 14:27:22 - DEBUG - Response from Gemini: ```json
[
  {
    "question_number": 41,
    "question_text": "Two light rays of red and blue colour are made to pass separately through a glass prism of refracting angle 60\u00b0. If both rays suffer minimum deviation while passing the prism, which of the following relations between the refractive indices ($\mu_r$) of red and ($\mu_b$) of blue and the angle of refraction of the blue ray ($r_b$) at the surface of incidence of the prism is true and the angle of the prism is 30\u00b0?",
    "subject_unit": null,
    "options": [
      {
        "option_number": 1,
        "option_text": "$\\mu_r = \\mu_b = 30^\\circ$",
        "option_image": "[]",
        "is_correct": false
      },
      {
        "option_number": 2,
        "option_text": "$\\mu_r = \\mu_b = 60^\\circ$",
        "option_image": "[]",
        "is_correct": false
      },
      {
        "option_number": 3,
        "option_text": "$\\mu_r = \\mu_b = 30^\\circ$",
        "option_image": "[]",
        "is_correct": false
      },
      {
        "option_number": 4,
        "option_text": "$\\mu_r = \\mu_b$",
        "option_image": "[]",
        "is_correct": false
      },
      {
        "option_number": 5,
        "option_text": "$\\mu_r \\neq \\mu_b$",
        "option_image": "[]",
        "is_correct": false
      }
    ],
    "answer": null,
    "question_images": [],
    "marks": null,
    "difficulty": "normal"
  },
  {
    "question_number": 42,
    "question_text": "An open copper vessel of mass 20 kg is at a temperature of 150 $^\\circ$C. Water of mass 0.1 kg at 20 $^\\circ$C is poured into the vessel. The temperature of the mixture is 100 $^\\circ$C. Assume that there is no loss of heat to the surroundings. (Take specific heat capacity of copper = 40 x 10$^2$ J kg$^{-1}$ K$^{-1}$; specific heat capacity of water 4.0 x 10$^3$ J kg$^{-1}$ K$^{-1}$; specific latent heat of vaporization of water 2.5 x 10$^6$ J kg$^{-1}$)",
    "subject_unit": null,
    "options": [
      {
        "option_number": 1,
        "option_text": "1 g",
        "option_image": "[]",
        "is_correct": false
      },
      {
        "option_number": 2,
        "option_text": "2 g",
        "option_image": "[]",
        "is_correct": false
      },
      {
        "option_number": 3,
        "option_text": "3 g",
        "option_image": "[]",
        "is_correct": false
      },
      {
        "option_number": 4,
        "option_text": "4 g",
        "option_image": "[]",
        "is_correct": false
      },
      {
        "option_number": 5,
        "option_text": "5 g",
        "option_image": "[]",
        "is_correct": false
      }
    ],
    "answer": null,
    "question_images": [],
    "marks": null,
    "difficulty": "normal"
  },
  {
    "question_number": 43,
    "question_text": "A conducting ring is connected to a circuit as shown in the figure. Point A is fixed, but point B can be moved along the ring so that the angle \\(\\theta\\) changes. The cell and the ammeter are ideal. Which of the following graphs best represents the variation of the ammeter reading \\(I\\) with the angle \\(\\theta\\)?",
    "subject_unit": null,
    "options": [
      {
        "option_number": 1,
        "option_text": "[]",
        "option_image": "page_9_crop2_class0.jpg",
        "is_correct": false
      },
      {
        "option_number": 2,
        "option_text": "[]",
        "option_image": "page_9_crop4_class0.jpg",
        "is_correct": false
      },
      {
        "option_number": 3,
        "option_text": "[]",
        "option_image": "page_9_crop0_class0.jpg",
        "is_correct": false
      },
      {
        "option_number": 4,
        "option_text": "[]",
        "option_image": "page_9_crop1_class0.jpg",
        "is_correct": false
      },
      {
        "option_number": 5,
        "option_text": "[]",
        "option_image": "page_9_crop5_class0.jpg",
        "is_correct": false
      }
    ],
    "answer": null,
    "question_images": [
      "page_9_crop3_class0.jpg"
    ],
    "marks": null,
    "difficulty": "normal"
  }
]
```
2025-06-17 14:27:22 - INFO - Parsing JSON content from Gemini response
2025-06-17 14:27:22 - INFO - Saved question 41 to q41.json
2025-06-17 14:27:22 - INFO - Saved question 42 to q42.json
2025-06-17 14:27:22 - INFO - Saved question 43 to q43.json
2025-06-17 14:27:22 - DEBUG - Write | Json | ./data/Gold/2021-AL-Physics-All-English/mcq/questions
2025-06-17 14:27:22 - INFO - Converted questions to JSON

2025-06-17 14:27:22 - INFO - Metadata for 2021-AL-Physics-All-English written to ./data/metadata/2021-AL-Physics-All-English.json
2025-06-17 14:27:22 - DEBUG - Metadata content: {
  "pdf": "2021-AL-Physics-All-English.pdf",
  "progress": 3,
  "steps": {
    "bronze_to_silver": {
      "status": "done",
      "source_layer": "Bronze",
      "source_path": "./data/Bronze/2021-AL-Physics-All-English.pdf",
      "target_layer": "Silver",
      "target_path": "./data/Silver/2021-AL-Physics-All-English",
      "timestamp": "2025-06-13T22:45:24.846097"
    },
    "silver_to_gold_i": {
      "status": "done",
      "source_layer": "Silver",
      "source_path": "./data/Silver/2021-AL-Physics-All-English",
      "target_layer": "Gold_Images",
      "target_path": "./data/Gold/2021-AL-Physics-All-English",
      "timestamp": "2025-06-13T22:45:34.430484"
    },
    "silver_gold_to_gold_q": {
      "status": "done",
      "source_layer": "Silver + Gold_Images",
      "source_path": "./data/Silver/2021-AL-Physics-All-English, ./data/Gold/2021-AL-Physics-All-English",
      "target_layer": "Gold_Questions",
      "target_path": "./data/Gold/2021-AL-Physics-All-English",
      "timestamp": "2025-06-17T14:27:22.265242"
    }
  },
  "last_modified": "2025-06-17T14:27:22.265249"
}
2025-06-17 14:27:22 - INFO - Converted page_3_crop9_class0.jpg to base64
2025-06-17 14:27:22 - INFO - Converted page_3_crop0_class0.jpg to base64
2025-06-17 14:27:22 - INFO - Converted page_4_crop6_class0.jpg to base64
2025-06-17 14:27:22 - INFO - Converted page_4_crop5_class0.jpg to base64
2025-06-17 14:27:22 - INFO - Converted page_5_crop1_class0.jpg to base64
2025-06-17 14:27:22 - INFO - Converted page_5_crop0_class0.jpg to base64
2025-06-17 14:27:22 - INFO - Converted page_5_crop2_class0.jpg to base64
2025-06-17 14:27:22 - INFO - Converted page_5_crop3_class0.jpg to base64
2025-06-17 14:27:22 - INFO - Converted page_6_crop0_class0.jpg to base64
2025-06-17 14:27:22 - INFO - Converted page_7_crop0_class0.jpg to base64
2025-06-17 14:27:22 - INFO - Converted page_7_crop3_class0.jpg to base64
2025-06-17 14:27:22 - INFO - Converted page_7_crop2_class0.jpg to base64
2025-06-17 14:27:22 - INFO - Converted page_7_crop1_class0.jpg to base64
2025-06-17 14:27:22 - INFO - Converted page_7_crop4_class0.jpg to base64
2025-06-17 14:27:22 - INFO - Converted page_8_crop1_class0.jpg to base64
2025-06-17 14:27:22 - INFO - Converted page_8_crop2_class0.jpg to base64
2025-06-17 14:27:22 - INFO - Converted page_8_crop0_class0.jpg to base64
2025-06-17 14:27:22 - INFO - Converted page_9_crop3_class0.jpg to base64
2025-06-17 14:27:22 - INFO - Converted page_10_crop7_class0.jpg to base64
2025-06-17 14:27:22 - INFO - Converted page_10_crop6_class0.jpg to base64
2025-06-17 14:27:22 - INFO - Converted page_10_crop4_class0.jpg to base64
2025-06-17 14:27:22 - INFO - Converted page_10_crop3_class0.jpg to base64
2025-06-17 14:27:22 - INFO - Converted page_11_crop0_class0.jpg to base64
2025-06-17 14:27:22 - INFO - Converted page_11_crop1_class0.jpg to base64
2025-06-17 14:27:22 - INFO - Cleaned 50 questions into ./data/primary/2021-AL-Physics-All-English\mcq.json
2025-06-17 14:27:22 - INFO - Cleaned JSONs and converted images to base64

2025-06-17 14:27:22 - INFO - Metadata for 2021-AL-Physics-All-English written to ./data/metadata/2021-AL-Physics-All-English.json
2025-06-17 14:27:22 - DEBUG - Metadata content: {
  "pdf": "2021-AL-Physics-All-English.pdf",
  "progress": 4,
  "steps": {
    "bronze_to_silver": {
      "status": "done",
      "source_layer": "Bronze",
      "source_path": "./data/Bronze/2021-AL-Physics-All-English.pdf",
      "target_layer": "Silver",
      "target_path": "./data/Silver/2021-AL-Physics-All-English",
      "timestamp": "2025-06-13T22:45:24.846097"
    },
    "silver_to_gold_i": {
      "status": "done",
      "source_layer": "Silver",
      "source_path": "./data/Silver/2021-AL-Physics-All-English",
      "target_layer": "Gold_Images",
      "target_path": "./data/Gold/2021-AL-Physics-All-English",
      "timestamp": "2025-06-13T22:45:34.430484"
    },
    "silver_gold_to_gold_q": {
      "status": "done",
      "source_layer": "Silver + Gold_Images",
      "source_path": "./data/Silver/2021-AL-Physics-All-English, ./data/Gold/2021-AL-Physics-All-English",
      "target_layer": "Gold_Questions",
      "target_path": "./data/Gold/2021-AL-Physics-All-English",
      "timestamp": "2025-06-17T14:27:22.265242"
    },
    "gold_to_primary": {
      "status": "done",
      "source_layer": "Gold",
      "source_path": "./data/Gold/2021-AL-Physics-All-English",
      "target_layer": "Primary",
      "target_path": "./data/primary/2021-AL-Physics-All-English",
      "timestamp": "2025-06-17T14:27:22.561469"
    }
  },
  "last_modified": "2025-06-17T14:27:22.561475"
}
2025-06-17 14:27:22 - INFO - Finished processing 2021-AL-Physics-All-English.


2025-06-17 14:27:22 - INFO - Main script completed successfully.
