2025-06-17 13:48:51 - INFO - Main script started


2025-06-17 13:48:51 - INFO - Processing 2016-AL-Physics-All-English

2025-06-17 13:48:51 - DEBUG - Bronze path: ./data/Bronze/2016-AL-Physics-All-English.pdf
2025-06-17 13:48:51 - DEBUG - Silver path: ./data/Silver/2016-AL-Physics-All-English
2025-06-17 13:48:51 - DEBUG - Gold path: ./data/Gold/2016-AL-Physics-All-English
2025-06-17 13:48:51 - DEBUG - Primary path: ./data/primary/2016-AL-Physics-All-English
2025-06-17 13:48:52 - INFO - Current progress for 2016-AL-Physics-All-English: 2.
2025-06-17 13:48:52 - INFO - Steps remaining for 2016-AL-Physics-All-English: silver_gold_to_gold_q, gold_to_primary

2025-06-17 13:48:52 - INFO - Converting 2016-AL-Physics-All-English to JSON
2025-06-17 13:48:52 - INFO - Processing question type: mcq
2025-06-17 13:48:52 - DEBUG - Read | Pages | ./data/Silver/2016-AL-Physics-All-English/mcq
2025-06-17 13:48:52 - DEBUG - Read | Images | ./data/Gold/2016-AL-Physics-All-English/mcq/images
2025-06-17 13:48:52 - INFO - Calling Gemini to convert pdf to json
2025-06-17 13:49:18 - DEBUG - Response from Gemini: ```json
[
  {
    "question_number": 1,
    "question_text": "The SI unit used to measure the activity of a radioactive source is",
    "subject_unit": null,
    "options": [
      {
        "option_number": 1,
        "option_text": "$Bq$",
        "option_image": "[]",
        "is_correct": null
      },
      {
        "option_number": 2,
        "option_text": "$Gy$",
        "option_image": "[]",
        "is_correct": null
      },
      {
        "option_number": 3,
        "option_text": "$J$",
        "option_image": "[]",
        "is_correct": null
      },
      {
        "option_number": 4,
        "option_text": "$Bq^{-1}$",
        "option_image": "[]",
        "is_correct": null
      },
      {
        "option_number": 5,
        "option_text": "$Sv$",
        "option_image": "[]",
        "is_correct": null
      }
    ],
    "answer": null,
    "question_images": [],
    "marks": null,
    "difficulty": "normal"
  },
  {
    "question_number": 2,
    "question_text": "The percentage error of a certain length measurement has to be kept below 1\\%. If the error in the measurement of the length is 0.1 cm, the minimum length to be measured is",
    "subject_unit": null,
    "options": [
      {
        "option_number": 1,
        "option_text": "1 cm",
        "option_image": "[]",
        "is_correct": null
      },
      {
        "option_number": 2,
        "option_text": "2 cm",
        "option_image": "[]",
        "is_correct": null
      },
      {
        "option_number": 3,
        "option_text": "10 cm",
        "option_image": "[]",
        "is_correct": null
      },
      {
        "option_number": 4,
        "option_text": "4 cm",
        "option_image": "[]",
        "is_correct": null
      },
      {
        "option_number": 5,
        "option_text": "10 m",
        "option_image": "[]",
        "is_correct": null
      }
    ],
    "answer": null,
    "question_images": [],
    "marks": null,
    "difficulty": "normal"
  },
  {
    "question_number": 3,
    "question_text": "A certain liquid-in-glass thermometer with a uniform bore has been calibrated using the boiling point of water and the melting point of ice. Of the following properties, what is the most essential property that the liquid must possess?",
    "subject_unit": null,
    "options": [
      {
        "option_number": 1,
        "option_text": "high thermal conductivity",
        "option_image": "[]",
        "is_correct": null
      },
      {
        "option_number": 2,
        "option_text": "low specific heat capacity",
        "option_image": "[]",
        "is_correct": null
      },
      {
        "option_number": 3,
        "option_text": "high volume expansivity",
        "option_image": "[]",
        "is_correct": null
      },
      {
        "option_number": 4,
        "option_text": "uniform volume expansion",
        "option_image": "[]",
        "is_correct": null
      },
      {
        "option_number": 5,
        "option_text": "low vapour pressure",
        "option_image": "[]",
        "is_correct": null
      }
    ],
    "answer": null,
    "question_images": [],
    "marks": null,
    "difficulty": "normal"
  },
  {
    "question_number": 4,
    "question_text": "Which of the following is not true regarding electromagnetic waves?",
    "subject_unit": null,
    "options": [
      {
        "option_number": 1,
        "option_text": "They are transverse waves.",
        "option_image": "[]",
        "is_correct": null
      },
      {
        "option_number": 2,
        "option_text": "They can travel through vacuum.",
        "option_image": "[]",
        "is_correct": null
      },
      {
        "option_number": 3,
        "option_text": "Speed does not depend on the medium of propagation.",
        "option_image": "[]",
        "is_correct": null
      },
      {
        "option_number": 4,
        "option_text": "Electric and magnetic fields are perpendicular to each other.",
        "option_image": "[]",
        "is_correct": null
      },
      {
        "option_number": 5,
        "option_text": "Can be reflected at the boundary between two media.",
        "option_image": "[]",
        "is_correct": null
      }
    ],
    "answer": null,
    "question_images": [],
    "marks": null,
    "difficulty": "normal"
  },
  {
    "question_number": 5,
    "question_text": "A student has suggested the following three methods (A), (B) and (C) to increase the voltage sensitivity of a potentiometer wire.",
    "subject_unit": null,
    "options": [
      {
        "option_number": 1,
        "option_text": "Increasing the length of the wire.",
        "option_image": "[]",
        "is_correct": null
      },
      {
        "option_number": 2,
        "option_text": "Increasing the voltage applied across the wire.",
        "option_image": "[]",
        "is_correct": null
      },
      {
        "option_number": 3,
        "option_text": "Increasing the resistance of the wire.",
        "option_image": "[]",
        "is_correct": null
      },
      {
        "option_number": 4,
        "option_text": "Only A and B are correct.",
        "option_image": "[]",
        "is_correct": null
      },
      {
        "option_number": 5,
        "option_text": "Only A, B and C are correct.",
        "option_image": "[]",
        "is_correct": null
      }
    ],
    "answer": null,
    "question_images": [],
    "marks": null,
    "difficulty": "normal"
  },
  {
    "question_number": 6,
    "question_text": "In a certain transformer there are 360 turns in the primary coil and 30 turns in the secondary coil. Which of the following voltage changes can be achieved by this transformer?",
    "subject_unit": null,
    "options": [
      {
        "option_number": 1,
        "option_text": "240 V AC voltage to 12 V DC voltage.",
        "option_image": "[]",
        "is_correct": null
      },
      {
        "option_number": 2,
        "option_text": "240 V AC voltage to 20 V AC voltage.",
        "option_image": "[]",
        "is_correct": null
      },
      {
        "option_number": 3,
        "option_text": "240 V DC voltage to 20 V AC voltage.",
        "option_image": "[]",
        "is_correct": null
      },
      {
        "option_number": 4,
        "option_text": "240 V AC voltage to 2880 V DC voltage.",
        "option_image": "[]",
        "is_correct": null
      },
      {
        "option_number": 5,
        "option_text": "240 V DC voltage to 2880 V DC voltage.",
        "option_image": "[]",
        "is_correct": null
      }
    ],
    "answer": null,
    "question_images": [],
    "marks": null,
    "difficulty": "normal"
  },
  {
    "question_number": 7,
    "question_text": "[]",
    "subject_unit": null,
    "options": [
      {
        "option_number": 1,
        "option_text": "[]",
        "option_image": "page_10_crop1_class0.jpg",
        "is_correct": null
      },
      {
        "option_number": 2,
        "option_text": "[]",
        "option_image": "page_10_crop2_class0.jpg",
        "is_correct": null
      },
      {
        "option_number": 3,
        "option_text": "[]",
        "option_image": "[]",
        "is_correct": null
      },
      {
        "option_number": 4,
        "option_text": "[]",
        "option_image": "[]",
        "is_correct": null
      },
      {
        "option_number": 5,
        "option_text": "[]",
        "option_image": "[]",
        "is_correct": null
      }
    ],
    "answer": null,
    "question_images": [
      "page_10_crop0_class0.jpg"
    ],
    "marks": null,
    "difficulty": "normal"
  }
]
```
2025-06-17 13:49:18 - INFO - Parsing JSON content from Gemini response
2025-06-17 13:49:18 - INFO - Saved question 1 to q1.json
2025-06-17 13:49:18 - INFO - Saved question 2 to q2.json
2025-06-17 13:49:18 - INFO - Saved question 3 to q3.json
2025-06-17 13:49:18 - INFO - Saved question 4 to q4.json
2025-06-17 13:49:18 - INFO - Saved question 5 to q5.json
2025-06-17 13:49:18 - INFO - Saved question 6 to q6.json
2025-06-17 13:49:18 - INFO - Saved question 7 to q7.json
2025-06-17 13:49:18 - INFO - Calling Gemini to convert pdf to json
2025-06-17 13:49:29 - DEBUG - Response from Gemini: ```json
[
  {
    "question_number": 49,
    "question_text": "Three long and straight wires carrying equal currents $I$ are held in fixed positions $A$, $B$ and $C$ perpendicular to the plane of the paper as shown in the figure, where $OA = OB = 1$ m. If the currents in the wires at $x_0$ and $y_0$ are set up and held perpendicular to the plane of the paper, at points $x_0$ and $y_0$ where $x_0 = 2$ m and $y_0 = 2$ m. Which of the following currents set up in the wires at $x_0$ and $y_0$ will produce a resultant magnetic field of magnitude zero at positive $y$-direction at the point $O$.",
    "subject_unit": null,
    "options": [
      {
        "option_number": 1,
        "option_text": "$3I \\odot$",
        "option_image": "[]",
        "is_correct": false
      },
      {
        "option_number": 2,
        "option_text": "$4I \\odot$",
        "option_image": "[]",
        "is_correct": false
      },
      {
        "option_number": 3,
        "option_text": "$4I \\otimes$",
        "option_image": "[]",
        "is_correct": false
      },
      {
        "option_number": 4,
        "option_text": "$4I \\otimes$",
        "option_image": "[]",
        "is_correct": false
      },
      {
        "option_number": 5,
        "option_text": "$6I \\odot$",
        "option_image": "[]",
        "is_correct": false
      }
    ],
    "answer": null,
    "question_images": [
      "page_10_crop0_class0.jpg",
      "page_10_crop1_class0.jpg"
    ],
    "marks": null,
    "difficulty": "normal"
  },
  {
    "question_number": 50,
    "question_text": "A particle of mass $m$ is attached to one end of a light elastic string of force constant $k$ and unstretched length $l$. The other end of the string is fixed at the point $O$. The particle is held at the position $y = 0$ with a velocity $v_0$. The particle is then projected vertically downwards from the position $y = 0$ with the velocity $v_0$. Neglect the air resistance. After passing through its lowest point in the path, the particle will again come to rest momentarily at a point whose $y$ coordinate is",
    "subject_unit": null,
    "options": [
      {
        "option_number": 1,
        "option_text": "$\\frac{mv_0^2}{2k} + 2l$",
        "option_image": "[]",
        "is_correct": false
      },
      {
        "option_number": 2,
        "option_text": "$\\frac{mv_0^2}{2k} + 2l$",
        "option_image": "[]",
        "is_correct": false
      },
      {
        "option_number": 3,
        "option_text": "$\\frac{mv_0^2}{2k} + l$",
        "option_image": "[]",
        "is_correct": false
      },
      {
        "option_number": 4,
        "option_text": "$\\frac{mv_0^2}{2k} + l$",
        "option_image": "[]",
        "is_correct": false
      },
      {
        "option_number": 5,
        "option_text": "$\\frac{mv_0^2}{2k} + l$",
        "option_image": "[]",
        "is_correct": false
      }
    ],
    "answer": null,
    "question_images": [
      "page_10_crop2_class0.jpg"
    ],
    "marks": null,
    "difficulty": "normal"
  }
]
```
2025-06-17 13:49:29 - INFO - Parsing JSON content from Gemini response
2025-06-17 13:49:29 - INFO - Saved question 49 to q49.json
2025-06-17 13:49:29 - INFO - Saved question 50 to q50.json
2025-06-17 13:49:29 - INFO - Calling Gemini to convert pdf to json
2025-06-17 13:49:53 - DEBUG - Response from Gemini: ```json
[
  {
    "question_number": 7,
    "question_text": "Of the following sets of internal resistances given, the set of internal resistances that suits best for an ammeter and a voltmeter to have in order to measure the current and the voltage across a 1 k$\Omega$ resistor of the circuit shown is",
    "subject_unit": null,
    "options": [
      {
        "option_number": 1,
        "option_text": "1 $\Omega$",
        "option_image": "[]",
        "is_correct": false
      },
      {
        "option_number": 2,
        "option_text": "5 $\Omega$",
        "option_image": "[]",
        "is_correct": false
      },
      {
        "option_number": 3,
        "option_text": "1 $\Omega$",
        "option_image": "[]",
        "is_correct": false
      },
      {
        "option_number": 4,
        "option_text": "20 $\Omega$",
        "option_image": "[]",
        "is_correct": false
      },
      {
        "option_number": 5,
        "option_text": "5 $\Omega$",
        "option_image": "[]",
        "is_correct": false
      }
    ],
    "answer": null,
    "question_images": [
      "page_2_crop1_class0.jpg",
      "page_2_crop6_class0.jpg"
    ],
    "marks": null,
    "difficulty": "normal"
  },
  {
    "question_number": 8,
    "question_text": "Which of the following is not a result of surface tension?",
    "subject_unit": null,
    "options": [
      {
        "option_number": 1,
        "option_text": "Formation of water on water surfaces without sinking",
        "option_image": "[]",
        "is_correct": false
      },
      {
        "option_number": 2,
        "option_text": "Capillary rise of water",
        "option_image": "[]",
        "is_correct": false
      },
      {
        "option_number": 3,
        "option_text": "Ability of insects to walk on water",
        "option_image": "[]",
        "is_correct": false
      },
      {
        "option_number": 4,
        "option_text": "Escaping of water molecules from water surfaces",
        "option_image": "[]",
        "is_correct": false
      },
      {
        "option_number": 5,
        "option_text": "The energy does not propagate along a standing wave on a stretched string",
        "option_image": "[]",
        "is_correct": false
      }
    ],
    "answer": null,
    "question_images": [],
    "marks": null,
    "difficulty": "normal"
  },
  {
    "question_number": 9,
    "question_text": "Consider the following statements made about the standing wave on a stretched string. \nOf the above statements,",
    "subject_unit": null,
    "options": [
      {
        "option_number": 1,
        "option_text": "only A is true.",
        "option_image": "[]",
        "is_correct": false
      },
      {
        "option_number": 2,
        "option_text": "only B is true.",
        "option_image": "[]",
        "is_correct": false
      },
      {
        "option_number": 3,
        "option_text": "only A and C are true.",
        "option_image": "[]",
        "is_correct": false
      },
      {
        "option_number": 4,
        "option_text": "only B and C are true.",
        "option_image": "[]",
        "is_correct": false
      },
      {
        "option_number": 5,
        "option_text": "A, B and C are true.",
        "option_image": "[]",
        "is_correct": false
      }
    ],
    "answer": null,
    "question_images": [],
    "marks": null,
    "difficulty": "normal"
  },
  {
    "question_number": 10,
    "question_text": "Which of the following gates operate according to the truth table given?",
    "subject_unit": null,
    "options": [
      {
        "option_number": 1,
        "option_text": "P only",
        "option_image": "[]",
        "is_correct": false
      },
      {
        "option_number": 2,
        "option_text": "P and R only",
        "option_image": "[]",
        "is_correct": false
      },
      {
        "option_number": 3,
        "option_text": "P, Q and R",
        "option_image": "[]",
        "is_correct": false
      },
      {
        "option_number": 4,
        "option_text": "All P, Q and R",
        "option_image": "[]",
        "is_correct": false
      },
      {
        "option_number": 5,
        "option_text": "Q and R only",
        "option_image": "[]",
        "is_correct": false
      }
    ],
    "answer": null,
    "question_images": [
      "page_2_crop4_class0.jpg",
      "page_2_crop8_class0.jpg"
    ],
    "marks": null,
    "difficulty": "normal"
  },
  {
    "question_number": 11,
    "question_text": "Which of the figures shown correctly indicates the polarities of potential difference that have to be applied across the junctions shown in order to operate the transistor properly",
    "subject_unit": null,
    "options": [
      {
        "option_number": 1,
        "option_text": "in A only",
        "option_image": "[]",
        "is_correct": false
      },
      {
        "option_number": 2,
        "option_text": "in B only",
        "option_image": "[]",
        "is_correct": false
      },
      {
        "option_number": 3,
        "option_text": "in C only",
        "option_image": "[]",
        "is_correct": false
      },
      {
        "option_number": 4,
        "option_text": "in A and C only",
        "option_image": "[]",
        "is_correct": false
      },
      {
        "option_number": 5,
        "option_text": "in B and C only",
        "option_image": "[]",
        "is_correct": false
      }
    ],
    "answer": null,
    "question_images": [
      "page_2_crop0_class0.jpg"
    ],
    "marks": null,
    "difficulty": "normal"
  },
  {
    "question_number": 12,
    "question_text": "When the body temperature of a person is 35$^\circ$C the peak wavelength of the radiation emitted from the body occurs as 39 $\mu$m. If his body temperature increases to 39$^\circ$C, the peak wavelength will be (Assume that black body radiation conditions can be applied)",
    "subject_unit": null,
    "options": [
      {
        "option_number": 1,
        "option_text": "94 $\mu$m",
        "option_image": "[]",
        "is_correct": false
      },
      {
        "option_number": 2,
        "option_text": "39 $\mu$m",
        "option_image": "[]",
        "is_correct": false
      },
      {
        "option_number": 3,
        "option_text": "77 $\mu$m",
        "option_image": "[]",
        "is_correct": false
      },
      {
        "option_number": 4,
        "option_text": "78 $\mu$m",
        "option_image": "[]",
        "is_correct": false
      },
      {
        "option_number": 5,
        "option_text": "74 $\mu$m",
        "option_image": "[]",
        "is_correct": false
      }
    ],
    "answer": null,
    "question_images": [],
    "marks": null,
    "difficulty": "normal"
  },
  {
    "question_number": 13,
    "question_text": "A moving jet plane can create a maximum sound intensity level of 150 dB. Take the sound intensity at the threshold of hearing as $20 \times 10^{-12}$ W/m$^2$. The maximum intensity of the sound that can be created by the jet plane in W/m$^2$ is",
    "subject_unit": null,
    "options": [
      {
        "option_number": 1,
        "option_text": "100",
        "option_image": "[]",
        "is_correct": false
      },
      {
        "option_number": 2,
        "option_text": "200",
        "option_image": "[]",
        "is_correct": false
      },
      {
        "option_number": 3,
        "option_text": "400",
        "option_image": "[]",
        "is_correct": false
      },
      {
        "option_number": 4,
        "option_text": "800",
        "option_image": "[]",
        "is_correct": false
      },
      {
        "option_number": 5,
        "option_text": "1000",
        "option_image": "[]",
        "is_correct": false
      }
    ],
    "answer": null,
    "question_images": [],
    "marks": null,
    "difficulty": "normal"
  }
]
```
2025-06-17 13:49:53 - INFO - Parsing JSON content from Gemini response
2025-06-17 13:49:53 - INFO - Saved question 7 to q7.json
2025-06-17 13:49:53 - INFO - Saved question 8 to q8.json
2025-06-17 13:49:53 - INFO - Saved question 9 to q9.json
2025-06-17 13:49:53 - INFO - Saved question 10 to q10.json
2025-06-17 13:49:53 - INFO - Saved question 11 to q11.json
2025-06-17 13:49:53 - INFO - Saved question 12 to q12.json
2025-06-17 13:49:53 - INFO - Saved question 13 to q13.json
2025-06-17 13:49:53 - INFO - Calling Gemini to convert pdf to json
2025-06-17 13:50:16 - DEBUG - Response from Gemini: ```json
[
  {
    "question_number": 14,
    "question_text": "When wind blows over the surface of a still lake, a bunch of water hyacinth floating on water as shown in Figure is observed to move in the direction of the wind with a velocity $v$. Consider the following statements regarding about the motion of the bunch:",
    "subject_unit": null,
    "options": [
      {
        "option_number": 1,
        "option_text": "Magnitude of $v$ depends on the mass of the bunch.",
        "option_image": "[]",
        "is_correct": false
      },
      {
        "option_number": 2,
        "option_text": "Magnitude of $v$ depends on the rate at which the momentum is transferred from air molecules to the bunch.",
        "option_image": "[]",
        "is_correct": false
      },
      {
        "option_number": 3,
        "option_text": "Magnitude of $v$ depends on the viscosity of water.",
        "option_image": "[]",
        "is_correct": false
      },
      {
        "option_number": 4,
        "option_text": "Only A and B are true.",
        "option_image": "[]",
        "is_correct": false
      },
      {
        "option_number": 5,
        "option_text": "Only A, B and C are true.",
        "option_image": "[]",
        "is_correct": false
      }
    ],
    "answer": null,
    "question_images": [
      "page_3_crop7_class0.jpg"
    ],
    "marks": null,
    "difficulty": "normal"
  },
  {
    "question_number": 15,
    "question_text": "An object falling vertically in air suddenly explodes into four pieces. Which of the following diagrams shows the possible directions of motion of the pieces immediately after the explosion? (1 = direction of the object before explosion)",
    "subject_unit": null,
    "options": [
      {
        "option_number": 1,
        "option_text": "[]",
        "option_image": "page_3_crop11_class0.jpg",
        "is_correct": false
      },
      {
        "option_number": 2,
        "option_text": "[]",
        "option_image": "page_3_crop9_class0.jpg",
        "is_correct": false
      },
      {
        "option_number": 3,
        "option_text": "[]",
        "option_image": "page_3_crop8_class0.jpg",
        "is_correct": false
      },
      {
        "option_number": 4,
        "option_text": "[]",
        "option_image": "page_3_crop10_class0.jpg",
        "is_correct": false
      },
      {
        "option_number": 5,
        "option_text": "[]",
        "option_image": "page_3_crop2_class0.jpg",
        "is_correct": false
      }
    ],
    "answer": null,
    "question_images": [],
    "marks": null,
    "difficulty": "normal"
  },
  {
    "question_number": 16,
    "question_text": "The two straight lines shown in the displacement ($d$) - time ($t$) graph represent the motions of two objects A and B starting from rest at time $t = 0$ and moving along the same straight line. Which of the following statements made about the motions of the objects is true?",
    "subject_unit": null,
    "options": [
      {
        "option_number": 1,
        "option_text": "The object A has travelled for a longer time than B.",
        "option_image": "[]",
        "is_correct": false
      },
      {
        "option_number": 2,
        "option_text": "Object A has a greater acceleration than B.",
        "option_image": "[]",
        "is_correct": false
      },
      {
        "option_number": 3,
        "option_text": "Both objects have the same velocity at the point where the two straight lines intersect.",
        "option_image": "[]",
        "is_correct": false
      },
      {
        "option_number": 4,
        "option_text": "Object A has a greater made displacement greater than A.",
        "option_image": "[]",
        "is_correct": false
      },
      {
        "option_number": 5,
        "option_text": "Both objects have the same made displacement at $t_0$.",
        "option_image": "[]",
        "is_correct": false
      }
    ],
    "answer": null,
    "question_images": [
      "page_3_crop5_class0.jpg"
    ],
    "marks": null,
    "difficulty": "normal"
  },
  {
    "question_number": 17,
    "question_text": "An elevator of weight 5000 N moves from floor to floor in a 25 m high building. It travels at constant velocity from the second to 12th floor. While moving vertically upwards in a building, it is observed that the power generated by the motor is 12000 N to lift the elevator and the load against gravity while second. However, the weight associated with the motor is",
    "subject_unit": null,
    "options": [
      {
        "option_number": 1,
        "option_text": "20 kW",
        "option_image": "[]",
        "is_correct": false
      },
      {
        "option_number": 2,
        "option_text": "20 kW",
        "option_image": "[]",
        "is_correct": false
      },
      {
        "option_number": 3,
        "option_text": "20 kW",
        "option_image": "[]",
        "is_correct": false
      },
      {
        "option_number": 4,
        "option_text": "60 kW",
        "option_image": "[]",
        "is_correct": false
      },
      {
        "option_number": 5,
        "option_text": "1000 kW",
        "option_image": "[]",
        "is_correct": false
      }
    ],
    "answer": null,
    "question_images": [],
    "marks": null,
    "difficulty": "normal"
  },
  {
    "question_number": 18,
    "question_text": "Three monochromatic light beams A, B and C have the same intensities i.e., energy flow through unit area per second. However, the wavelength associated with beam A is longer than that of B and the frequency associated with beams B is respectively than that of C. The increase in the number of photons crossing a unit area per second with beams A, B and C is respectively",
    "subject_unit": null,
    "options": [
      {
        "option_number": 1,
        "option_text": "$I_A < I_B < I_C$",
        "option_image": "[]",
        "is_correct": false
      },
      {
        "option_number": 2,
        "option_text": "$I_A > I_B > I_C$",
        "option_image": "[]",
        "is_correct": false
      },
      {
        "option_number": 3,
        "option_text": "$I_A = I_B = I_C$",
        "option_image": "[]",
        "is_correct": false
      },
      {
        "option_number": 4,
        "option_text": "$I_A < I_B = I_C$",
        "option_image": "[]",
        "is_correct": false
      },
      {
        "option_number": 5,
        "option_text": "$I_A = I_B < I_C$",
        "option_image": "[]",
        "is_correct": false
      }
    ],
    "answer": null,
    "question_images": [],
    "marks": null,
    "difficulty": "normal"
  },
  {
    "question_number": 19,
    "question_text": "The figure shows the variation of length $l$ of rods of aluminium (Al) and copper (Cu) when their temperature is increased by an amount of $\theta$ from the room temperature or the following graphs best represents the variations of $l_{Al}$ and $l_{Cu}$ with $\theta$ (Linear expansivities of aluminium and copper are $\alpha_{Al}$ and $\alpha_{Cu}$ respectively)",
    "subject_unit": null,
    "options": [
      {
        "option_number": 1,
        "option_text": "[]",
        "option_image": "page_3_crop0_class0.jpg",
        "is_correct": false
      },
      {
        "option_number": 2,
        "option_text": "[]",
        "option_image": "page_3_crop1_class0.jpg",
        "is_correct": false
      },
      {
        "option_number": 3,
        "option_text": "[]",
        "option_image": "page_3_crop2_class0.jpg",
        "is_correct": false
      },
      {
        "option_number": 4,
        "option_text": "[]",
        "option_image": "page_3_crop3_class0.jpg",
        "is_correct": false
      },
      {
        "option_number": 5,
        "option_text": "[]",
        "option_image": "page_3_crop6_class0.jpg",
        "is_correct": false
      }
    ],
    "answer": null,
    "question_images": [],
    "marks": null,
    "difficulty": "normal"
  }
]
```
2025-06-17 13:50:16 - INFO - Parsing JSON content from Gemini response
2025-06-17 13:50:16 - INFO - Saved question 14 to q14.json
2025-06-17 13:50:16 - INFO - Saved question 15 to q15.json
2025-06-17 13:50:16 - INFO - Saved question 16 to q16.json
2025-06-17 13:50:16 - INFO - Saved question 17 to q17.json
2025-06-17 13:50:16 - INFO - Saved question 18 to q18.json
2025-06-17 13:50:16 - INFO - Saved question 19 to q19.json
2025-06-17 13:50:16 - INFO - Calling Gemini to convert pdf to json
2025-06-17 13:50:41 - DEBUG - Response from Gemini: ```json
[
  {
    "question_number": 20,
    "question_text": "During the recent hot season, the night time temperature of a certain room with closed windows in a house made of bricks was observed to be $35^\circ C$. A cooler opened the windows of the room for a few minutes at night and allowed the room to be filled with air person at $27^\circ C$ which was present outside the house. Once a quick time, the temperature of the room was observed to be $33^\circ C$. Which of the following reasons he had proposed to explain the observed effect is most unlikely to be accepted?",
    "subject_unit": null,
    "options": [
      {
        "option_number": 1,
        "option_text": "Low specific heat capacity of air",
        "option_image": "[]",
        "is_correct": false
      },
      {
        "option_number": 2,
        "option_text": "High specific heat capacity of bricks",
        "option_image": "[]",
        "is_correct": false
      },
      {
        "option_number": 3,
        "option_text": "Low thermal conductivity of brick walls",
        "option_image": "[]",
        "is_correct": false
      },
      {
        "option_number": 4,
        "option_text": "Collision of air molecules inside the room",
        "option_image": "[]",
        "is_correct": false
      },
      {
        "option_number": 5,
        "option_text": "Low specific heat capacity of air",
        "option_image": "[]",
        "is_correct": false
      }
    ],
    "answer": null,
    "question_images": [],
    "marks": null,
    "difficulty": "normal"
  },
  {
    "question_number": 21,
    "question_text": "A cube of ice of mass 0 g at $0^\circ C$ is placed in a small metal sphere trapped inside as shown in the figure. The specific latent heat of fusion of ice is 330 kJ/kg. The mass of the metal sphere in kg is approximately 900 g. The specific latent heat to completely melt and form water at $0^\circ C$ this ice cube is",
    "subject_unit": null,
    "options": [
      {
        "option_number": 1,
        "option_text": "110",
        "option_image": "[]",
        "is_correct": false
      },
      {
        "option_number": 2,
        "option_text": "110",
        "option_image": "[]",
        "is_correct": false
      },
      {
        "option_number": 3,
        "option_text": "91",
        "option_image": "[]",
        "is_correct": false
      },
      {
        "option_number": 4,
        "option_text": "110",
        "option_image": "[]",
        "is_correct": false
      },
      {
        "option_number": 5,
        "option_text": "110",
        "option_image": "[]",
        "is_correct": false
      }
    ],
    "answer": null,
    "question_images": [
      "page_4_crop1_class0.jpg"
    ],
    "marks": null,
    "difficulty": "normal"
  },
  {
    "question_number": 22,
    "question_text": "An ideal gas is taken from state a to state b through two paths $acb$ and $adb$ as shown in the $P-V$ diagram. If the amount of heat absorbed along the path $acb$ is 50 J and the amount of heat absorbed along the path $adb$ is 50 J, the amount of heat absorbed by the gas, when taking the path $adb$ is",
    "subject_unit": null,
    "options": [
      {
        "option_number": 1,
        "option_text": "40 J",
        "option_image": "[]",
        "is_correct": false
      },
      {
        "option_number": 2,
        "option_text": "50 J",
        "option_image": "[]",
        "is_correct": false
      },
      {
        "option_number": 3,
        "option_text": "50 J",
        "option_image": "[]",
        "is_correct": false
      },
      {
        "option_number": 4,
        "option_text": "40 J",
        "option_image": "[]",
        "is_correct": false
      },
      {
        "option_number": 5,
        "option_text": "60 J",
        "option_image": "[]",
        "is_correct": false
      }
    ],
    "answer": null,
    "question_images": [
      "page_4_crop0_class0.jpg"
    ],
    "marks": null,
    "difficulty": "normal"
  },
  {
    "question_number": 23,
    "question_text": "If the ratio $\dfrac{\text{mass of the planet}}{\text{radius of the planet}}$ for planet A is four times that of planet B, then the ratio $\dfrac{\text{Escape velocity at the surface of planet A}}{\text{Escape velocity at the surface of planet B}}$ is",
    "subject_unit": null,
    "options": [
      {
        "option_number": 1,
        "option_text": "2",
        "option_image": "[]",
        "is_correct": false
      },
      {
        "option_number": 2,
        "option_text": "3",
        "option_image": "[]",
        "is_correct": false
      },
      {
        "option_number": 3,
        "option_text": "4",
        "option_image": "[]",
        "is_correct": false
      },
      {
        "option_number": 4,
        "option_text": "8",
        "option_image": "[]",
        "is_correct": false
      },
      {
        "option_number": 5,
        "option_text": "12",
        "option_image": "[]",
        "is_correct": false
      }
    ],
    "answer": null,
    "question_images": [],
    "marks": null,
    "difficulty": "normal"
  },
  {
    "question_number": 24,
    "question_text": "A network consisting of five identical parallel plate capacitors of capacitance $C$ is connected to a battery of voltage $V$ as shown in the figure. Assume that the capacitor plates are in free space. The net electric flux through the enclosed surface S is",
    "subject_unit": null,
    "options": [
      {
        "option_number": 1,
        "option_text": "$\dfrac{3V}{\epsilon_0}$",
        "option_image": "[]",
        "is_correct": false
      },
      {
        "option_number": 2,
        "option_text": "$\dfrac{3CV}{\epsilon_0}$",
        "option_image": "[]",
        "is_correct": false
      },
      {
        "option_number": 3,
        "option_text": "$\dfrac{CV}{\epsilon_0}$",
        "option_image": "[]",
        "is_correct": false
      },
      {
        "option_number": 4,
        "option_text": "$\dfrac{5CV}{\epsilon_0}$",
        "option_image": "[]",
        "is_correct": false
      },
      {
        "option_number": 5,
        "option_text": "0",
        "option_image": "[]",
        "is_correct": false
      }
    ],
    "answer": null,
    "question_images": [
      "page_4_crop2_class0.jpg"
    ],
    "marks": null,
    "difficulty": "normal"
  },
  {
    "question_number": 25,
    "question_text": "Two cells having e.m.f.s of 3.2 V and 3.2 V and equal internal resistances of 0.5 $\Omega$ are connected in parallel as shown. The power dissipation by the cell combination is",
    "subject_unit": null,
    "options": [
      {
        "option_number": 1,
        "option_text": "0.01 W",
        "option_image": "[]",
        "is_correct": false
      },
      {
        "option_number": 2,
        "option_text": "0.02 W",
        "option_image": "[]",
        "is_correct": false
      },
      {
        "option_number": 3,
        "option_text": "0.03 W",
        "option_image": "[]",
        "is_correct": false
      },
      {
        "option_number": 4,
        "option_text": "0.04 W",
        "option_image": "[]",
        "is_correct": false
      },
      {
        "option_number": 5,
        "option_text": "0.05 W",
        "option_image": "[]",
        "is_correct": false
      }
    ],
    "answer": null,
    "question_images": [
      "page_4_crop3_class0.jpg"
    ],
    "marks": null,
    "difficulty": "normal"
  },
  {
    "question_number": 26,
    "question_text": "Nine identical wires made of the same metal, each of diameter $d$ and length $l$, are connected in parallel to form a single resistor. The resistance of this resistor is equal to the resistance of a single wire of length $l$ and diameter $D$ made of a certain metal. If $D$ is equal to",
    "subject_unit": null,
    "options": [
      {
        "option_number": 1,
        "option_text": "$3d$",
        "option_image": "[]",
        "is_correct": false
      },
      {
        "option_number": 2,
        "option_text": "$3d$",
        "option_image": "[]",
        "is_correct": false
      },
      {
        "option_number": 3,
        "option_text": "$6d$",
        "option_image": "[]",
        "is_correct": false
      },
      {
        "option_number": 4,
        "option_text": "$9d$",
        "option_image": "[]",
        "is_correct": false
      },
      {
        "option_number": 5,
        "option_text": "$18d$",
        "option_image": "[]",
        "is_correct": false
      }
    ],
    "answer": null,
    "question_images": [],
    "marks": null,
    "difficulty": "normal"
  }
]
```
2025-06-17 13:50:41 - INFO - Parsing JSON content from Gemini response
2025-06-17 13:50:41 - INFO - Saved question 20 to q20.json
2025-06-17 13:50:41 - INFO - Saved question 21 to q21.json
2025-06-17 13:50:41 - INFO - Saved question 22 to q22.json
2025-06-17 13:50:41 - INFO - Saved question 23 to q23.json
2025-06-17 13:50:41 - INFO - Saved question 24 to q24.json
2025-06-17 13:50:41 - INFO - Saved question 25 to q25.json
2025-06-17 13:50:41 - INFO - Saved question 26 to q26.json
2025-06-17 13:50:41 - INFO - Calling Gemini to convert pdf to json
2025-06-17 13:51:01 - DEBUG - Response from Gemini: ```json
[
  {
    "question_number": 27,
    "question_text": "A structure consisting of straight wire sections of $AO$, $OB$, $CO$ and $OD$ of equal length arranged so that they form a cross is placed in a magnetic field as shown. When this structure is placed perpendicular to a magnetic field as shown in the figure, due to magnetic field it will experience",
    "subject_unit": null,
    "options": [
      {
        "option_number": 1,
        "option_text": "a resultant force along the plane of the paper in the downward direction.",
        "option_image": "[]",
        "is_correct": false
      },
      {
        "option_number": 2,
        "option_text": "a resultant force along the plane of the paper in the upward direction.",
        "option_image": "[]",
        "is_correct": false
      },
      {
        "option_number": 3,
        "option_text": "a resultant force along the plane of the paper to the right.",
        "option_image": "[]",
        "is_correct": false
      },
      {
        "option_number": 4,
        "option_text": "a resultant force along the plane of the paper to the left.",
        "option_image": "[]",
        "is_correct": false
      },
      {
        "option_number": 5,
        "option_text": "no resultant force.",
        "option_image": "[]",
        "is_correct": false
      }
    ],
    "answer": null,
    "question_images": [
      "page_5_crop1_class0.jpg"
    ],
    "marks": null,
    "difficulty": "normal"
  },
  {
    "question_number": 28,
    "question_text": "The waveform shown in figure (a) is applied across the input terminals $A$, $B$ of the circuits $P$, $Q$, $R$ and $S$ shown below.",
    "subject_unit": null,
    "options": [
      {
        "option_number": 1,
        "option_text": "the circuit $P$ only.",
        "option_image": "[]",
        "is_correct": false
      },
      {
        "option_number": 2,
        "option_text": "the circuit $Q$ only.",
        "option_image": "[]",
        "is_correct": false
      },
      {
        "option_number": 3,
        "option_text": "the circuits $R$ and $Q$ only.",
        "option_image": "[]",
        "is_correct": false
      },
      {
        "option_number": 4,
        "option_text": "the circuit $S$ only.",
        "option_image": "[]",
        "is_correct": false
      },
      {
        "option_number": 5,
        "option_text": "the circuit $R$ only.",
        "option_image": "[]",
        "is_correct": false
      }
    ],
    "answer": null,
    "question_images": [
      "page_5_crop0_class0.jpg",
      "page_5_crop2_class0.jpg"
    ],
    "marks": null,
    "difficulty": "normal"
  },
  {
    "question_number": 29,
    "question_text": "Two children of masses $m_1$ and $m_2$ are standing in equilibrium as shown in figure, on a uniform rod at constant speeds $v_1$ and $v_2$ respectively. Then they start moving simultaneously on the rod. Consider the following statements about the motion of the two children.\nFor the equilibrium to be maintained at any time $t$,",
    "subject_unit": null,
    "options": [
      {
        "option_number": 1,
        "option_text": "they should always move in opposite directions.",
        "option_image": "[]",
        "is_correct": false
      },
      {
        "option_number": 2,
        "option_text": "the rate of change of the momentum always equal to zero.",
        "option_image": "[]",
        "is_correct": false
      },
      {
        "option_number": 3,
        "option_text": "they should move so that the moment produced by one child about $O$ is always equal and opposite to the moment produced by the other child about $O$.",
        "option_image": "[]",
        "is_correct": false
      },
      {
        "option_number": 4,
        "option_text": "only A, B and C are true.",
        "option_image": "[]",
        "is_correct": false
      },
      {
        "option_number": 5,
        "option_text": "only B and C are true.",
        "option_image": "[]",
        "is_correct": false
      }
    ],
    "answer": null,
    "question_images": [
      "page_5_crop3_class0.jpg"
    ],
    "marks": null,
    "difficulty": "normal"
  },
  {
    "question_number": 30,
    "question_text": "A uniform disc of mass $m$ and radius $r$ rolls without slipping on the horizontal surface. The horizontal velocity $v$ is initially zero. The disc has a linear velocity $v$ in the horizontal direction at a certain instant. At this instant, the disc is at a height $h$ above the horizontal surface. What is the maximum height $h$ to which the centre of mass of the disc climbs?",
    "subject_unit": null,
    "options": [
      {
        "option_number": 1,
        "option_text": "\\(\\frac{v^2}{2g}\\)",
        "option_image": "[]",
        "is_correct": false
      },
      {
        "option_number": 2,
        "option_text": "\\(\\frac{v^2}{3g}\\)",
        "option_image": "[]",
        "is_correct": false
      },
      {
        "option_number": 3,
        "option_text": "\\(\\frac{3v^2}{4g}\\)",
        "option_image": "[]",
        "is_correct": false
      },
      {
        "option_number": 4,
        "option_text": "\\(\\frac{v^2}{8}\\)",
        "option_image": "[]",
        "is_correct": false
      },
      {
        "option_number": 5,
        "option_text": "\\(\\frac{2v^2}{8g}\\)",
        "option_image": "[]",
        "is_correct": false
      }
    ],
    "answer": null,
    "question_images": [
      "page_5_crop4_class0.jpg"
    ],
    "marks": null,
    "difficulty": "normal"
  }
]
```
2025-06-17 13:51:01 - INFO - Parsing JSON content from Gemini response
2025-06-17 13:51:01 - INFO - Saved question 27 to q27.json
2025-06-17 13:51:01 - INFO - Saved question 28 to q28.json
2025-06-17 13:51:01 - INFO - Saved question 29 to q29.json
2025-06-17 13:51:01 - INFO - Saved question 30 to q30.json
2025-06-17 13:51:01 - INFO - Calling Gemini to convert pdf to json
2025-06-17 13:51:27 - DEBUG - Response from Gemini: ```json
[
  {
    "question_number": 31,
    "question_text": "A glass of fresh orange solution of volume 500 $cm^3$ contains a few orange seeds at bottom. It was observed that the addition of sugar does not alter the volume of the solution. If the density of the orange solution before adding sugar was 1000 $kg/m^3$ and the density of orange seeds is 10 times the density of the solution. Assume that the seeds are insoluble in the solution. What is the percentage increase in density of the solution after adding sugar on a smooth bend with a weight in the angular velocity becomes equal to an angular velocity when he bends his hands towards his body, the each extended hand is rotating with an angular velocity $\omega_0$",
    "subject_unit": null,
    "options": [
      {
        "option_number": 1,
        "option_text": "1%",
        "option_image": "[]",
        "is_correct": false
      },
      {
        "option_number": 2,
        "option_text": "10%",
        "option_image": "[]",
        "is_correct": false
      },
      {
        "option_number": 3,
        "option_text": "100%",
        "option_image": "[]",
        "is_correct": false
      },
      {
        "option_number": 4,
        "option_text": "0.1%",
        "option_image": "[]",
        "is_correct": false
      },
      {
        "option_number": 5,
        "option_text": "0.01%",
        "option_image": "[]",
        "is_correct": false
      }
    ],
    "answer": null,
    "question_images": [],
    "marks": null,
    "difficulty": "normal"
  },
  {
    "question_number": 32,
    "question_text": "A boy, sitting on a smooth bend with a weight in the angular velocity becomes equal to an angular velocity when he bends his hands towards his body, the each extended hand is rotating with an angular velocity $\omega_0$. When he brings the density of his orange seeds ($kg/m^3$) is approximately equal to",
    "subject_unit": null,
    "options": [
      {
        "option_number": 1,
        "option_text": "$\omega_0 < \omega_1 < \omega_2$ and $\omega_0 < \omega_3 < \omega_4$",
        "option_image": "[]",
        "is_correct": false
      },
      {
        "option_number": 2,
        "option_text": "$\omega_0 < \omega_1 < \omega_2$ and $\omega_0 > \omega_3 > \omega_4$",
        "option_image": "[]",
        "is_correct": false
      },
      {
        "option_number": 3,
        "option_text": "$\omega_0 > \omega_1 > \omega_2$ and $\omega_0 < \omega_3 < \omega_4$",
        "option_image": "[]",
        "is_correct": false
      },
      {
        "option_number": 4,
        "option_text": "$\omega_0 > \omega_1 > \omega_2$ and $\omega_0 > \omega_3 > \omega_4$",
        "option_image": "[]",
        "is_correct": false
      },
      {
        "option_number": 5,
        "option_text": "$\omega_0 = \omega_1 = \omega_2$ and $\omega_0 = \omega_3 = \omega_4$",
        "option_image": "[]",
        "is_correct": false
      }
    ],
    "answer": null,
    "question_images": [],
    "marks": null,
    "difficulty": "normal"
  },
  {
    "question_number": 33,
    "question_text": "A rod XY rests between two smooth boards PQ and QR kept inclined to the horizontal as shown in the figure. Angle PQR is $90^\circ$. The centre of gravity of the rod is most likely to be situated at the point",
    "subject_unit": null,
    "options": [
      {
        "option_number": 1,
        "option_text": "A",
        "option_image": "[]",
        "is_correct": false
      },
      {
        "option_number": 2,
        "option_text": "B",
        "option_image": "[]",
        "is_correct": false
      },
      {
        "option_number": 3,
        "option_text": "C",
        "option_image": "[]",
        "is_correct": false
      },
      {
        "option_number": 4,
        "option_text": "D",
        "option_image": "[]",
        "is_correct": false
      },
      {
        "option_number": 5,
        "option_text": "E",
        "option_image": "[]",
        "is_correct": false
      }
    ],
    "answer": null,
    "question_images": [
      "page_6_crop2_class0.jpg"
    ],
    "marks": null,
    "difficulty": "normal"
  },
  {
    "question_number": 34,
    "question_text": "Two objects A and B of the shapes shown in the figure, and a spherical object C, all having identical masses, are mounted rigidly on a horizontal surface along the x-axis by three thin vertical rods (not shown). Objects A and B are subjected to a stream of air flows through the magnitudes of the forces $F_A$, $F_B$, $F_C$ exerted by the objects and the sphere on the mounted rods, when written in the ascending order, will be",
    "subject_unit": null,
    "options": [
      {
        "option_number": 1,
        "option_text": "$F_A < F_B < F_C$",
        "option_image": "[]",
        "is_correct": false
      },
      {
        "option_number": 2,
        "option_text": "$F_A < F_C < F_B$",
        "option_image": "[]",
        "is_correct": false
      },
      {
        "option_number": 3,
        "option_text": "$F_B < F_A < F_C$",
        "option_image": "[]",
        "is_correct": false
      },
      {
        "option_number": 4,
        "option_text": "$F_B < F_C < F_A$",
        "option_image": "[]",
        "is_correct": false
      },
      {
        "option_number": 5,
        "option_text": "$F_C < F_A < F_B$",
        "option_image": "[]",
        "is_correct": false
      }
    ],
    "answer": null,
    "question_images": [
      "page_6_crop0_class0.jpg"
    ],
    "marks": null,
    "difficulty": "normal"
  },
  {
    "question_number": 35,
    "question_text": "A mass is resting on a horizontal surface which keeps up and down performing simple harmonic motion with amplitude A as shown in figure. The maximum frequency with which the surface can move while moving the mass always in contact with the surface is",
    "subject_unit": null,
    "options": [
      {
        "option_number": 1,
        "option_text": "$\frac{2\sqrt{g}}{2\pi A}$",
        "option_image": "[]",
        "is_correct": false
      },
      {
        "option_number": 2,
        "option_text": "$\frac{\sqrt{g}}{2\pi A}$",
        "option_image": "[]",
        "is_correct": false
      },
      {
        "option_number": 3,
        "option_text": "$\frac{3\sqrt{g}}{2\pi A}$",
        "option_image": "[]",
        "is_correct": false
      },
      {
        "option_number": 4,
        "option_text": "$\frac{\sqrt{2g}}{2\pi A}$",
        "option_image": "[]",
        "is_correct": false
      },
      {
        "option_number": 5,
        "option_text": "$\frac{\sqrt{g}}{2\pi A}$",
        "option_image": "[]",
        "is_correct": false
      }
    ],
    "answer": null,
    "question_images": [
      "page_6_crop3_class0.jpg"
    ],
    "marks": null,
    "difficulty": "normal"
  },
  {
    "question_number": 36,
    "question_text": "A whistle emitting a sound of frequency f moves along the circumference of a circle of radius r at a constant angular velocity $\omega$. the velocity of sound in air. The highest frequency of sound heard by a listener, who is at rest outside the circle is",
    "subject_unit": null,
    "options": [
      {
        "option_number": 1,
        "option_text": "$f(1 + \frac{r\omega}{v})$",
        "option_image": "[]",
        "is_correct": false
      },
      {
        "option_number": 2,
        "option_text": "$f(1 - \frac{r\omega}{v})$",
        "option_image": "[]",
        "is_correct": false
      },
      {
        "option_number": 3,
        "option_text": "$f(1 + \frac{r\omega}{v})$",
        "option_image": "[]",
        "is_correct": false
      },
      {
        "option_number": 4,
        "option_text": "$f(1 + \frac{r\omega}{v})$",
        "option_image": "[]",
        "is_correct": false
      },
      {
        "option_number": 5,
        "option_text": "$f(1 + \frac{r\omega}{v})$",
        "option_image": "[]",
        "is_correct": false
      }
    ],
    "answer": null,
    "question_images": [],
    "marks": null,
    "difficulty": "normal"
  },
  {
    "question_number": 37,
    "question_text": "A ray of light is incident perpendicular to the surface AC of a right angled glass prism as shown in the figure. Minimum value of the refractive index of the material of the prism for which the ray will not emerge from the surface AB is",
    "subject_unit": null,
    "options": [
      {
        "option_number": 1,
        "option_text": "1.22",
        "option_image": "[]",
        "is_correct": false
      },
      {
        "option_number": 2,
        "option_text": "1.41",
        "option_image": "[]",
        "is_correct": false
      },
      {
        "option_number": 3,
        "option_text": "1.58",
        "option_image": "[]",
        "is_correct": false
      },
      {
        "option_number": 4,
        "option_text": "1.73",
        "option_image": "[]",
        "is_correct": false
      },
      {
        "option_number": 5,
        "option_text": "1.87",
        "option_image": "[]",
        "is_correct": false
      }
    ],
    "answer": null,
    "question_images": [
      "page_6_crop1_class0.jpg"
    ],
    "marks": null,
    "difficulty": "normal"
  }
]
```
2025-06-17 13:51:27 - INFO - Parsing JSON content from Gemini response
2025-06-17 13:51:27 - INFO - Saved question 31 to q31.json
2025-06-17 13:51:27 - INFO - Saved question 32 to q32.json
2025-06-17 13:51:27 - INFO - Saved question 33 to q33.json
2025-06-17 13:51:27 - INFO - Saved question 34 to q34.json
2025-06-17 13:51:27 - INFO - Saved question 35 to q35.json
2025-06-17 13:51:27 - INFO - Saved question 36 to q36.json
2025-06-17 13:51:27 - INFO - Saved question 37 to q37.json
2025-06-17 13:51:27 - INFO - Calling Gemini to convert pdf to json
2025-06-17 13:51:48 - DEBUG - Response from Gemini: ```json
[
  {
    "question_number": 38,
    "question_text": "When an object $O$ is placed on the principal axis of a thin convex lens of focal length $f_1$, it forms a real image at a distance $V_1$ with a linear magnification of $m_1$. When the same object is placed at a distance $u$ from a thin convex lens of focal length $f_2$, it forms a real image at a distance $V_2$ and the magnification $m_2$. If $V_1$, $V_2$, $m_1$, and $m_2$ satisfy the condition:",
    "subject_unit": null,
    "options": [
      {
        "option_number": 1,
        "option_text": "$V_1 < V_2$ and $m_1 = m_2$",
        "option_image": "[]",
        "is_correct": false
      },
      {
        "option_number": 2,
        "option_text": "$V_1 > V_2$ and $m_1 > m_2$",
        "option_image": "[]",
        "is_correct": false
      },
      {
        "option_number": 3,
        "option_text": "$V_1 < V_2$ and $m_1 > m_2$",
        "option_image": "[]",
        "is_correct": false
      },
      {
        "option_number": 4,
        "option_text": "$V_1 > V_2$ and $m_1 < m_2$",
        "option_image": "[]",
        "is_correct": false
      },
      {
        "option_number": 5,
        "option_text": "$V_1 = V_2$ and $m_1 = m_2$",
        "option_image": "[]",
        "is_correct": false
      }
    ],
    "answer": null,
    "question_images": [],
    "marks": null,
    "difficulty": "normal"
  },
  {
    "question_number": 39,
    "question_text": "Two point charges of $+q$ each are held at vertices $B$ and $C$ of an equilateral triangle $ABC$ of side length $a$, and another point charge of $+q$ is held at the charge placed at point $A$. When the distance $AP$ is equal to $x$, the potential at point $P$ is zero. Then $x$ is equal to:",
    "subject_unit": null,
    "options": [
      {
        "option_number": 1,
        "option_text": "$\\frac{a}{2}$",
        "option_image": "[]",
        "is_correct": false
      },
      {
        "option_number": 2,
        "option_text": "$a$",
        "option_image": "[]",
        "is_correct": false
      },
      {
        "option_number": 3,
        "option_text": "$a\\sqrt{3}$",
        "option_image": "[]",
        "is_correct": false
      },
      {
        "option_number": 4,
        "option_text": "$2a$",
        "option_image": "[]",
        "is_correct": false
      },
      {
        "option_number": 5,
        "option_text": "$\\frac{a}{\\sqrt{3}}$",
        "option_image": "[]",
        "is_correct": false
      }
    ],
    "answer": null,
    "question_images": [
      "page_7_crop1_class0.jpg"
    ],
    "marks": null,
    "difficulty": "normal"
  },
  {
    "question_number": 40,
    "question_text": "In the circuit shown, the two cells have negligible internal resistances. In the circuit,",
    "subject_unit": null,
    "options": [
      {
        "option_number": 1,
        "option_text": "a current of $\\frac{2}{5}R$ passes through the 2V cell.",
        "option_image": "[]",
        "is_correct": false
      },
      {
        "option_number": 2,
        "option_text": "a current of $\\frac{6}{5}R$ passes through the 2V cell.",
        "option_image": "[]",
        "is_correct": false
      },
      {
        "option_number": 3,
        "option_text": "a current of $R$ passes through the 2V cell.",
        "option_image": "[]",
        "is_correct": false
      },
      {
        "option_number": 4,
        "option_text": "a current of $\\frac{2}{5}$ passes through the 2V cell.",
        "option_image": "[]",
        "is_correct": false
      },
      {
        "option_number": 5,
        "option_text": "a current of 2 passes through the 2V cell.",
        "option_image": "[]",
        "is_correct": false
      }
    ],
    "answer": null,
    "question_images": [
      "page_7_crop0_class0.jpg"
    ],
    "marks": null,
    "difficulty": "normal"
  },
  {
    "question_number": 41,
    "question_text": "Two narrow tubes of equal length but different radii of cross-section are connected end to end, and water is allowed to flow through it as shown in the figure.",
    "subject_unit": null,
    "options": [
      {
        "option_number": 1,
        "option_text": "$\\frac{A_1}{A_2} = \\frac{v_2}{v_1}$",
        "option_image": "[]",
        "is_correct": false
      },
      {
        "option_number": 2,
        "option_text": "$\\frac{A_1}{A_2} = \\frac{v_1}{v_2}$",
        "option_image": "[]",
        "is_correct": false
      },
      {
        "option_number": 3,
        "option_text": "$\\frac{A_1}{A_2} = \\frac{\\Delta P_1}{\\Delta P_2}$",
        "option_image": "[]",
        "is_correct": false
      },
      {
        "option_number": 4,
        "option_text": "$\\frac{A_1}{A_2} = \\frac{\\Delta P_2}{\\Delta P_1}$",
        "option_image": "[]",
        "is_correct": false
      },
      {
        "option_number": 5,
        "option_text": "$\\frac{A_1}{A_2} = \\left(\\frac{v_1}{v_2}\\right)^2$",
        "option_image": "[]",
        "is_correct": false
      }
    ],
    "answer": null,
    "question_images": [
      "page_7_crop3_class0.jpg"
    ],
    "marks": null,
    "difficulty": "normal"
  },
  {
    "question_number": 42,
    "question_text": "A student performed an experiment to verify the Boyle's Law using a constant mass $m_o$ of an ideal gas at the room temperature of 27$^\\circ$C and repeated the experiment at the temperature 100$^\\circ$C. Let $P$ and $V$ is the volume of the gas at the given temperature. Here $P_1$ is the pressure and $V_1$ is the volume obtained in the graph obtained that has the same gradient as the graph shown in the figure, the mass of the gas has had remained",
    "subject_unit": null,
    "options": [
      {
        "option_number": 1,
        "option_text": "$\\frac{27}{100} m_o$",
        "option_image": "[]",
        "is_correct": false
      },
      {
        "option_number": 2,
        "option_text": "$\\frac{27}{373} m_o$",
        "option_image": "[]",
        "is_correct": false
      },
      {
        "option_number": 3,
        "option_text": "$\\frac{300}{373} m_o$",
        "option_image": "[]",
        "is_correct": false
      },
      {
        "option_number": 4,
        "option_text": "$\\frac{1}{4} m_o$",
        "option_image": "[]",
        "is_correct": false
      },
      {
        "option_number": 5,
        "option_text": "$\\frac{1}{2} m_o$",
        "option_image": "[]",
        "is_correct": false
      }
    ],
    "answer": null,
    "question_images": [
      "page_7_crop2_class0.jpg"
    ],
    "marks": null,
    "difficulty": "normal"
  }
]
```
2025-06-17 13:51:48 - INFO - Parsing JSON content from Gemini response
2025-06-17 13:51:48 - INFO - Saved question 38 to q38.json
2025-06-17 13:51:48 - INFO - Saved question 39 to q39.json
2025-06-17 13:51:48 - INFO - Saved question 40 to q40.json
2025-06-17 13:51:48 - INFO - Saved question 41 to q41.json
2025-06-17 13:51:48 - INFO - Saved question 42 to q42.json
2025-06-17 13:51:48 - INFO - Calling Gemini to convert pdf to json
2025-06-17 13:52:04 - DEBUG - Response from Gemini: ```json
[
  {
    "question_number": 43,
    "question_text": "In the circuit shown, both cells have negligible internal resistances. $V_{AB}$ is the potential difference between points A and B. The variation of $V_{AB}$ with $R'$ is best represented by",
    "subject_unit": null,
    "options": [
      {
        "option_number": 1,
        "option_text": "[]",
        "option_image": "page_8_crop2_class0.jpg",
        "is_correct": false
      },
      {
        "option_number": 2,
        "option_text": "[]",
        "option_image": "page_8_crop3_class0.jpg",
        "is_correct": false
      },
      {
        "option_number": 3,
        "option_text": "[]",
        "option_image": "page_8_crop5_class0.jpg",
        "is_correct": false
      },
      {
        "option_number": 4,
        "option_text": "[]",
        "option_image": "page_8_crop4_class0.jpg",
        "is_correct": false
      },
      {
        "option_number": 5,
        "option_text": "[]",
        "option_image": "page_8_crop6_class0.jpg",
        "is_correct": false
      }
    ],
    "answer": null,
    "question_images": [
      "page_8_crop0_class0.jpg"
    ],
    "marks": null,
    "difficulty": "normal"
  },
  {
    "question_number": 44,
    "question_text": "Absolute humidities of air inside three closed rooms A, B and C of volumes $V_A$, $V_B$ and $V_C$ are $S_A$, $S_B$ and $S_C$ respectively. The dew point in air in room A is $T_A$. When the doors are opened as shown in figure (b) the air in the three rooms are allowed to mix and attain a common dew point at $T_0$. The dew point at the three rooms will remain at $T_0$ if",
    "subject_unit": null,
    "options": [
      {
        "option_number": 1,
        "option_text": "$S_A = \\frac{V_A S_A + V_B S_B + V_C S_C}{V_A + V_B + V_C}$",
        "option_image": "[]",
        "is_correct": false
      },
      {
        "option_number": 2,
        "option_text": "$S_A = \\frac{V_A S_A + S_B + S_C}{V_A + V_B + V_C}$",
        "option_image": "[]",
        "is_correct": false
      },
      {
        "option_number": 3,
        "option_text": "$S_A = \\frac{S_A + S_B + S_C}{3}$",
        "option_image": "[]",
        "is_correct": false
      },
      {
        "option_number": 4,
        "option_text": "$S_A = \\frac{V_B S_B + V_C S_C}{V_B + V_C}$",
        "option_image": "[]",
        "is_correct": false
      },
      {
        "option_number": 5,
        "option_text": "$S_A = \\frac{S_B + S_C}{2}$",
        "option_image": "[]",
        "is_correct": false
      }
    ],
    "answer": null,
    "question_images": [
      "page_8_crop1_class0.jpg",
      "page_8_crop7_class0.jpg"
    ],
    "marks": null,
    "difficulty": "normal"
  },
  {
    "question_number": 45,
    "question_text": "A 2$\mu F$ capacitor and a 1$\mu F$ capacitor are connected in series and charged by a battery. Then the stored energies of the capacitors are $E_1$ and $E_2$ respectively. When they are disconnected, allowed to discharge, and charged again separately using the same battery, the stored energies of the two capacitors are $E_3$ and $E_4$.",
    "subject_unit": null,
    "options": [
      {
        "option_number": 1,
        "option_text": "$E_1 > E_2 > E_3 > E_4$",
        "option_image": "[]",
        "is_correct": false
      },
      {
        "option_number": 2,
        "option_text": "$E_1 > E_3 > E_2 > E_4$",
        "option_image": "[]",
        "is_correct": false
      },
      {
        "option_number": 3,
        "option_text": "$E_3 > E_1 > E_4 > E_2$",
        "option_image": "[]",
        "is_correct": false
      },
      {
        "option_number": 4,
        "option_text": "$E_4 > E_3 > E_2 > E_1$",
        "option_image": "[]",
        "is_correct": false
      },
      {
        "option_number": 5,
        "option_text": "$E_3 > E_4 > E_1 > E_2$",
        "option_image": "[]",
        "is_correct": false
      }
    ],
    "answer": null,
    "question_images": [],
    "marks": null,
    "difficulty": "normal"
  }
]
```
2025-06-17 13:52:04 - INFO - Parsing JSON content from Gemini response
2025-06-17 13:52:04 - INFO - Saved question 43 to q43.json
2025-06-17 13:52:04 - INFO - Saved question 44 to q44.json
2025-06-17 13:52:04 - INFO - Saved question 45 to q45.json
2025-06-17 13:52:04 - INFO - Calling Gemini to convert pdf to json
2025-06-17 13:52:20 - DEBUG - Response from Gemini: ```json
[
  {
    "question_number": 46,
    "question_text": "The height of a rectangular heavy metal block of mass $M$, area of cross-section $A$, and made of a material of Young's modulus $Y$, when placed on a horizontal surface as shown in figure (a) is $L$. If four blocks identical to the above block are placed one above the other as shown in figure (b), the overall height of the four blocks will be",
    "subject_unit": null,
    "options": [
      {
        "option_number": 1,
        "option_text": "$L \\left(1 + \\frac{2M g}{4 A Y} \\right)$",
        "option_image": "[]",
        "is_correct": false
      },
      {
        "option_number": 2,
        "option_text": "$L \\left(1 + \\frac{8 M g}{4 A Y} \\right)$",
        "option_image": "[]",
        "is_correct": false
      },
      {
        "option_number": 3,
        "option_text": "$4L \\left(1 + \\frac{7 M g}{4 A Y} \\right)$",
        "option_image": "[]",
        "is_correct": false
      },
      {
        "option_number": 4,
        "option_text": "$4L \\left(1 + \\frac{2 M g}{4 A Y} \\right)$",
        "option_image": "[]",
        "is_correct": false
      },
      {
        "option_number": 5,
        "option_text": "$4L$",
        "option_image": "[]",
        "is_correct": false
      }
    ],
    "answer": null,
    "question_images": [
      "page_9_crop6_class0.jpg"
    ],
    "marks": null,
    "difficulty": "normal"
  },
  {
    "question_number": 47,
    "question_text": "Two blocks of mass $2m$ and $m$ are placed in contact on a smooth surface as shown in the figure (a). An external horizontal force $F$ is applied on the block of mass $2m$. Which of the following figures shows the forces acting on the two blocks correctly?",
    "subject_unit": null,
    "options": [
      {
        "option_number": 1,
        "option_text": "[]",
        "option_image": "page_9_crop3_class0.jpg",
        "is_correct": false
      },
      {
        "option_number": 2,
        "option_text": "[]",
        "option_image": "page_9_crop6_class0.jpg",
        "is_correct": false
      },
      {
        "option_number": 3,
        "option_text": "[]",
        "option_image": "page_9_crop4_class0.jpg",
        "is_correct": false
      },
      {
        "option_number": 4,
        "option_text": "[]",
        "option_image": "page_9_crop0_class0.jpg",
        "is_correct": false
      },
      {
        "option_number": 5,
        "option_text": "[]",
        "option_image": "page_9_crop7_class0.jpg",
        "is_correct": false
      }
    ],
    "answer": null,
    "question_images": [
      "page_9_crop7_class0.jpg"
    ],
    "marks": null,
    "difficulty": "normal"
  },
  {
    "question_number": 48,
    "question_text": "As shown in the figure, a rectangular wire loop ABCD is inserted perpendicular to a uniform magnetic field with a constant magnetic field $\mu$. The loop passes through position 1 and finally position 3 with the same velocity $v$. Which of the following statements is not true?",
    "subject_unit": null,
    "options": [
      {
        "option_number": 1,
        "option_text": "When the loop passes through position 1, a constant e.m.f. is induced across AD and BC.",
        "option_image": "[]",
        "is_correct": false
      },
      {
        "option_number": 2,
        "option_text": "As the loop passes through position 1, a constant e.m.f. will be induced across AD and BC.",
        "option_image": "[]",
        "is_correct": false
      },
      {
        "option_number": 3,
        "option_text": "At position 3, a constant e.m.f. will be induced only across AD and BC.",
        "option_image": "[]",
        "is_correct": false
      },
      {
        "option_number": 4,
        "option_text": "The directions of the resultant force on the loop due to magnetic field at positions 1 and 3 are opposite to each other.",
        "option_image": "[]",
        "is_correct": false
      },
      {
        "option_number": 5,
        "option_text": "The directions of the forces due to magnetic field on the loop at positions 1 and 3 are opposite to each other.",
        "option_image": "[]",
        "is_correct": false
      }
    ],
    "answer": null,
    "question_images": [
      "page_9_crop1_class0.jpg"
    ],
    "marks": null,
    "difficulty": "normal"
  }
]
```
2025-06-17 13:52:20 - INFO - Parsing JSON content from Gemini response
2025-06-17 13:52:20 - INFO - Saved question 46 to q46.json
2025-06-17 13:52:20 - INFO - Saved question 47 to q47.json
2025-06-17 13:52:20 - INFO - Saved question 48 to q48.json
2025-06-17 13:52:20 - DEBUG - Write | Json | ./data/Gold/2016-AL-Physics-All-English/mcq/questions
2025-06-17 13:52:20 - INFO - Converted questions to JSON

2025-06-17 13:52:20 - INFO - Metadata for 2016-AL-Physics-All-English written to ./data/metadata/2016-AL-Physics-All-English.json
2025-06-17 13:52:20 - DEBUG - Metadata content: {
  "pdf": "2016-AL-Physics-All-English.pdf",
  "progress": 3,
  "steps": {
    "bronze_to_silver": {
      "status": "done",
      "source_layer": "Bronze",
      "source_path": "./data/Bronze/2016-AL-Physics-All-English.pdf",
      "target_layer": "Silver",
      "target_path": "./data/Silver/2016-AL-Physics-All-English",
      "timestamp": "2025-06-13T22:17:30.592682"
    },
    "silver_to_gold_i": {
      "status": "done",
      "source_layer": "Silver",
      "source_path": "./data/Silver/2016-AL-Physics-All-English",
      "target_layer": "Gold_Images",
      "target_path": "./data/Gold/2016-AL-Physics-All-English",
      "timestamp": "2025-06-13T22:17:41.895574"
    },
    "silver_gold_to_gold_q": {
      "status": "done",
      "source_layer": "Silver + Gold_Images",
      "source_path": "./data/Silver/2016-AL-Physics-All-English, ./data/Gold/2016-AL-Physics-All-English",
      "target_layer": "Gold_Questions",
      "target_path": "./data/Gold/2016-AL-Physics-All-English",
      "timestamp": "2025-06-17T13:52:20.260076"
    }
  },
  "last_modified": "2025-06-17T13:52:20.260081"
}
2025-06-17 13:52:20 - INFO - Converted page_2_crop4_class0.jpg to base64
2025-06-17 13:52:20 - INFO - Converted page_2_crop8_class0.jpg to base64
2025-06-17 13:52:20 - INFO - Converted page_2_crop0_class0.jpg to base64
2025-06-17 13:52:20 - INFO - Converted page_3_crop7_class0.jpg to base64
2025-06-17 13:52:20 - INFO - Converted page_3_crop5_class0.jpg to base64
2025-06-17 13:52:20 - INFO - Converted page_4_crop1_class0.jpg to base64
2025-06-17 13:52:20 - INFO - Converted page_4_crop0_class0.jpg to base64
2025-06-17 13:52:20 - INFO - Converted page_4_crop2_class0.jpg to base64
2025-06-17 13:52:20 - INFO - Converted page_4_crop3_class0.jpg to base64
2025-06-17 13:52:20 - INFO - Converted page_5_crop1_class0.jpg to base64
2025-06-17 13:52:20 - INFO - Converted page_5_crop0_class0.jpg to base64
2025-06-17 13:52:20 - INFO - Converted page_5_crop2_class0.jpg to base64
2025-06-17 13:52:20 - INFO - Converted page_5_crop3_class0.jpg to base64
2025-06-17 13:52:20 - INFO - Converted page_5_crop4_class0.jpg to base64
2025-06-17 13:52:20 - INFO - Converted page_6_crop2_class0.jpg to base64
2025-06-17 13:52:20 - INFO - Converted page_6_crop0_class0.jpg to base64
2025-06-17 13:52:20 - INFO - Converted page_6_crop3_class0.jpg to base64
2025-06-17 13:52:20 - INFO - Converted page_6_crop1_class0.jpg to base64
2025-06-17 13:52:20 - INFO - Converted page_7_crop1_class0.jpg to base64
2025-06-17 13:52:20 - INFO - Converted page_7_crop0_class0.jpg to base64
2025-06-17 13:52:20 - INFO - Converted page_7_crop3_class0.jpg to base64
2025-06-17 13:52:20 - INFO - Converted page_7_crop2_class0.jpg to base64
2025-06-17 13:52:20 - INFO - Converted page_8_crop0_class0.jpg to base64
2025-06-17 13:52:20 - INFO - Converted page_8_crop1_class0.jpg to base64
2025-06-17 13:52:20 - INFO - Converted page_8_crop7_class0.jpg to base64
2025-06-17 13:52:20 - INFO - Converted page_9_crop6_class0.jpg to base64
2025-06-17 13:52:20 - INFO - Converted page_9_crop7_class0.jpg to base64
2025-06-17 13:52:20 - INFO - Converted page_9_crop1_class0.jpg to base64
2025-06-17 13:52:20 - INFO - Converted page_10_crop0_class0.jpg to base64
2025-06-17 13:52:20 - INFO - Converted page_10_crop1_class0.jpg to base64
2025-06-17 13:52:20 - INFO - Converted page_10_crop2_class0.jpg to base64
2025-06-17 13:52:20 - INFO - Converted page_2_crop1_class0.jpg to base64
2025-06-17 13:52:20 - INFO - Converted page_2_crop6_class0.jpg to base64
2025-06-17 13:52:20 - INFO - Cleaned 50 questions into ./data/primary/2016-AL-Physics-All-English\mcq.json
2025-06-17 13:52:20 - INFO - Cleaned JSONs and converted images to base64

2025-06-17 13:52:20 - INFO - Metadata for 2016-AL-Physics-All-English written to ./data/metadata/2016-AL-Physics-All-English.json
2025-06-17 13:52:20 - DEBUG - Metadata content: {
  "pdf": "2016-AL-Physics-All-English.pdf",
  "progress": 4,
  "steps": {
    "bronze_to_silver": {
      "status": "done",
      "source_layer": "Bronze",
      "source_path": "./data/Bronze/2016-AL-Physics-All-English.pdf",
      "target_layer": "Silver",
      "target_path": "./data/Silver/2016-AL-Physics-All-English",
      "timestamp": "2025-06-13T22:17:30.592682"
    },
    "silver_to_gold_i": {
      "status": "done",
      "source_layer": "Silver",
      "source_path": "./data/Silver/2016-AL-Physics-All-English",
      "target_layer": "Gold_Images",
      "target_path": "./data/Gold/2016-AL-Physics-All-English",
      "timestamp": "2025-06-13T22:17:41.895574"
    },
    "silver_gold_to_gold_q": {
      "status": "done",
      "source_layer": "Silver + Gold_Images",
      "source_path": "./data/Silver/2016-AL-Physics-All-English, ./data/Gold/2016-AL-Physics-All-English",
      "target_layer": "Gold_Questions",
      "target_path": "./data/Gold/2016-AL-Physics-All-English",
      "timestamp": "2025-06-17T13:52:20.260076"
    },
    "gold_to_primary": {
      "status": "done",
      "source_layer": "Gold",
      "source_path": "./data/Gold/2016-AL-Physics-All-English",
      "target_layer": "Primary",
      "target_path": "./data/primary/2016-AL-Physics-All-English",
      "timestamp": "2025-06-17T13:52:20.955665"
    }
  },
  "last_modified": "2025-06-17T13:52:20.955672"
}
2025-06-17 13:52:20 - INFO - Finished processing 2016-AL-Physics-All-English.


2025-06-17 13:52:20 - INFO - Processing 2017-AL-Physics-All-English

2025-06-17 13:52:20 - DEBUG - Bronze path: ./data/Bronze/2017-AL-Physics-All-English.pdf
2025-06-17 13:52:20 - DEBUG - Silver path: ./data/Silver/2017-AL-Physics-All-English
2025-06-17 13:52:20 - DEBUG - Gold path: ./data/Gold/2017-AL-Physics-All-English
2025-06-17 13:52:20 - DEBUG - Primary path: ./data/primary/2017-AL-Physics-All-English
2025-06-17 13:52:20 - INFO - Current progress for 2017-AL-Physics-All-English: 2.
2025-06-17 13:52:20 - INFO - Steps remaining for 2017-AL-Physics-All-English: silver_gold_to_gold_q, gold_to_primary

2025-06-17 13:52:20 - INFO - Converting 2017-AL-Physics-All-English to JSON
2025-06-17 13:52:20 - INFO - Processing question type: mcq
2025-06-17 13:52:20 - DEBUG - Read | Pages | ./data/Silver/2017-AL-Physics-All-English/mcq
2025-06-17 13:52:20 - DEBUG - Read | Images | ./data/Gold/2017-AL-Physics-All-English/mcq/images
2025-06-17 13:52:22 - INFO - Calling Gemini to convert pdf to json
2025-06-17 13:52:50 - DEBUG - Response from Gemini: ```json
[
  {
    "question_number": 1,
    "question_text": "Unit of current density is",
    "subject_unit": null,
    "options": [
      {
        "option_number": 1,
        "option_text": "$A m^2$",
        "option_image": "[]",
        "is_correct": false
      },
      {
        "option_number": 2,
        "option_text": "$A m^{-2}$",
        "option_image": "[]",
        "is_correct": false
      },
      {
        "option_number": 3,
        "option_text": "$A m$",
        "option_image": "[]",
        "is_correct": false
      },
      {
        "option_number": 4,
        "option_text": "$A m^{-1}$",
        "option_image": "[]",
        "is_correct": true
      },
      {
        "option_number": 5,
        "option_text": "$A m^3$",
        "option_image": "[]",
        "is_correct": false
      }
    ],
    "answer": null,
    "question_images": [],
    "marks": null,
    "difficulty": "normal"
  },
  {
    "question_number": 2,
    "question_text": "Consider the following physical quantities having different dimensions, and $k$ is a dimensionless constant. \n$C = a + b$\n$D = $k$ab$\n$E = $k$a/b$\nOf the above relationships\n(1) only $C$ is dimensionally valid.\n(2) only $B$ is dimensionally valid.\n(3) only $C$ and $D$ are dimensionally valid.\n(4) only $A$, $B$ and $C$ are dimensionally valid.\n(5) only $A$, $B$ and $E$ are dimensionally valid.",
    "subject_unit": null,
    "options": [
      {
        "option_number": 1,
        "option_text": "only $C$ is dimensionally valid.",
        "option_image": "[]",
        "is_correct": false
      },
      {
        "option_number": 2,
        "option_text": "only $B$ is dimensionally valid.",
        "option_image": "[]",
        "is_correct": false
      },
      {
        "option_number": 3,
        "option_text": "only $C$ and $D$ are dimensionally valid.",
        "option_image": "[]",
        "is_correct": false
      },
      {
        "option_number": 4,
        "option_text": "only $A$, $B$ and $C$ are dimensionally valid.",
        "option_image": "[]",
        "is_correct": false
      },
      {
        "option_number": 5,
        "option_text": "only $A$, $B$ and $E$ are dimensionally valid.",
        "option_image": "[]",
        "is_correct": false
      }
    ],
    "answer": null,
    "question_images": [],
    "marks": null,
    "difficulty": "normal"
  },
  {
    "question_number": 3,
    "question_text": "A uniform thin wire is bent into a wire frame with two ends $X$ and $Y$ kept opened as shown in the figure. The centre of gravity of the wire is most likely to be at the point.",
    "subject_unit": null,
    "options": [
      {
        "option_number": 1,
        "option_text": "$A$",
        "option_image": "[]",
        "is_correct": false
      },
      {
        "option_number": 2,
        "option_text": "$B$",
        "option_image": "[]",
        "is_correct": false
      },
      {
        "option_number": 3,
        "option_text": "$C$",
        "option_image": "[]",
        "is_correct": false
      },
      {
        "option_number": 4,
        "option_text": "$D$",
        "option_image": "[]",
        "is_correct": true
      },
      {
        "option_number": 5,
        "option_text": "$E$",
        "option_image": "[]",
        "is_correct": false
      }
    ],
    "answer": null,
    "question_images": [
      "page_1_crop0_class0.jpg"
    ],
    "marks": null,
    "difficulty": "normal"
  },
  {
    "question_number": 4,
    "question_text": "A tube with one end open, the same length of the tube will resonate at its fundamental frequency with a tuning fork of frequency $f$. When the closed end is closed resonates at its fundamental frequency with a tuning fork of frequency $f$. When a tuning fork of frequency $f$ is used for",
    "subject_unit": null,
    "options": [
      {
        "option_number": 1,
        "option_text": "$f$",
        "option_image": "[]",
        "is_correct": false
      },
      {
        "option_number": 2,
        "option_text": "$2f$",
        "option_image": "[]",
        "is_correct": false
      },
      {
        "option_number": 3,
        "option_text": "$f/2$",
        "option_image": "[]",
        "is_correct": true
      },
      {
        "option_number": 4,
        "option_text": "$4f$",
        "option_image": "[]",
        "is_correct": false
      },
      {
        "option_number": 5,
        "option_text": "$f/4$",
        "option_image": "[]",
        "is_correct": false
      }
    ],
    "answer": null,
    "question_images": [],
    "marks": null,
    "difficulty": "normal"
  },
  {
    "question_number": 5,
    "question_text": "A potentiometer is not used for",
    "subject_unit": null,
    "options": [
      {
        "option_number": 1,
        "option_text": "measuring emf.",
        "option_image": "[]",
        "is_correct": false
      },
      {
        "option_number": 2,
        "option_text": "comparing emfs.",
        "option_image": "[]",
        "is_correct": false
      },
      {
        "option_number": 3,
        "option_text": "measuring the internal resistance of a cell.",
        "option_image": "[]",
        "is_correct": false
      },
      {
        "option_number": 4,
        "option_text": "comparing varying voltages.",
        "option_image": "[]",
        "is_correct": false
      },
      {
        "option_number": 5,
        "option_text": "measuring currents.",
        "option_image": "[]",
        "is_correct": true
      }
    ],
    "answer": null,
    "question_images": [],
    "marks": null,
    "difficulty": "normal"
  },
  {
    "question_number": 6,
    "question_text": "Two rods $A$ and $B$ are connected end to end. Sound wave travelling in rod $A$ has a speed $v$. If it enters the rod $B$ whose Young's modulus is four times that of $A$ but having the same density as $A$, the speed of the sound wave in $B$ will be",
    "subject_unit": null,
    "options": [
      {
        "option_number": 1,
        "option_text": "$4v$",
        "option_image": "[]",
        "is_correct": false
      },
      {
        "option_number": 2,
        "option_text": "$2v$",
        "option_image": "[]",
        "is_correct": true
      },
      {
        "option_number": 3,
        "option_text": "$v$",
        "option_image": "[]",
        "is_correct": false
      },
      {
        "option_number": 4,
        "option_text": "$v/2$",
        "option_image": "[]",
        "is_correct": false
      },
      {
        "option_number": 5,
        "option_text": "$v/4$",
        "option_image": "[]",
        "is_correct": false
      }
    ],
    "answer": null,
    "question_images": [],
    "marks": null,
    "difficulty": "normal"
  },
  {
    "question_number": 7,
    "question_text": "[]",
    "subject_unit": null,
    "options": [
      {
        "option_number": 1,
        "option_text": "[]",
        "option_image": "page_10_crop1_class0.jpg",
        "is_correct": false
      },
      {
        "option_number": 2,
        "option_text": "[]",
        "option_image": "page_10_crop2_class0.jpg",
        "is_correct": false
      },
      {
        "option_number": 3,
        "option_text": "[]",
        "option_image": "page_10_crop3_class0.jpg",
        "is_correct": false
      },
      {
        "option_number": 4,
        "option_text": "[]",
        "option_image": "page_10_crop4_class0.jpg",
        "is_correct": false
      },
      {
        "option_number": 5,
        "option_text": "[]",
        "option_image": "page_10_crop5_class0.jpg",
        "is_correct": false
      }
    ],
    "answer": null,
    "question_images": [],
    "marks": null,
    "difficulty": "normal"
  },
  {
    "question_number": 8,
    "question_text": "[]",
    "subject_unit": null,
    "options": [
      {
        "option_number": 1,
        "option_text": "[]",
        "option_image": "page_10_crop6_class0.jpg",
        "is_correct": false
      },
      {
        "option_number": 2,
        "option_text": "[]",
        "option_image": "page_10_crop7_class0.jpg",
        "is_correct": false
      },
      {
        "option_number": 3,
        "option_text": "[]",
        "option_image": "page_10_crop8_class0.jpg",
        "is_correct": false
      },
      {
        "option_number": 4,
        "option_text": "[]",
        "option_image": "page_10_crop9_class0.jpg",
        "is_correct": false
      },
      {
        "option_number": 5,
        "option_text": "[]",
        "option_image": "page_10_crop10_class0.jpg",
        "is_correct": false
      }
    ],
    "answer": null,
    "question_images": [],
    "marks": null,
    "difficulty": "normal"
  }
]
```
2025-06-17 13:52:50 - INFO - Parsing JSON content from Gemini response
2025-06-17 13:52:50 - INFO - Saved question 1 to q1.json
2025-06-17 13:52:50 - INFO - Saved question 2 to q2.json
2025-06-17 13:52:50 - INFO - Saved question 3 to q3.json
2025-06-17 13:52:50 - INFO - Saved question 4 to q4.json
2025-06-17 13:52:50 - INFO - Saved question 5 to q5.json
2025-06-17 13:52:50 - INFO - Saved question 6 to q6.json
2025-06-17 13:52:50 - INFO - Saved question 7 to q7.json
2025-06-17 13:52:50 - INFO - Saved question 8 to q8.json
2025-06-17 13:52:50 - INFO - Calling Gemini to convert pdf to json
2025-06-17 13:53:11 - DEBUG - Response from Gemini: ```json
[
  {
    "question_number": 47,
    "question_text": "Variation of the output potential ($V$) with time ($t$) of an alternating plate capacitor is shown in the figure. The other plate of the capacitor is kept unconnected. The variation of the potential ($V$) at the plate with time($t$) is best represented by",
    "subject_unit": null,
    "options": [
      {
        "option_number": 1,
        "option_text": "[]",
        "option_image": "page_10_crop10_class0.jpg",
        "is_correct": false
      },
      {
        "option_number": 2,
        "option_text": "[]",
        "option_image": "page_10_crop8_class0.jpg",
        "is_correct": false
      },
      {
        "option_number": 3,
        "option_text": "[]",
        "option_image": "page_10_crop6_class0.jpg",
        "is_correct": false
      },
      {
        "option_number": 4,
        "option_text": "[]",
        "option_image": "page_10_crop11_class0.jpg",
        "is_correct": true
      },
      {
        "option_number": 5,
        "option_text": "[]",
        "option_image": "page_10_crop13_class0.jpg",
        "is_correct": false
      }
    ],
    "answer": null,
    "question_images": [
      "page_10_crop12_class0.jpg"
    ],
    "marks": null,
    "difficulty": "normal"
  },
  {
    "question_number": 48,
    "question_text": "AB and CD represent two parallel straight long conducting wires fixed to a horizontal plane carrying current $I$ in each of them. $L$ is a conducting square loop placed on the same horizontal plane. Consider the following statements and the figure shown between AB and CD. Towards the following statements are correct:",
    "subject_unit": null,
    "options": [
      {
        "option_number": 1,
        "option_text": "only A and B are true.",
        "option_image": "[]",
        "is_correct": false
      },
      {
        "option_number": 2,
        "option_text": "only B and C are true.",
        "option_image": "[]",
        "is_correct": false
      },
      {
        "option_number": 3,
        "option_text": "only A, B and C are true.",
        "option_image": "[]",
        "is_correct": true
      },
      {
        "option_number": 4,
        "option_text": "only B, C and are true.",
        "option_image": "[]",
        "is_correct": false
      },
      {
        "option_number": 5,
        "option_text": "A, B, C and D are true.",
        "option_image": "[]",
        "is_correct": false
      }
    ],
    "answer": null,
    "question_images": [
      "page_10_crop1_class0.jpg"
    ],
    "marks": null,
    "difficulty": "normal"
  },
  {
    "question_number": 49,
    "question_text": "A small magnet is in the region of the direction lines of the field produced by a magnet as shown in the diagram. Magnetic field flux is confined to a small region plane with coil which north and south poles of magnet are perpendicular to the plane of the coil. Which of the following diagrams best represents the induced current in the eddy-current loops which are produced in this situation?",
    "subject_unit": null,
    "options": [
      {
        "option_number": 1,
        "option_text": "[]",
        "option_image": "page_10_crop9_class0.jpg",
        "is_correct": false
      },
      {
        "option_number": 2,
        "option_text": "[]",
        "option_image": "page_10_crop4_class0.jpg",
        "is_correct": false
      },
      {
        "option_number": 3,
        "option_text": "[]",
        "option_image": "page_10_crop3_class0.jpg",
        "is_correct": false
      },
      {
        "option_number": 4,
        "option_text": "[]",
        "option_image": "page_10_crop7_class0.jpg",
        "is_correct": false
      },
      {
        "option_number": 5,
        "option_text": "[]",
        "option_image": "page_10_crop5_class0.jpg",
        "is_correct": true
      }
    ],
    "answer": null,
    "question_images": [
      "page_10_crop2_class0.jpg"
    ],
    "marks": null,
    "difficulty": "normal"
  },
  {
    "question_number": 50,
    "question_text": "A small sphere is released from rest from point A in a track fixed vertically as shown in the figure. The sphere leaves the track horizontally at point B and falls under gravity until it hits the ground at a certain point. If the sphere is released from rest from point A, the velocity of the sphere at A and B are $u_A$, $u_B$ and the speed at respectively, which of the following is true?",
    "subject_unit": null,
    "options": [
      {
        "option_number": 1,
        "option_text": "$u_A = \\frac{1}{\\sqrt{2}}\\sqrt{gr}$ and $u_B = \\sqrt{gr}$",
        "option_image": "[]",
        "is_correct": false
      },
      {
        "option_number": 2,
        "option_text": "$u_A = \\sqrt{gr}$ and $u_B = \\frac{1}{\\sqrt{2}}\\sqrt{gr}$",
        "option_image": "[]",
        "is_correct": true
      },
      {
        "option_number": 3,
        "option_text": "$u_A = \\frac{1}{\\sqrt{2}}\\sqrt{gr}$ and $u_B = \\frac{1}{\\sqrt{2}}\\sqrt{gr}$",
        "option_image": "[]",
        "is_correct": false
      },
      {
        "option_number": 4,
        "option_text": "$u_A = \\sqrt{2gr}$ and $u_B = \\sqrt{2gr}$",
        "option_image": "[]",
        "is_correct": false
      },
      {
        "option_number": 5,
        "option_text": "$u_A = \\sqrt{2gr}$ and $u_B = \\sqrt{gr}$",
        "option_image": "[]",
        "is_correct": false
      }
    ],
    "answer": null,
    "question_images": [
      "page_10_crop9_class0.jpg"
    ],
    "marks": null,
    "difficulty": "normal"
  }
]
```
2025-06-17 13:53:11 - INFO - Parsing JSON content from Gemini response
2025-06-17 13:53:11 - INFO - Saved question 47 to q47.json
2025-06-17 13:53:11 - INFO - Saved question 48 to q48.json
2025-06-17 13:53:11 - INFO - Saved question 49 to q49.json
2025-06-17 13:53:11 - INFO - Saved question 50 to q50.json
2025-06-17 13:53:11 - INFO - Calling Gemini to convert pdf to json
2025-06-17 13:53:38 - DEBUG - Response from Gemini: ```json
[
  {
    "question_number": 7,
    "question_text": "A thin transparent convex lens made of ice is immersed in water at $0^\circ C$, rays of parallel light are made to incident on the lens as shown in the figure. The refractive indices of ice and water with respect to air are 1.31 and 1.33 respectively. Consider the following statements.\n(A) Ice lens behaves as a diverging lens under this situation.\n(B) Parallel light rays get converged to a point on the right side of the lens.\n(C) Real images cannot be observed under this situation.",
    "subject_unit": null,
    "options": [
      {
        "option_number": 1,
        "option_text": "only A is true.",
        "option_image": "[]",
        "is_correct": false
      },
      {
        "option_number": 2,
        "option_text": "only B is true.",
        "option_image": "[]",
        "is_correct": false
      },
      {
        "option_number": 3,
        "option_text": "only C is true.",
        "option_image": "[]",
        "is_correct": false
      },
      {
        "option_number": 4,
        "option_text": "only A and C are true.",
        "option_image": "[]",
        "is_correct": false
      },
      {
        "option_number": 5,
        "option_text": "only B and C are true.",
        "option_image": "[]",
        "is_correct": false
      }
    ],
    "answer": null,
    "question_images": [
      "page_2_crop0_class0.jpg"
    ],
    "marks": null,
    "difficulty": "normal"
  },
  {
    "question_number": 8,
    "question_text": "Current drawn from the battery in the circuit shown is",
    "subject_unit": null,
    "options": [
      {
        "option_number": 1,
        "option_text": "$6V$",
        "option_image": "[]",
        "is_correct": false
      },
      {
        "option_number": 2,
        "option_text": "$20V$",
        "option_image": "[]",
        "is_correct": false
      },
      {
        "option_number": 3,
        "option_text": "$21R$",
        "option_image": "[]",
        "is_correct": false
      },
      {
        "option_number": 4,
        "option_text": "$27V$",
        "option_image": "[]",
        "is_correct": false
      },
      {
        "option_number": 5,
        "option_text": "$133R$",
        "option_image": "[]",
        "is_correct": false
      }
    ],
    "answer": null,
    "question_images": [
      "page_2_crop7_class0.jpg"
    ],
    "marks": null,
    "difficulty": "normal"
  },
  {
    "question_number": 9,
    "question_text": "In a compound microscope under normal adjustment,",
    "subject_unit": null,
    "options": [
      {
        "option_number": 1,
        "option_text": "the object distance is less than the focal length of the objective.",
        "option_image": "[]",
        "is_correct": false
      },
      {
        "option_number": 2,
        "option_text": "the image formed by the objective is located within the focal length of the eyepiece.",
        "option_image": "[]",
        "is_correct": false
      },
      {
        "option_number": 3,
        "option_text": "the final image is real.",
        "option_image": "[]",
        "is_correct": false
      },
      {
        "option_number": 4,
        "option_text": "the overall angular magnification can be increased by using an objective having a larger focal length.",
        "option_image": "[]",
        "is_correct": false
      },
      {
        "option_number": 5,
        "option_text": "the body executes simple harmonic motion along the $x$-axis around the point $O$. The variation of the acceleration $(a)$ of the body with the displacement $(x)$ from $O$ is correctly represented in",
        "option_image": "[]",
        "is_correct": false
      }
    ],
    "answer": null,
    "question_images": [],
    "marks": null,
    "difficulty": "normal"
  },
  {
    "question_number": 10,
    "question_text": "the body executes simple harmonic motion along the $x$-axis around the point $O$. The variation of the acceleration $(a)$ of the body with the displacement $(x)$ from $O$ is correctly represented in",
    "subject_unit": null,
    "options": [
      {
        "option_number": 1,
        "option_text": "[]",
        "option_image": "page_2_crop4_class0.jpg",
        "is_correct": false
      },
      {
        "option_number": 2,
        "option_text": "[]",
        "option_image": "page_2_crop5_class0.jpg",
        "is_correct": false
      },
      {
        "option_number": 3,
        "option_text": "[]",
        "option_image": "page_2_crop2_class0.jpg",
        "is_correct": false
      },
      {
        "option_number": 4,
        "option_text": "[]",
        "option_image": "page_2_crop1_class0.jpg",
        "is_correct": false
      },
      {
        "option_number": 5,
        "option_text": "[]",
        "option_image": "page_2_crop3_class0.jpg",
        "is_correct": false
      }
    ],
    "answer": null,
    "question_images": [],
    "marks": null,
    "difficulty": "normal"
  },
  {
    "question_number": 11,
    "question_text": "Which of the following statements is not true regarding progressive transverse waves in a stretched string?",
    "subject_unit": null,
    "options": [
      {
        "option_number": 1,
        "option_text": "Direction of the motion of particles in the string is normal to the direction of propagation of the wave.",
        "option_image": "[]",
        "is_correct": false
      },
      {
        "option_number": 2,
        "option_text": "The speed of the wave is directly proportional to the square root of the mass per unit length of the string when the tension of the string is constant.",
        "option_image": "[]",
        "is_correct": false
      },
      {
        "option_number": 3,
        "option_text": "Energy carried by the wave depends on the amplitude of the wave.",
        "option_image": "[]",
        "is_correct": false
      },
      {
        "option_number": 4,
        "option_text": "Two adjacent particles of the string do not move with the same speed at a given instant.",
        "option_image": "[]",
        "is_correct": false
      },
      {
        "option_number": 5,
        "option_text": "The speed of the wave is independent of the frequency of the wave.",
        "option_image": "[]",
        "is_correct": false
      }
    ],
    "answer": null,
    "question_images": [],
    "marks": null,
    "difficulty": "normal"
  },
  {
    "question_number": 12,
    "question_text": "A solid sphere at a certain temperature is completely immersed and floating in a liquid at $8^\circ C$ as shown in the figure. Volume expansivity of the liquid is $\gamma_l$, $\gamma_l > \gamma_s$. The entire sphere with the liquid is cooled down to $4^\circ C$ with volume expansivity $\gamma_s$.",
    "subject_unit": null,
    "options": [
      {
        "option_number": 1,
        "option_text": "The density of the sphere will be greater than the liquid after cooling.",
        "option_image": "[]",
        "is_correct": false
      },
      {
        "option_number": 2,
        "option_text": "The magnitude of the upthrust acting on the sphere will not change.",
        "option_image": "[]",
        "is_correct": false
      },
      {
        "option_number": 3,
        "option_text": "The following statements will be true the surface of the liquid after cooling.",
        "option_image": "[]",
        "is_correct": false
      },
      {
        "option_number": 4,
        "option_text": "only B is true.",
        "option_image": "[]",
        "is_correct": false
      },
      {
        "option_number": 5,
        "option_text": "only A, B and C are true.",
        "option_image": "[]",
        "is_correct": false
      }
    ],
    "answer": null,
    "question_images": [
      "page_2_crop6_class0.jpg"
    ],
    "marks": null,
    "difficulty": "normal"
  }
]
```
2025-06-17 13:53:38 - INFO - Parsing JSON content from Gemini response
2025-06-17 13:53:38 - INFO - Saved question 7 to q7.json
2025-06-17 13:53:38 - INFO - Saved question 8 to q8.json
2025-06-17 13:53:38 - INFO - Saved question 9 to q9.json
2025-06-17 13:53:38 - INFO - Saved question 10 to q10.json
2025-06-17 13:53:38 - INFO - Saved question 11 to q11.json
2025-06-17 13:53:38 - INFO - Saved question 12 to q12.json
2025-06-17 13:53:38 - INFO - Calling Gemini to convert pdf to json
2025-06-17 13:54:03 - DEBUG - Response from Gemini: ```json
[
  {
    "question_number": 13,
    "question_text": "A solid block of metal of volume 1 $m^3$ and density 8$\times 10^3$ kg $m^{-3}$ rests at the bottom of a lake. What is the volume of a helium filled balloon connected as shown in the figure to make the block just float at the bottom of the lake? Neglect the mass of the balloon and the string. (Density of water = 1000 kg $m^{-3}$)",
    "subject_unit": null,
    "options": [
      {
        "option_number": 1,
        "option_text": "1 $m^3$",
        "option_image": "[]",
        "is_correct": false
      },
      {
        "option_number": 2,
        "option_text": "8 $m^3$",
        "option_image": "[]",
        "is_correct": false
      },
      {
        "option_number": 3,
        "option_text": "7 $m^3$",
        "option_image": "[]",
        "is_correct": false
      },
      {
        "option_number": 4,
        "option_text": "700 $m^3$",
        "option_image": "[]",
        "is_correct": false
      },
      {
        "option_number": 5,
        "option_text": "2 $m^3$",
        "option_image": "[]",
        "is_correct": false
      }
    ],
    "answer": null,
    "question_images": [
      "page_3_crop2_class0.jpg"
    ],
    "marks": null,
    "difficulty": "normal"
  },
  {
    "question_number": 14,
    "question_text": "One of the surfaces of a glass prism of refractive index 1.5, is silvered as shown in the figure. A ray of light falling on the face AB with an angle of incidence $\theta$ gets reflected from the silvered surface and returns along the same path. Which one of the following values of $\theta$ is correct?",
    "subject_unit": null,
    "options": [
      {
        "option_number": 1,
        "option_text": "$37^\circ$",
        "option_image": "[]",
        "is_correct": false
      },
      {
        "option_number": 2,
        "option_text": "$56^\circ$",
        "option_image": "[]",
        "is_correct": false
      },
      {
        "option_number": 3,
        "option_text": "$49^\circ$",
        "option_image": "[]",
        "is_correct": false
      },
      {
        "option_number": 4,
        "option_text": "$31^\circ$",
        "option_image": "[]",
        "is_correct": false
      },
      {
        "option_number": 5,
        "option_text": "$41^\circ$",
        "option_image": "[]",
        "is_correct": false
      }
    ],
    "answer": null,
    "question_images": [
      "page_3_crop5_class0.jpg"
    ],
    "marks": null,
    "difficulty": "normal"
  },
  {
    "question_number": 15,
    "question_text": "Figure shows a distribution of static electric charges enclosed by a Gaussian surface $S$. $X$ is an unknown charge. If the net outward electric flux through the surface $S$ is zero, then charge $X$ is",
    "subject_unit": null,
    "options": [
      {
        "option_number": 1,
        "option_text": "+3$q$",
        "option_image": "[]",
        "is_correct": false
      },
      {
        "option_number": 2,
        "option_text": "+2$q$",
        "option_image": "[]",
        "is_correct": false
      },
      {
        "option_number": 3,
        "option_text": "-3$q$",
        "option_image": "[]",
        "is_correct": false
      },
      {
        "option_number": 4,
        "option_text": "-$q$",
        "option_image": "[]",
        "is_correct": false
      },
      {
        "option_number": 5,
        "option_text": "-2$q$",
        "option_image": "[]",
        "is_correct": false
      }
    ],
    "answer": null,
    "question_images": [
      "page_3_crop4_class0.jpg"
    ],
    "marks": null,
    "difficulty": "normal"
  },
  {
    "question_number": 16,
    "question_text": "Three identical uniform metal discs are perforated to form twelve holes each disc with three different radii as shown in the figures (A), (B) and (C). The three discs A, B and C are arranged in a stack such that the holes coincide. The order in which the plane of the disc and passing through the centre are in the ascending order is:",
    "subject_unit": null,
    "options": [
      {
        "option_number": 1,
        "option_text": "A, B, C",
        "option_image": "[]",
        "is_correct": false
      },
      {
        "option_number": 2,
        "option_text": "B, A, C",
        "option_image": "[]",
        "is_correct": false
      },
      {
        "option_number": 3,
        "option_text": "C, B, A",
        "option_image": "[]",
        "is_correct": false
      },
      {
        "option_number": 4,
        "option_text": "B, C, A",
        "option_image": "[]",
        "is_correct": false
      },
      {
        "option_number": 5,
        "option_text": "A, C, B",
        "option_image": "[]",
        "is_correct": false
      }
    ],
    "answer": null,
    "question_images": [
      "page_3_crop3_class0.jpg"
    ],
    "marks": null,
    "difficulty": "normal"
  },
  {
    "question_number": 17,
    "question_text": "A person with radiation body temperature $30^\circ C$ is in an environment of temperature $20^\circ C$. The net rate of loss of heat due to radiation from the body is proportional to (Assume that the black body radiation conditions can be applied)",
    "subject_unit": null,
    "options": [
      {
        "option_number": 1,
        "option_text": "$30^4 - 293^4$",
        "option_image": "[]",
        "is_correct": false
      },
      {
        "option_number": 2,
        "option_text": "$293^4 - 303^4$",
        "option_image": "[]",
        "is_correct": false
      },
      {
        "option_number": 3,
        "option_text": "$30^4 - 20^4$",
        "option_image": "[]",
        "is_correct": false
      },
      {
        "option_number": 4,
        "option_text": "$303^4 - 293^4$",
        "option_image": "[]",
        "is_correct": false
      },
      {
        "option_number": 5,
        "option_text": "$303^4 - 20^4$",
        "option_image": "[]",
        "is_correct": false
      }
    ],
    "answer": null,
    "question_images": [],
    "marks": null,
    "difficulty": "normal"
  },
  {
    "question_number": 18,
    "question_text": "When the transistor shown in the circuit is biased in the active mode, the collector current is",
    "subject_unit": null,
    "options": [
      {
        "option_number": 1,
        "option_text": "0.60 mA",
        "option_image": "[]",
        "is_correct": false
      },
      {
        "option_number": 2,
        "option_text": "0.80 mA",
        "option_image": "[]",
        "is_correct": false
      },
      {
        "option_number": 3,
        "option_text": "1.25 mA",
        "option_image": "[]",
        "is_correct": false
      },
      {
        "option_number": 4,
        "option_text": "1.40 mA",
        "option_image": "[]",
        "is_correct": false
      },
      {
        "option_number": 5,
        "option_text": "2.50 mA",
        "option_image": "[]",
        "is_correct": false
      }
    ],
    "answer": null,
    "question_images": [
      "page_3_crop0_class0.jpg"
    ],
    "marks": null,
    "difficulty": "normal"
  },
  {
    "question_number": 19,
    "question_text": "When the switch $S$ is closed in the circuit shown,",
    "subject_unit": null,
    "options": [
      {
        "option_number": 1,
        "option_text": "only A will glow.",
        "option_image": "[]",
        "is_correct": false
      },
      {
        "option_number": 2,
        "option_text": "only B will glow.",
        "option_image": "[]",
        "is_correct": false
      },
      {
        "option_number": 3,
        "option_text": "only A and B will glow.",
        "option_image": "[]",
        "is_correct": false
      },
      {
        "option_number": 4,
        "option_text": "only B, C and D will glow.",
        "option_image": "[]",
        "is_correct": false
      },
      {
        "option_number": 5,
        "option_text": "all A, B, C and D will glow.",
        "option_image": "[]",
        "is_correct": false
      }
    ],
    "answer": null,
    "question_images": [
      "page_3_crop1_class0.jpg"
    ],
    "marks": null,
    "difficulty": "normal"
  }
]
```
2025-06-17 13:54:03 - INFO - Parsing JSON content from Gemini response
2025-06-17 13:54:03 - INFO - Saved question 13 to q13.json
2025-06-17 13:54:03 - INFO - Saved question 14 to q14.json
2025-06-17 13:54:03 - INFO - Saved question 15 to q15.json
2025-06-17 13:54:03 - INFO - Saved question 16 to q16.json
2025-06-17 13:54:03 - INFO - Saved question 17 to q17.json
2025-06-17 13:54:03 - INFO - Saved question 18 to q18.json
2025-06-17 13:54:03 - INFO - Saved question 19 to q19.json
2025-06-17 13:54:03 - INFO - Calling Gemini to convert pdf to json
2025-06-17 13:54:19 - DEBUG - Response from Gemini: ```json
[
  {
    "question_number": 20,
    "question_text": "Two digital voltage waveforms $A$ and $B$ shown are connected to the two inputs of the gate shown. The correct output voltage waveform is at $t = 0$",
    "subject_unit": null,
    "options": [
      {
        "option_number": 1,
        "option_text": "[]",
        "option_image": "page_4_crop5_class0.jpg",
        "is_correct": false
      },
      {
        "option_number": 2,
        "option_text": "[]",
        "option_image": "page_4_crop6_class0.jpg",
        "is_correct": false
      },
      {
        "option_number": 3,
        "option_text": "[]",
        "option_image": "page_4_crop4_class0.jpg",
        "is_correct": false
      },
      {
        "option_number": 4,
        "option_text": "[]",
        "option_image": "page_4_crop6_class0.jpg",
        "is_correct": false
      },
      {
        "option_number": 5,
        "option_text": "[]",
        "option_image": "page_4_crop5_class0.jpg",
        "is_correct": false
      }
    ],
    "answer": null,
    "question_images": [
      "page_4_crop3_class0.jpg"
    ],
    "marks": null,
    "difficulty": "normal"
  },
  {
    "question_number": 21,
    "question_text": "A beam of monochromatic light is incident on a metal surface which is capable of producing photoelectrons. If the frequency of the light is above the threshold frequency of the metal, the number of photoelectrons ejected from the metal surface is proportional to",
    "subject_unit": null,
    "options": [
      {
        "option_number": 1,
        "option_text": "the work function of the metal",
        "option_image": "[]",
        "is_correct": false
      },
      {
        "option_number": 2,
        "option_text": "the reciprocal of the kinetic energy of a photoelectron",
        "option_image": "[]",
        "is_correct": false
      },
      {
        "option_number": 3,
        "option_text": "frequency of the incident light",
        "option_image": "[]",
        "is_correct": false
      },
      {
        "option_number": 4,
        "option_text": "number of photons that hits the metal surface",
        "option_image": "[]",
        "is_correct": false
      },
      {
        "option_number": 5,
        "option_text": "number of three photo electrons",
        "option_image": "[]",
        "is_correct": false
      }
    ],
    "answer": null,
    "question_images": [],
    "marks": null,
    "difficulty": "normal"
  },
  {
    "question_number": 22,
    "question_text": "Positions of three cars 1, 2, and 3 travelling along three parallel straight lanes of a road at time $t = 0$ and $t = t_0$ are shown in figure (a), and their corresponding velocity ($v$) time ($t$) graphs are shown in figure (b).",
    "subject_unit": null,
    "options": [
      {
        "option_number": 1,
        "option_text": "$ABD = DEF$ and $ABD = DEF$",
        "option_image": "[]",
        "is_correct": false
      },
      {
        "option_number": 2,
        "option_text": "$BCD = DEF$ and the areas in the graphs satisfy the conditions",
        "option_image": "[]",
        "is_correct": false
      },
      {
        "option_number": 3,
        "option_text": "$CDB = DEG$ and $ACD = DEG$",
        "option_image": "[]",
        "is_correct": false
      },
      {
        "option_number": 4,
        "option_text": "$BCD = ABD$ only and $DEF = DFG$",
        "option_image": "[]",
        "is_correct": false
      },
      {
        "option_number": 5,
        "option_text": "$ACD = DVG$ and $BCD = DFG$",
        "option_image": "[]",
        "is_correct": false
      }
    ],
    "answer": null,
    "question_images": [
      "page_4_crop2_class0.jpg",
      "page_4_crop1_class0.jpg"
    ],
    "marks": null,
    "difficulty": "normal"
  },
  {
    "question_number": 23,
    "question_text": "A monkey climbed a certain vertical height along a vertical rope with length $L$ in $t_1$ seconds. See figure. Later the same monkey climbed the same vertical height along the same rope with another uniform speed in $t_2$ seconds. If the monkey applied the same power throughout its motion in both the cases, the speed with which the monkey climbed the rope in the second case is",
    "subject_unit": null,
    "options": [
      {
        "option_number": 1,
        "option_text": "$0.33 m s^{-1}$",
        "option_image": "[]",
        "is_correct": false
      },
      {
        "option_number": 2,
        "option_text": "$2.5 m s^{-1}$",
        "option_image": "[]",
        "is_correct": false
      },
      {
        "option_number": 3,
        "option_text": "$3 m s^{-1}$",
        "option_image": "[]",
        "is_correct": false
      },
      {
        "option_number": 4,
        "option_text": "$7.5 m s^{-1}$",
        "option_image": "[]",
        "is_correct": false
      },
      {
        "option_number": 5,
        "option_text": "$10 m s^{-1}$",
        "option_image": "[]",
        "is_correct": false
      }
    ],
    "answer": null,
    "question_images": [
      "page_4_crop0_class0.jpg"
    ],
    "marks": null,
    "difficulty": "normal"
  }
]
```
2025-06-17 13:54:19 - INFO - Parsing JSON content from Gemini response
2025-06-17 13:54:19 - INFO - Saved question 20 to q20.json
2025-06-17 13:54:19 - INFO - Saved question 21 to q21.json
2025-06-17 13:54:19 - INFO - Saved question 22 to q22.json
2025-06-17 13:54:19 - INFO - Saved question 23 to q23.json
2025-06-17 13:54:19 - INFO - Calling Gemini to convert pdf to json
2025-06-17 13:54:42 - DEBUG - Response from Gemini: ```json
[
  {
    "question_number": 24,
    "question_text": "In the figure shown, $F_1$, $F_2$, and $F_3$ represent fixed vectors of three forces acting at the point $O$ in the $x$-$y$ plane. Which is a vector representing the resultant of the three forces? The direction of the resultant vector when the best represents the direction of the resultant vector when the vector $F_4$ is at angles $\theta = 0^\circ$, $90^\circ$, and $180^\circ$.",
    "subject_unit": null,
    "options": [
      {
        "option_number": 1,
        "option_text": "[]",
        "option_image": "page_5_crop4_class0.jpg",
        "is_correct": false
      },
      {
        "option_number": 2,
        "option_text": "[]",
        "option_image": "[]",
        "is_correct": false
      },
      {
        "option_number": 3,
        "option_text": "[]",
        "option_image": "[]",
        "is_correct": false
      },
      {
        "option_number": 4,
        "option_text": "[]",
        "option_image": "[]",
        "is_correct": false
      },
      {
        "option_number": 5,
        "option_text": "[]",
        "option_image": "[]",
        "is_correct": false
      }
    ],
    "answer": null,
    "question_images": [
      "page_5_crop0_class0.jpg"
    ],
    "marks": null,
    "difficulty": "normal"
  },
  {
    "question_number": 25,
    "question_text": "A pipe laid horizontally carries a liquid of density $\\rho$ at a constant speed $v$ from a pressurized large over-head tank. Pipe passes through a shallow region of muddy water as shown in the figure. Pressure at $X$ is $P$. Suppose a small crack has been developed on the pipe line above the muddy water. The liquid spurts out with a velocity $v_0$. Assume that the condition for sceeping of muddy water into the pipe is that the liquid pressure at $X$ is less than the pressure at height $h$ from the ground, and that the muddy water seep into constant height $h$ from the ground. Which of the following is correct?",
    "subject_unit": null,
    "options": [
      {
        "option_number": 1,
        "option_text": "$P + \\rho g h < \\frac{1}{2} \\rho v_0^2$",
        "option_image": "[]",
        "is_correct": false
      },
      {
        "option_number": 2,
        "option_text": "$P + \\rho g h > \\frac{1}{2} \\rho v_0^2$",
        "option_image": "[]",
        "is_correct": false
      },
      {
        "option_number": 3,
        "option_text": "$P + \\rho g h = \\frac{1}{2} \\rho v_0^2$",
        "option_image": "[]",
        "is_correct": false
      },
      {
        "option_number": 4,
        "option_text": "$P - \\frac{1}{2} \\rho v^2 - \\rho g h < P_0$",
        "option_image": "[]",
        "is_correct": false
      },
      {
        "option_number": 5,
        "option_text": "$P - \\frac{1}{2} \\rho v^2 - \\rho g h > P_0$",
        "option_image": "[]",
        "is_correct": false
      }
    ],
    "answer": null,
    "question_images": [
      "page_5_crop2_class0.jpg"
    ],
    "marks": null,
    "difficulty": "normal"
  },
  {
    "question_number": 26,
    "question_text": "In the given circuit, each cell has e.m.f. $E$ and internal resistance $r$. Current $I$ is given by",
    "subject_unit": null,
    "options": [
      {
        "option_number": 1,
        "option_text": "$\\frac{E}{R+r}$",
        "option_image": "[]",
        "is_correct": false
      },
      {
        "option_number": 2,
        "option_text": "$\\frac{2E}{R}$",
        "option_image": "[]",
        "is_correct": false
      },
      {
        "option_number": 3,
        "option_text": "$\\frac{2E}{R+r}$",
        "option_image": "[]",
        "is_correct": false
      },
      {
        "option_number": 4,
        "option_text": "$\\frac{E}{R+7}$",
        "option_image": "[]",
        "is_correct": false
      },
      {
        "option_number": 5,
        "option_text": "$\\frac{4E}{R}$",
        "option_image": "[]",
        "is_correct": false
      }
    ],
    "answer": null,
    "question_images": [
      "page_5_crop1_class0.jpg"
    ],
    "marks": null,
    "difficulty": "normal"
  },
  {
    "question_number": 27,
    "question_text": "The part of a smooth wire XY is placed on the magnetic field consists of a straight conducting horizontal region CDEFGH in a soap film of surface tension T is formed in the region DEFGH. A magnetic field of flux density B is applied perpendicular to the plane of the film. The magnitude of the current needed to setup through $D \to G$ is",
    "subject_unit": null,
    "options": [
      {
        "option_number": 1,
        "option_text": "$\\frac{2T}{B}$ in the direction of $D \to G$",
        "option_image": "[]",
        "is_correct": false
      },
      {
        "option_number": 2,
        "option_text": "$\\frac{T}{2B}$ in the direction of $D \to G$",
        "option_image": "[]",
        "is_correct": false
      },
      {
        "option_number": 3,
        "option_text": "$\\frac{2T}{B}$ in the direction of $G \to D$",
        "option_image": "[]",
        "is_correct": false
      },
      {
        "option_number": 4,
        "option_text": "$\\frac{4T}{B}$ in the direction of $D \to G$",
        "option_image": "[]",
        "is_correct": false
      },
      {
        "option_number": 5,
        "option_text": "$\\frac{B}{2T}$ in the direction of $G \to D$",
        "option_image": "[]",
        "is_correct": false
      }
    ],
    "answer": null,
    "question_images": [
      "page_5_crop3_class0.jpg"
    ],
    "marks": null,
    "difficulty": "normal"
  },
  {
    "question_number": 28,
    "question_text": "If the coefficient of viscosity of all fluids is reduced below the existing value without reaching the conditions for turbulence, which of the following will be correct?",
    "subject_unit": null,
    "options": [
      {
        "option_number": 1,
        "option_text": "Liquid flow rates in narrow tubes will be higher.",
        "option_image": "[]",
        "is_correct": false
      },
      {
        "option_number": 2,
        "option_text": "Heart may have to do less work to pump blood.",
        "option_image": "[]",
        "is_correct": false
      },
      {
        "option_number": 3,
        "option_text": "Resistance due to air drag on moving motor cars will decrease.",
        "option_image": "[]",
        "is_correct": false
      },
      {
        "option_number": 4,
        "option_text": "Terminal speeds acquired by rain drops will become smaller.",
        "option_image": "[]",
        "is_correct": false
      },
      {
        "option_number": 5,
        "option_text": "[]",
        "option_image": "[]",
        "is_correct": false
      }
    ],
    "answer": null,
    "question_images": [],
    "marks": null,
    "difficulty": "normal"
  }
]
```
2025-06-17 13:54:42 - INFO - Parsing JSON content from Gemini response
2025-06-17 13:54:42 - INFO - Saved question 24 to q24.json
2025-06-17 13:54:42 - INFO - Saved question 25 to q25.json
2025-06-17 13:54:42 - INFO - Saved question 26 to q26.json
2025-06-17 13:54:42 - INFO - Saved question 27 to q27.json
2025-06-17 13:54:42 - INFO - Saved question 28 to q28.json
2025-06-17 13:54:42 - INFO - Calling Gemini to convert pdf to json
2025-06-17 13:55:02 - DEBUG - Response from Gemini: ```json
[
  {
    "question_number": 29,
    "question_text": "Four charges each of $\\pm q$ are fixed at the vertices of a square ABCD as shown in the figure. If the two charges at A and B are vanished simultaneously, which of the following is not true regarding the movement of the particle of charge $-q$ at O? (Neglect the gravitational effects and the air resistance on the particle).",
    "subject_unit": null,
    "options": [
      {
        "option_number": 1,
        "option_text": "It will begin to accelerate in the direction OP.",
        "option_image": "[]",
        "is_correct": false
      },
      {
        "option_number": 2,
        "option_text": "It will reach at P.",
        "option_image": "[]",
        "is_correct": false
      },
      {
        "option_number": 3,
        "option_text": "Once it arrives at P, it will move further.",
        "option_image": "[]",
        "is_correct": false
      },
      {
        "option_number": 4,
        "option_text": "It will oscillate between maximum acceleration at P.",
        "option_image": "[]",
        "is_correct": false
      },
      {
        "option_number": 5,
        "option_text": "Along OP it will return to O.",
        "option_image": "[]",
        "is_correct": false
      }
    ],
    "answer": null,
    "question_images": [
      "page_6_crop2_class0.jpg"
    ],
    "marks": null,
    "difficulty": "normal"
  },
  {
    "question_number": 30,
    "question_text": "As shown in the figure (b), an alternating voltage source is producing the voltage waveform shown in figure (a) is connected to the primary circuit of a transformer. The primary circuit is well insulated electrically from the secondary coil of 5 kV as shown in the figure (c). Estimate that the primary coil is well insulated electrically from the secondary coil.",
    "subject_unit": null,
    "options": [
      {
        "option_number": 1,
        "option_text": "[]",
        "option_image": "page_6_crop8_class0.jpg",
        "is_correct": false
      },
      {
        "option_number": 2,
        "option_text": "[]",
        "option_image": "page_6_crop1_class0.jpg",
        "is_correct": false
      },
      {
        "option_number": 3,
        "option_text": "[]",
        "option_image": "page_6_crop3_class0.jpg",
        "is_correct": false
      },
      {
        "option_number": 4,
        "option_text": "[]",
        "option_image": "page_6_crop0_class0.jpg",
        "is_correct": false
      },
      {
        "option_number": 5,
        "option_text": "[]",
        "option_image": "page_6_crop4_class0.jpg",
        "is_correct": false
      }
    ],
    "answer": null,
    "question_images": [
      "page_6_crop7_class0.jpg"
    ],
    "marks": null,
    "difficulty": "normal"
  },
  {
    "question_number": 31,
    "question_text": "Part of a huge man-made garbage dump on a large marshy land suddenly collapsed and sank ejecting nearby houses up which had been built on the marshy land.",
    "subject_unit": null,
    "options": [
      {
        "option_number": 1,
        "option_text": "Principle of floatation",
        "option_image": "[]",
        "is_correct": false
      },
      {
        "option_number": 2,
        "option_text": "Pascal's principle",
        "option_image": "[]",
        "is_correct": false
      },
      {
        "option_number": 3,
        "option_text": "Principle of moments",
        "option_image": "[]",
        "is_correct": false
      },
      {
        "option_number": 4,
        "option_text": "Principle of conservation of momentum",
        "option_image": "[]",
        "is_correct": false
      },
      {
        "option_number": 5,
        "option_text": "A certain mass of ideal gas is taken through a cycle process ABCD as shown in the P-V diagram. Which of the following is not true?",
        "option_image": "[]",
        "is_correct": false
      }
    ],
    "answer": null,
    "question_images": [
      "page_6_crop5_class0.jpg"
    ],
    "marks": null,
    "difficulty": "normal"
  }
]
```
2025-06-17 13:55:02 - INFO - Parsing JSON content from Gemini response
2025-06-17 13:55:02 - INFO - Saved question 29 to q29.json
2025-06-17 13:55:02 - INFO - Saved question 30 to q30.json
2025-06-17 13:55:02 - INFO - Saved question 31 to q31.json
2025-06-17 13:55:02 - INFO - Calling Gemini to convert pdf to json
2025-06-17 13:55:31 - DEBUG - Response from Gemini: ```json
[
  {
    "question_number": 33,
    "question_text": "A flute player produces a flute in a location where the speed of sound in air is 330 m/s$^1$ when the note A is played, it occurs exactly at 440 Hz. If the tuning fork of this flute is sounded simultaneously with the same note A produced by another flute at a location where the speed of sound is 333 m/s$^1$, where the speed of sound in air is 333 m/s$^1$, a flute beat frequency of 440 Hz will be produced. What will be the flute beat frequency?",
    "subject_unit": null,
    "options": [
      {
        "option_number": 1,
        "option_text": "12 Hz",
        "option_image": "[]",
        "is_correct": false
      },
      {
        "option_number": 2,
        "option_text": "1 Hz",
        "option_image": "[]",
        "is_correct": false
      },
      {
        "option_number": 3,
        "option_text": "2 Hz",
        "option_image": "[]",
        "is_correct": false
      },
      {
        "option_number": 4,
        "option_text": "3 Hz",
        "option_image": "[]",
        "is_correct": false
      },
      {
        "option_number": 5,
        "option_text": "0 Hz",
        "option_image": "[]",
        "is_correct": false
      }
    ],
    "answer": null,
    "question_images": [],
    "marks": null,
    "difficulty": "normal"
  },
  {
    "question_number": 34,
    "question_text": "Two conducting loops A and B made of a material that is not attracted to magnets are placed on a frictionless, insulated rail as shown in the figure. The second free bar magnet is then suddenly moved to the right as shown in the figure. As a result,",
    "subject_unit": null,
    "options": [
      {
        "option_number": 1,
        "option_text": "both loops A and B move towards the right",
        "option_image": "[]",
        "is_correct": false
      },
      {
        "option_number": 2,
        "option_text": "both loops A and B move towards the left",
        "option_image": "[]",
        "is_correct": false
      },
      {
        "option_number": 3,
        "option_text": "loop A and B move away from each other",
        "option_image": "[]",
        "is_correct": false
      },
      {
        "option_number": 4,
        "option_text": "loops A and B move towards each other",
        "option_image": "[]",
        "is_correct": false
      },
      {
        "option_number": 5,
        "option_text": "loop A moves towards the right and loop B remains at rest",
        "option_image": "[]",
        "is_correct": false
      }
    ],
    "answer": null,
    "question_images": [
      "page_7_crop2_class0.jpg"
    ],
    "marks": null,
    "difficulty": "normal"
  },
  {
    "question_number": 35,
    "question_text": "Four reservoirs X, B, C and D and E of equal capacity are connected as shown. The reservoir X is maintained at 100$^\circ$C while the temperatures of the other reservoirs are 50$^\circ$C, 25$^\circ$C, 25$^\circ$C and 25$^\circ$C respectively. The lengths of the rods are not drawn to the scale. If the cross-section conducting rod between X and B is twice the area of cross-section. Lengths of the rods will be",
    "subject_unit": null,
    "options": [
      {
        "option_number": 1,
        "option_text": "$2L$",
        "option_image": "[]",
        "is_correct": false
      },
      {
        "option_number": 2,
        "option_text": "$L/2$",
        "option_image": "[]",
        "is_correct": false
      },
      {
        "option_number": 3,
        "option_text": "$L$",
        "option_image": "[]",
        "is_correct": false
      },
      {
        "option_number": 4,
        "option_text": "$2$",
        "option_image": "[]",
        "is_correct": false
      },
      {
        "option_number": 5,
        "option_text": "$2/L$",
        "option_image": "[]",
        "is_correct": false
      }
    ],
    "answer": null,
    "question_images": [
      "page_7_crop0_class0.jpg"
    ],
    "marks": null,
    "difficulty": "normal"
  },
  {
    "question_number": 36,
    "question_text": "In an experiment to determine the specific latent heat of fusion ($L$) of ice using method of mixtures, a student obtained a value of L which is lower than the standard value. Reasons for the lower value for L have been explained by the student with the following statements:",
    "subject_unit": null,
    "options": [
      {
        "option_number": 1,
        "option_text": "It may have been due to dew having formed on the outer surface of the calorimeter while doing the experiment.",
        "option_image": "[]",
        "is_correct": false
      },
      {
        "option_number": 2,
        "option_text": "Water on the pieces of ice may have not been properly wiped out before adding to the calorimeter.",
        "option_image": "[]",
        "is_correct": false
      },
      {
        "option_number": 3,
        "option_text": "Temperature of the ice used may have been lower than 0$^\circ$C.",
        "option_image": "[]",
        "is_correct": false
      },
      {
        "option_number": 4,
        "option_text": "only B and C can be accepted.",
        "option_image": "[]",
        "is_correct": false
      },
      {
        "option_number": 5,
        "option_text": "only A and B can be accepted.",
        "option_image": "[]",
        "is_correct": false
      }
    ],
    "answer": null,
    "question_images": [],
    "marks": null,
    "difficulty": "normal"
  },
  {
    "question_number": 37,
    "question_text": "Three large closed rooms X, Y and Z are at temperatures 35$^\circ$C, 25$^\circ$C and 20$^\circ$C respectively. Assume that all the rooms are saturated with water vapour. Consider the following statements:",
    "subject_unit": null,
    "options": [
      {
        "option_number": 1,
        "option_text": "If the person enters the room X, initially some of the sweat will begin to evaporate.",
        "option_image": "[]",
        "is_correct": false
      },
      {
        "option_number": 2,
        "option_text": "If the person enters the room Z, initially some of the sweat will begin to evaporate.",
        "option_image": "[]",
        "is_correct": false
      },
      {
        "option_number": 3,
        "option_text": "If the person enters the room Y, initially some of the sweat will begin to evaporate.",
        "option_image": "[]",
        "is_correct": false
      },
      {
        "option_number": 4,
        "option_text": "only B and C are true.",
        "option_image": "[]",
        "is_correct": false
      },
      {
        "option_number": 5,
        "option_text": "only A and B are true.",
        "option_image": "[]",
        "is_correct": false
      }
    ],
    "answer": null,
    "question_images": [],
    "marks": null,
    "difficulty": "normal"
  },
  {
    "question_number": 38,
    "question_text": "A vertical uniform rod of length $L$ is fixed at one end firmly and fixed to a horizontal surface at the other end. When the rod is placed in a vacuum chamber hung from the roof, as shown in figure (b). Assume that the chamber does not exert any force at contact points with the rod. If $L_0$ is the length of the rod in vacuum and $L$ is the length of the rod in air, then the ratio $\frac{L}{L_0}$ is given by",
    "subject_unit": null,
    "options": [
      {
        "option_number": 1,
        "option_text": "$\\frac{1}{1+Y}$",
        "option_image": "[]",
        "is_correct": false
      },
      {
        "option_number": 2,
        "option_text": "$\\frac{1}{1-Y}$",
        "option_image": "[]",
        "is_correct": false
      },
      {
        "option_number": 3,
        "option_text": "$\\frac{Y}{1-Y}$",
        "option_image": "[]",
        "is_correct": false
      },
      {
        "option_number": 4,
        "option_text": "$\\frac{Y}{1+Y}$",
        "option_image": "[]",
        "is_correct": false
      },
      {
        "option_number": 5,
        "option_text": "$\\frac{1-Y}{Y}$",
        "option_image": "[]",
        "is_correct": false
      }
    ],
    "answer": null,
    "question_images": [
      "page_7_crop1_class0.jpg"
    ],
    "marks": null,
    "difficulty": "normal"
  }
]
```
2025-06-17 13:55:31 - INFO - Parsing JSON content from Gemini response
2025-06-17 13:55:31 - INFO - Saved question 33 to q33.json
2025-06-17 13:55:31 - INFO - Saved question 34 to q34.json
2025-06-17 13:55:31 - INFO - Saved question 35 to q35.json
2025-06-17 13:55:31 - INFO - Saved question 36 to q36.json
2025-06-17 13:55:31 - INFO - Saved question 37 to q37.json
2025-06-17 13:55:31 - INFO - Saved question 38 to q38.json
2025-06-17 13:55:31 - INFO - Calling Gemini to convert pdf to json
2025-06-17 13:55:54 - DEBUG - Response from Gemini: ```json
[
  {
    "question_number": 39,
    "question_text": "The figures (A), (B) and (C) show a moving sound source $S$ producing different frequencies $f_1$, $f_2$ and $f_3$ at three different situations. $O$ is an observer carrying a sound frequency detector. Speed and the direction of sound source and observer are shown in the figures. If the detector detects the same value for the frequency in all three situations are shown in the figures. If the detector detects the same value for the frequency in all three situations, then",
    "subject_unit": null,
    "options": [
      {
        "option_number": 1,
        "option_text": "$f_1 < f_2 < f_3$",
        "option_image": "[]",
        "is_correct": false
      },
      {
        "option_number": 2,
        "option_text": "$f_2 < f_1 < f_3$",
        "option_image": "[]",
        "is_correct": false
      },
      {
        "option_number": 3,
        "option_text": "$f_3 < f_1 < f_2$",
        "option_image": "[]",
        "is_correct": false
      },
      {
        "option_number": 4,
        "option_text": "$f_1 < f_3 < f_2$",
        "option_image": "[]",
        "is_correct": false
      },
      {
        "option_number": 5,
        "option_text": "$f_3 < f_2 < f_1$",
        "option_image": "[]",
        "is_correct": false
      }
    ],
    "answer": null,
    "question_images": [
      "page_8_crop1_class0.jpg",
      "page_8_crop18_class0.jpg"
    ],
    "marks": null,
    "difficulty": "normal"
  },
  {
    "question_number": 48,
    "question_text": "When the switch $S$ in the circuit is closed at time $t = 0$, the voltage $V$ of the power supply varies with time $t$ according to the equation $V = K t^2$, where the power supply $V$ is in volts and $t$ is in seconds. The variation of power dissipation $P$ in the 4 $\Omega$ resistor with time ($t$) is best represented by",
    "subject_unit": null,
    "options": [
      {
        "option_number": 1,
        "option_text": "[]",
        "option_image": "page_8_crop11_class0.jpg",
        "is_correct": false
      },
      {
        "option_number": 2,
        "option_text": "[]",
        "option_image": "page_8_crop5_class0.jpg",
        "is_correct": false
      },
      {
        "option_number": 3,
        "option_text": "[]",
        "option_image": "page_8_crop8_class0.jpg",
        "is_correct": false
      },
      {
        "option_number": 4,
        "option_text": "[]",
        "option_image": "page_8_crop7_class0.jpg",
        "is_correct": false
      },
      {
        "option_number": 5,
        "option_text": "[]",
        "option_image": "page_8_crop14_class0.jpg",
        "is_correct": false
      }
    ],
    "answer": null,
    "question_images": [
      "page_8_crop13_class0.jpg"
    ],
    "marks": null,
    "difficulty": "normal"
  },
  {
    "question_number": 49,
    "question_text": "In the circuit shown $V_1$ is a variable voltage provided by a battery. Variation of the voltage across the resistor $R$ ($V_2$) with $V_1$ is best represented by (Neglect the internal resistances of both power supplies).",
    "subject_unit": null,
    "options": [
      {
        "option_number": 1,
        "option_text": "[]",
        "option_image": "page_8_crop2_class0.jpg",
        "is_correct": false
      },
      {
        "option_number": 2,
        "option_text": "[]",
        "option_image": "page_8_crop10_class0.jpg",
        "is_correct": false
      },
      {
        "option_number": 3,
        "option_text": "[]",
        "option_image": "page_8_crop3_class0.jpg",
        "is_correct": false
      },
      {
        "option_number": 4,
        "option_text": "[]",
        "option_image": "page_8_crop6_class0.jpg",
        "is_correct": false
      },
      {
        "option_number": 5,
        "option_text": "[]",
        "option_image": "page_8_crop0_class0.jpg",
        "is_correct": false
      }
    ],
    "answer": null,
    "question_images": [
      "page_8_crop12_class0.jpg"
    ],
    "marks": null,
    "difficulty": "normal"
  },
  {
    "question_number": 42,
    "question_text": "A volume $V$ of a mixture of ideal gases contains $n_A$ moles of gas A and $n_B$ moles of gas B at a constant temperature. The variation of the partial pressures $P_A$ and $P_B$ of the gases A and B respectively, and the overall pressure $P_M$ of the mixture with $\dfrac{1}{V}$ at the above constant temperature is best represented in",
    "subject_unit": null,
    "options": [
      {
        "option_number": 1,
        "option_text": "[]",
        "option_image": "page_8_crop9_class0.jpg",
        "is_correct": false
      },
      {
        "option_number": 2,
        "option_text": "[]",
        "option_image": "page_8_crop4_class0.jpg",
        "is_correct": false
      },
      {
        "option_number": 3,
        "option_text": "[]",
        "option_image": "page_8_crop15_class0.jpg",
        "is_correct": false
      },
      {
        "option_number": 4,
        "option_text": "[]",
        "option_image": "page_8_crop17_class0.jpg",
        "is_correct": false
      },
      {
        "option_number": 5,
        "option_text": "[]",
        "option_image": "page_8_crop16_class0.jpg",
        "is_correct": false
      }
    ],
    "answer": null,
    "question_images": [],
    "marks": null,
    "difficulty": "normal"
  }
]
```
2025-06-17 13:55:54 - INFO - Parsing JSON content from Gemini response
2025-06-17 13:55:54 - INFO - Saved question 39 to q39.json
2025-06-17 13:55:55 - INFO - Saved question 48 to q48.json
2025-06-17 13:55:55 - INFO - Saved question 49 to q49.json
2025-06-17 13:55:55 - INFO - Saved question 42 to q42.json
2025-06-17 13:55:55 - INFO - Calling Gemini to convert pdf to json
2025-06-17 13:56:18 - DEBUG - Response from Gemini: ```json
[
  {
    "question_number": 43,
    "question_text": "A river flows steadily at a constant velocity $v$. A rectangular block of wood having density less than that of water is released from rest at the riverbank. The block floats and moves downstream with respect to the riverbank, and then slowly lowered to the water until the floating condition is achieved and then released as it is shown in figure. Assume that the initial speed of the wooden block in the river is zero. The variation of the impulsive force, viscous force and momentum of the block with time, from the instant of the impulsive force acting on the block, the viscous force acting on the block by water, and the momentum of the block? (Neglect effect due to air drag)",
    "subject_unit": null,
    "options": [
      {
        "option_number": 1,
        "option_text": "Decreases from a higher value to zero",
        "option_image": "[]",
        "is_correct": false
      },
      {
        "option_number": 2,
        "option_text": "Increases and becomes constant",
        "option_image": "[]",
        "is_correct": false
      },
      {
        "option_number": 3,
        "option_text": "Decreases and becomes constant",
        "option_image": "[]",
        "is_correct": false
      },
      {
        "option_number": 4,
        "option_text": "Decreases from a higher value to zero",
        "option_image": "[]",
        "is_correct": false
      },
      {
        "option_number": 5,
        "option_text": "Increases and becomes constant",
        "option_image": "[]",
        "is_correct": false
      }
    ],
    "answer": null,
    "question_images": [
      "page_9_crop11_class0.jpg"
    ],
    "marks": null,
    "difficulty": "normal"
  },
  {
    "question_number": 44,
    "question_text": "A uniform solid wheel rolls along a flat surface at a uniform velocity $v$ without slipping. The velocity of the point $P$ on the circumference of the wheel is shown in the figure. Location of the point $P$ at $t = 0$ is also shown in the figure. Variation of the horizontal component of the velocity ($v_x$) of the point $P$ with respect to the surface with time ($t$) is best represented by",
    "subject_unit": null,
    "options": [
      {
        "option_number": 1,
        "option_text": "[]",
        "option_image": "page_9_crop7_class0.jpg",
        "is_correct": false
      },
      {
        "option_number": 2,
        "option_text": "[]",
        "option_image": "page_9_crop2_class0.jpg",
        "is_correct": false
      },
      {
        "option_number": 3,
        "option_text": "[]",
        "option_image": "page_9_crop0_class0.jpg",
        "is_correct": false
      },
      {
        "option_number": 4,
        "option_text": "[]",
        "option_image": "page_9_crop4_class0.jpg",
        "is_correct": false
      },
      {
        "option_number": 5,
        "option_text": "[]",
        "option_image": "page_9_crop1_class0.jpg",
        "is_correct": false
      }
    ],
    "answer": null,
    "question_images": [
      "page_9_crop14_class0.jpg"
    ],
    "marks": null,
    "difficulty": "normal"
  },
  {
    "question_number": 45,
    "question_text": "Figures (A), (B) and (C) show distributions of a positive charge $Q$ in three situations. In figure (A), charge $Q$ is in the form of a thin circular arc of radius $R$ with its centre located at point $P$. In figure (C), charge $Q$ is uniformly distributed in the form of a thin ring of radius $R$ with its centre at point $P$. If the potentials are $V_A$, $V_B$, and $V_C$ at points $P$ in figures (A), (B) and (C) respectively, which of the following answers is true?",
    "subject_unit": null,
    "options": [
      {
        "option_number": 1,
        "option_text": "$V_A > V_B > V_C$",
        "option_image": "[]",
        "is_correct": false
      },
      {
        "option_number": 2,
        "option_text": "$V_A > V_B > V_C$",
        "option_image": "[]",
        "is_correct": false
      },
      {
        "option_number": 3,
        "option_text": "$V_A = V_B = V_C$",
        "option_image": "[]",
        "is_correct": false
      },
      {
        "option_number": 4,
        "option_text": "$V_A = V_B = V_C$",
        "option_image": "[]",
        "is_correct": false
      },
      {
        "option_number": 5,
        "option_text": "$V_A = V_B = V_C$",
        "option_image": "[]",
        "is_correct": false
      }
    ],
    "answer": null,
    "question_images": [
      "page_9_crop3_class0.jpg",
      "page_9_crop6_class0.jpg"
    ],
    "marks": null,
    "difficulty": "normal"
  },
  {
    "question_number": 46,
    "question_text": "A rectangular block rests on an inclined plane as shown in figure (a). The direction of the resultant force $F$ exerted on the inclined plane by the block is best represented by",
    "subject_unit": null,
    "options": [
      {
        "option_number": 1,
        "option_text": "[]",
        "option_image": "page_9_crop8_class0.jpg",
        "is_correct": false
      },
      {
        "option_number": 2,
        "option_text": "[]",
        "option_image": "page_9_crop12_class0.jpg",
        "is_correct": false
      },
      {
        "option_number": 3,
        "option_text": "[]",
        "option_image": "page_9_crop5_class0.jpg",
        "is_correct": false
      },
      {
        "option_number": 4,
        "option_text": "[]",
        "option_image": "page_9_crop9_class0.jpg",
        "is_correct": false
      },
      {
        "option_number": 5,
        "option_text": "[]",
        "option_image": "page_9_crop13_class0.jpg",
        "is_correct": false
      }
    ],
    "answer": null,
    "question_images": [],
    "marks": null,
    "difficulty": "normal"
  }
]
```
2025-06-17 13:56:18 - INFO - Parsing JSON content from Gemini response
2025-06-17 13:56:18 - INFO - Saved question 43 to q43.json
2025-06-17 13:56:18 - INFO - Saved question 44 to q44.json
2025-06-17 13:56:18 - INFO - Saved question 45 to q45.json
2025-06-17 13:56:18 - INFO - Saved question 46 to q46.json
2025-06-17 13:56:18 - DEBUG - Write | Json | ./data/Gold/2017-AL-Physics-All-English/mcq/questions
2025-06-17 13:56:18 - INFO - Converted questions to JSON

2025-06-17 13:56:18 - INFO - Metadata for 2017-AL-Physics-All-English written to ./data/metadata/2017-AL-Physics-All-English.json
2025-06-17 13:56:18 - DEBUG - Metadata content: {
  "pdf": "2017-AL-Physics-All-English.pdf",
  "progress": 3,
  "steps": {
    "bronze_to_silver": {
      "status": "done",
      "source_layer": "Bronze",
      "source_path": "./data/Bronze/2017-AL-Physics-All-English.pdf",
      "target_layer": "Silver",
      "target_path": "./data/Silver/2017-AL-Physics-All-English",
      "timestamp": "2025-06-13T22:23:41.296423"
    },
    "silver_to_gold_i": {
      "status": "done",
      "source_layer": "Silver",
      "source_path": "./data/Silver/2017-AL-Physics-All-English",
      "target_layer": "Gold_Images",
      "target_path": "./data/Gold/2017-AL-Physics-All-English",
      "timestamp": "2025-06-13T22:23:53.128659"
    },
    "silver_gold_to_gold_q": {
      "status": "done",
      "source_layer": "Silver + Gold_Images",
      "source_path": "./data/Silver/2017-AL-Physics-All-English, ./data/Gold/2017-AL-Physics-All-English",
      "target_layer": "Gold_Questions",
      "target_path": "./data/Gold/2017-AL-Physics-All-English",
      "timestamp": "2025-06-17T13:56:18.439238"
    }
  },
  "last_modified": "2025-06-17T13:56:18.439244"
}
2025-06-17 13:56:18 - INFO - Converted page_2_crop6_class0.jpg to base64
2025-06-17 13:56:18 - INFO - Converted page_3_crop2_class0.jpg to base64
2025-06-17 13:56:18 - INFO - Converted page_3_crop5_class0.jpg to base64
2025-06-17 13:56:18 - INFO - Converted page_3_crop4_class0.jpg to base64
2025-06-17 13:56:18 - INFO - Converted page_3_crop3_class0.jpg to base64
2025-06-17 13:56:18 - INFO - Converted page_3_crop0_class0.jpg to base64
2025-06-17 13:56:18 - INFO - Converted page_3_crop1_class0.jpg to base64
2025-06-17 13:56:18 - INFO - Converted page_4_crop3_class0.jpg to base64
2025-06-17 13:56:18 - INFO - Converted page_4_crop2_class0.jpg to base64
2025-06-17 13:56:18 - INFO - Converted page_4_crop1_class0.jpg to base64
2025-06-17 13:56:18 - INFO - Converted page_4_crop0_class0.jpg to base64
2025-06-17 13:56:18 - INFO - Converted page_5_crop0_class0.jpg to base64
2025-06-17 13:56:18 - INFO - Converted page_5_crop2_class0.jpg to base64
2025-06-17 13:56:18 - INFO - Converted page_5_crop1_class0.jpg to base64
2025-06-17 13:56:18 - INFO - Converted page_5_crop3_class0.jpg to base64
2025-06-17 13:56:18 - INFO - Converted page_6_crop2_class0.jpg to base64
2025-06-17 13:56:18 - INFO - Converted page_1_crop0_class0.jpg to base64
2025-06-17 13:56:18 - INFO - Converted page_6_crop7_class0.jpg to base64
2025-06-17 13:56:18 - INFO - Converted page_6_crop5_class0.jpg to base64
2025-06-17 13:56:19 - INFO - Converted page_7_crop2_class0.jpg to base64
2025-06-17 13:56:19 - INFO - Converted page_7_crop0_class0.jpg to base64
2025-06-17 13:56:19 - INFO - Converted page_7_crop1_class0.jpg to base64
2025-06-17 13:56:19 - INFO - Converted page_8_crop1_class0.jpg to base64
2025-06-17 13:56:19 - INFO - Converted page_8_crop18_class0.jpg to base64
2025-06-17 13:56:19 - INFO - Converted page_9_crop11_class0.jpg to base64
2025-06-17 13:56:19 - INFO - Converted page_9_crop14_class0.jpg to base64
2025-06-17 13:56:19 - INFO - Converted page_9_crop3_class0.jpg to base64
2025-06-17 13:56:19 - INFO - Converted page_9_crop6_class0.jpg to base64
2025-06-17 13:56:19 - INFO - Converted page_10_crop12_class0.jpg to base64
2025-06-17 13:56:19 - INFO - Converted page_8_crop13_class0.jpg to base64
2025-06-17 13:56:19 - INFO - Converted page_8_crop12_class0.jpg to base64
2025-06-17 13:56:19 - INFO - Converted page_10_crop9_class0.jpg to base64
2025-06-17 13:56:19 - INFO - Converted page_2_crop0_class0.jpg to base64
2025-06-17 13:56:19 - INFO - Converted page_2_crop7_class0.jpg to base64
2025-06-17 13:56:19 - INFO - Cleaned 47 questions into ./data/primary/2017-AL-Physics-All-English\mcq.json
2025-06-17 13:56:19 - INFO - Cleaned JSONs and converted images to base64

2025-06-17 13:56:19 - INFO - Metadata for 2017-AL-Physics-All-English written to ./data/metadata/2017-AL-Physics-All-English.json
2025-06-17 13:56:19 - DEBUG - Metadata content: {
  "pdf": "2017-AL-Physics-All-English.pdf",
  "progress": 4,
  "steps": {
    "bronze_to_silver": {
      "status": "done",
      "source_layer": "Bronze",
      "source_path": "./data/Bronze/2017-AL-Physics-All-English.pdf",
      "target_layer": "Silver",
      "target_path": "./data/Silver/2017-AL-Physics-All-English",
      "timestamp": "2025-06-13T22:23:41.296423"
    },
    "silver_to_gold_i": {
      "status": "done",
      "source_layer": "Silver",
      "source_path": "./data/Silver/2017-AL-Physics-All-English",
      "target_layer": "Gold_Images",
      "target_path": "./data/Gold/2017-AL-Physics-All-English",
      "timestamp": "2025-06-13T22:23:53.128659"
    },
    "silver_gold_to_gold_q": {
      "status": "done",
      "source_layer": "Silver + Gold_Images",
      "source_path": "./data/Silver/2017-AL-Physics-All-English, ./data/Gold/2017-AL-Physics-All-English",
      "target_layer": "Gold_Questions",
      "target_path": "./data/Gold/2017-AL-Physics-All-English",
      "timestamp": "2025-06-17T13:56:18.439238"
    },
    "gold_to_primary": {
      "status": "done",
      "source_layer": "Gold",
      "source_path": "./data/Gold/2017-AL-Physics-All-English",
      "target_layer": "Primary",
      "target_path": "./data/primary/2017-AL-Physics-All-English",
      "timestamp": "2025-06-17T13:56:19.454091"
    }
  },
  "last_modified": "2025-06-17T13:56:19.454098"
}
2025-06-17 13:56:19 - INFO - Finished processing 2017-AL-Physics-All-English.


2025-06-17 13:56:19 - INFO - Processing 2018-AL-Physics-All-English

2025-06-17 13:56:19 - DEBUG - Bronze path: ./data/Bronze/2018-AL-Physics-All-English.pdf
2025-06-17 13:56:19 - DEBUG - Silver path: ./data/Silver/2018-AL-Physics-All-English
2025-06-17 13:56:19 - DEBUG - Gold path: ./data/Gold/2018-AL-Physics-All-English
2025-06-17 13:56:19 - DEBUG - Primary path: ./data/primary/2018-AL-Physics-All-English
2025-06-17 13:56:19 - INFO - Current progress for 2018-AL-Physics-All-English: 2.
2025-06-17 13:56:19 - INFO - Steps remaining for 2018-AL-Physics-All-English: silver_gold_to_gold_q, gold_to_primary

2025-06-17 13:56:19 - INFO - Converting 2018-AL-Physics-All-English to JSON
2025-06-17 13:56:19 - INFO - Processing question type: mcq
2025-06-17 13:56:19 - DEBUG - Read | Pages | ./data/Silver/2018-AL-Physics-All-English/mcq
2025-06-17 13:56:19 - DEBUG - Read | Images | ./data/Gold/2018-AL-Physics-All-English/mcq/images
2025-06-17 13:56:21 - INFO - Calling Gemini to convert pdf to json
2025-06-17 13:57:06 - DEBUG - Response from Gemini: ```json
[
  {
    "question_number": 1,
    "question_text": "Unit of pressure is",
    "subject_unit": null,
    "options": [
      {
        "option_number": 1,
        "option_text": "\\( kg \\ m^{-2} \\)",
        "option_image": "[]",
        "is_correct": null
      },
      {
        "option_number": 2,
        "option_text": "\\( kg \\ m^{-1} s^{-2} \\)",
        "option_image": "[]",
        "is_correct": null
      },
      {
        "option_number": 3,
        "option_text": "\\( kg \\ m \\ s^{-2} \\)",
        "option_image": "[]",
        "is_correct": null
      },
      {
        "option_number": 4,
        "option_text": "\\( kg \\ m^2 \\ s^{-2} \\)",
        "option_image": "[]",
        "is_correct": null
      },
      {
        "option_number": 5,
        "option_text": "\\( kg \\ m^2 \\ s^{-2} \\ A^{-1} \\)",
        "option_image": "[]",
        "is_correct": null
      }
    ],
    "answer": null,
    "question_images": [],
    "marks": null,
    "difficulty": "normal"
  },
  {
    "question_number": 2,
    "question_text": "X, Y and Z represent three physical quantities with \\textbf{different} dimensions. They can be combined to form another physical quantity of the form\n\\( P = AX + BY + CZ \\)",
    "subject_unit": null,
    "options": [
      {
        "option_number": 1,
        "option_text": "\\( AX \\)",
        "option_image": "[]",
        "is_correct": null
      },
      {
        "option_number": 2,
        "option_text": "\\( AX - CZ \\)",
        "option_image": "[]",
        "is_correct": null
      },
      {
        "option_number": 3,
        "option_text": "\\( AX + CZ \\)",
        "option_image": "[]",
        "is_correct": null
      },
      {
        "option_number": 4,
        "option_text": "\\( BY \\)",
        "option_image": "[]",
        "is_correct": null
      },
      {
        "option_number": 5,
        "option_text": "\\( BY/CZ \\)",
        "option_image": "[]",
        "is_correct": null
      }
    ],
    "answer": null,
    "question_images": [],
    "marks": null,
    "difficulty": "normal"
  },
  {
    "question_number": 3,
    "question_text": "Which of the following statements is not different dimensions from the rest?",
    "subject_unit": null,
    "options": [
      {
        "option_number": 1,
        "option_text": "LASER light consists of transverse waves.",
        "option_image": "[]",
        "is_correct": null
      },
      {
        "option_number": 2,
        "option_text": "Gamma rays are transverse waves.",
        "option_image": "[]",
        "is_correct": null
      },
      {
        "option_number": 3,
        "option_text": "Sound waves travelling through the crust of the Earth are longitudinal waves.",
        "option_image": "[]",
        "is_correct": null
      },
      {
        "option_number": 4,
        "option_text": "Ultrasound waves are longitudinal waves.",
        "option_image": "[]",
        "is_correct": null
      },
      {
        "option_number": 5,
        "option_text": "FM waves are longitudinal waves.",
        "option_image": "[]",
        "is_correct": null
      }
    ],
    "answer": null,
    "question_images": [],
    "marks": null,
    "difficulty": "normal"
  },
  {
    "question_number": 4,
    "question_text": "Consider the following statements made regarding the speed of sound \\( v \\) in an ideal gas.\n\\( (1) \\ v \\) is directly proportional to the absolute temperature of the gas.\n\\( (2) \\ v \\) depends on the ratio of the molar mass of the gas.\n\\( (3) \\ v \\) depends on the nature of the molecules that constitute the gas.",
    "subject_unit": null,
    "options": [
      {
        "option_number": 1,
        "option_text": "only \\( 1 \\) is true.",
        "option_image": "[]",
        "is_correct": null
      },
      {
        "option_number": 2,
        "option_text": "only \\( 2 \\) is true.",
        "option_image": "[]",
        "is_correct": null
      },
      {
        "option_number": 3,
        "option_text": "only \\( 1 \\) and \\( 2 \\) are true.",
        "option_image": "[]",
        "is_correct": null
      },
      {
        "option_number": 4,
        "option_text": "only \\( 2 \\) and \\( 3 \\) are true.",
        "option_image": "[]",
        "is_correct": null
      },
      {
        "option_number": 5,
        "option_text": "all \\( A \\), \\( B \\) and \\( C \\) are true.",
        "option_image": "[]",
        "is_correct": null
      }
    ],
    "answer": null,
    "question_images": [],
    "marks": null,
    "difficulty": "normal"
  },
  {
    "question_number": 5,
    "question_text": "Which of the following statements made regarding optical instruments under normal adjustment are true?",
    "subject_unit": null,
    "options": [
      {
        "option_number": 1,
        "option_text": "In a simple microscope, the image of the object is virtual.",
        "option_image": "[]",
        "is_correct": null
      },
      {
        "option_number": 2,
        "option_text": "When reading small letters, a simple microscope is a short-sighted person has an advantage over a long-sighted person using the eye-piece acts as a simple microscope.",
        "option_image": "[]",
        "is_correct": null
      },
      {
        "option_number": 3,
        "option_text": "In a compound microscope, the final image is inverted.",
        "option_image": "[]",
        "is_correct": null
      },
      {
        "option_number": 4,
        "option_text": "In an astronomical telescope, the object distance and the image distance are both considered to be very large.",
        "option_image": "[]",
        "is_correct": null
      },
      {
        "option_number": 5,
        "option_text": "[]",
        "option_image": "[]",
        "is_correct": null
      }
    ],
    "answer": null,
    "question_images": [],
    "marks": null,
    "difficulty": "normal"
  },
  {
    "question_number": 6,
    "question_text": "The figure shows a circuit diagram. The variation of resistance \\( R \\) with voltage \\( V_x \\) is given by which graph?",
    "subject_unit": null,
    "options": [
      {
        "option_number": 1,
        "option_text": "[]",
        "option_image": "page_10_crop9_class0.jpg",
        "is_correct": null
      },
      {
        "option_number": 2,
        "option_text": "[]",
        "option_image": "page_10_crop12_class0.jpg",
        "is_correct": null
      },
      {
        "option_number": 3,
        "option_text": "[]",
        "option_image": "page_10_crop8_class0.jpg",
        "is_correct": null
      },
      {
        "option_number": 4,
        "option_text": "[]",
        "option_image": "page_10_crop13_class0.jpg",
        "is_correct": null
      },
      {
        "option_number": 5,
        "option_text": "[]",
        "option_image": "page_10_crop11_class0.jpg",
        "is_correct": null
      }
    ],
    "answer": null,
    "question_images": [
      "page_10_crop0_class0.jpg"
    ],
    "marks": null,
    "difficulty": "normal"
  },
  {
    "question_number": 7,
    "question_text": "In the experiment to determine the refractive index of a liquid, the variation of height \\( H \\) of the liquid column with the height \\( h \\) of the liquid in the capillary tube is given by which graph?",
    "subject_unit": null,
    "options": [
      {
        "option_number": 1,
        "option_text": "[]",
        "option_image": "page_10_crop2_class0.jpg",
        "is_correct": null
      },
      {
        "option_number": 2,
        "option_text": "[]",
        "option_image": "page_10_crop10_class0.jpg",
        "is_correct": null
      },
      {
        "option_number": 3,
        "option_text": "[]",
        "option_image": "page_10_crop4_class0.jpg",
        "is_correct": null
      },
      {
        "option_number": 4,
        "option_text": "[]",
        "option_image": "page_10_crop6_class0.jpg",
        "is_correct": null
      },
      {
        "option_number": 5,
        "option_text": "[]",
        "option_image": "page_10_crop7_class0.jpg",
        "is_correct": null
      }
    ],
    "answer": null,
    "question_images": [
      "page_10_crop3_class0.jpg",
      "page_10_crop5_class0.jpg"
    ],
    "marks": null,
    "difficulty": "normal"
  },
  {
    "question_number": 8,
    "question_text": "A body is acted upon by two forces \\( \\vec{P} \\) and \\( \\vec{Q} \\) as shown in the figure. The resultant force is given by which diagram?",
    "subject_unit": null,
    "options": [
      {
        "option_number": 1,
        "option_text": "[]",
        "option_image": "page_11_crop3_class0.jpg",
        "is_correct": null
      },
      {
        "option_number": 2,
        "option_text": "[]",
        "option_image": "page_11_crop3_class0.jpg",
        "is_correct": null
      },
      {
        "option_number": 3,
        "option_text": "[]",
        "option_image": "page_11_crop3_class0.jpg",
        "is_correct": null
      },
      {
        "option_number": 4,
        "option_text": "[]",
        "option_image": "page_11_crop3_class0.jpg",
        "is_correct": null
      },
      {
        "option_number": 5,
        "option_text": "[]",
        "option_image": "page_11_crop3_class0.jpg",
        "is_correct": null
      }
    ],
    "answer": null,
    "question_images": [
      "page_11_crop1_class0.jpg",
      "page_11_crop2_class0.jpg",
      "page_11_crop3_class0.jpg"
    ],
    "marks": null,
    "difficulty": "normal"
  },
  {
    "question_number": 9,
    "question_text": "Which of the following graphs represents the variation of the output voltage \\( e \\) with time \\( t \\) for a half-wave rectifier?",
    "subject_unit": null,
    "options": [
      {
        "option_number": 1,
        "option_text": "[]",
        "option_image": "page_12_crop5_class0.jpg",
        "is_correct": null
      },
      {
        "option_number": 2,
        "option_text": "[]",
        "option_image": "page_12_crop3_class0.jpg",
        "is_correct": null
      },
      {
        "option_number": 3,
        "option_text": "[]",
        "option_image": "page_12_crop1_class0.jpg",
        "is_correct": null
      },
      {
        "option_number": 4,
        "option_text": "[]",
        "option_image": "page_12_crop6_class0.jpg",
        "is_correct": null
      },
      {
        "option_number": 5,
        "option_text": "[]",
        "option_image": "page_12_crop2_class0.jpg",
        "is_correct": null
      }
    ],
    "answer": null,
    "question_images": [
      "page_12_crop4_class0.jpg"
    ],
    "marks": null,
    "difficulty": "normal"
  },
  {
    "question_number": 10,
    "question_text": "Two cars \\( P \\) and \\( Q \\) are moving along a curved path. The velocity of car \\( P \\) is \\( \\vec{v_p} \\) and the velocity of car \\( Q \\) is \\( \\vec{v_q} \\). The acceleration of car \\( Q \\) relative to car \\( P \\) is given by which diagram?",
    "subject_unit": null,
    "options": [
      {
        "option_number": 1,
        "option_text": "[]",
        "option_image": "page_12_crop7_class0.jpg",
        "is_correct": null
      },
      {
        "option_number": 2,
        "option_text": "[]",
        "option_image": "page_12_crop7_class0.jpg",
        "is_correct": null
      },
      {
        "option_number": 3,
        "option_text": "[]",
        "option_image": "page_12_crop7_class0.jpg",
        "is_correct": null
      },
      {
        "option_number": 4,
        "option_text": "[]",
        "option_image": "page_12_crop7_class0.jpg",
        "is_correct": null
      },
      {
        "option_number": 5,
        "option_text": "[]",
        "option_image": "page_12_crop7_class0.jpg",
        "is_correct": null
      }
    ],
    "answer": null,
    "question_images": [],
    "marks": null,
    "difficulty": "normal"
  },
  {
    "question_number": 11,
    "question_text": "The figure shows a Van de Graaff generator. The potentials at points \\( B \\), \\( C \\) and \\( D \\) are given by which table?",
    "subject_unit": null,
    "options": [
      {
        "option_number": 1,
        "option_text": "[]",
        "option_image": "page_12_crop8_class0.jpg",
        "is_correct": null
      },
      {
        "option_number": 2,
        "option_text": "[]",
        "option_image": "page_12_crop8_class0.jpg",
        "is_correct": null
      },
      {
        "option_number": 3,
        "option_text": "[]",
        "option_image": "page_12_crop8_class0.jpg",
        "is_correct": null
      },
      {
        "option_number": 4,
        "option_text": "[]",
        "option_image": "page_12_crop8_class0.jpg",
        "is_correct": null
      },
      {
        "option_number": 5,
        "option_text": "[]",
        "option_image": "page_12_crop8_class0.jpg",
        "is_correct": null
      }
    ],
    "answer": null,
    "question_images": [],
    "marks": null,
    "difficulty": "normal"
  }
]
```
2025-06-17 13:57:06 - INFO - Parsing JSON content from Gemini response
2025-06-17 13:57:06 - INFO - Saved question 1 to q1.json
2025-06-17 13:57:06 - INFO - Saved question 2 to q2.json
2025-06-17 13:57:06 - INFO - Saved question 3 to q3.json
2025-06-17 13:57:06 - INFO - Saved question 4 to q4.json
2025-06-17 13:57:06 - INFO - Saved question 5 to q5.json
2025-06-17 13:57:06 - INFO - Saved question 6 to q6.json
2025-06-17 13:57:06 - INFO - Saved question 7 to q7.json
2025-06-17 13:57:06 - INFO - Saved question 8 to q8.json
2025-06-17 13:57:06 - INFO - Saved question 9 to q9.json
2025-06-17 13:57:06 - INFO - Saved question 10 to q10.json
2025-06-17 13:57:06 - INFO - Saved question 11 to q11.json
2025-06-17 13:57:06 - INFO - Calling Gemini to convert pdf to json
2025-06-17 13:57:29 - DEBUG - Response from Gemini: ```json
[
  {
    "question_number": 43,
    "question_text": "In the circuit shown, $X$ and $Y$ represent the terminals of a variable voltage source and resistor $D$ is an ideal broken line. $P$ is a variable situated in the box with the overall resistance of the voltage $V_x$ at point $X$ is plotted against the resistance $R$ of $P$. Which of the following graphs correctly represents the variation of the overall resistance $R$ of the section of the circuit to the right of $XY$?",
    "subject_unit": null,
    "options": [
      {
        "option_number": 1,
        "option_text": "[page_10_crop9_class0.jpg]",
        "option_image": "",
        "is_correct": false
      },
      {
        "option_number": 2,
        "option_text": "[page_10_crop12_class0.jpg]",
        "option_image": "",
        "is_correct": false
      },
      {
        "option_number": 3,
        "option_text": "[page_10_crop8_class0.jpg]",
        "option_image": "",
        "is_correct": false
      },
      {
        "option_number": 4,
        "option_text": "[page_10_crop7_class0.jpg]",
        "option_image": "",
        "is_correct": false
      },
      {
        "option_number": 5,
        "option_text": "[page_10_crop13_class0.jpg]",
        "option_image": "",
        "is_correct": false
      }
    ],
    "answer": null,
    "question_images": [
      "page_10_crop0_class0.jpg"
    ],
    "marks": null,
    "difficulty": "normal"
  },
  {
    "question_number": 44,
    "question_text": "When a long capillary tube of uniform bore radius $r$ is dipped vertically in a beaker of water of density $d$, the water column in the capillary tube rises to a height $h_o$ as shown in figure (a). When oil of density $d_1$ is poured onto the surface of the water in the beaker of figure (b) assuming that the oil and water are immiscible and that the angle of contact of water with the capillary tube is zero inside as shown below without liquid disturbing the water surface, with the height of the oil layer is best represented in",
    "subject_unit": null,
    "options": [
      {
        "option_number": 1,
        "option_text": "[page_10_crop1_class0.jpg]",
        "option_image": "",
        "is_correct": false
      },
      {
        "option_number": 2,
        "option_text": "[page_10_crop10_class0.jpg]",
        "option_image": "",
        "is_correct": false
      },
      {
        "option_number": 3,
        "option_text": "[page_10_crop4_class0.jpg]",
        "option_image": "",
        "is_correct": false
      },
      {
        "option_number": 4,
        "option_text": "[page_10_crop5_class0.jpg]",
        "option_image": "",
        "is_correct": false
      },
      {
        "option_number": 5,
        "option_text": "[page_10_crop6_class0.jpg]",
        "option_image": "",
        "is_correct": false
      }
    ],
    "answer": null,
    "question_images": [
      "page_10_crop2_class0.jpg",
      "page_10_crop3_class0.jpg"
    ],
    "marks": null,
    "difficulty": "normal"
  },
  {
    "question_number": 45,
    "question_text": "Charges in an isolated distribution of three to point charges are located at distances 2cm, 3cm and 6cm from a point O. Another charge can be brought from infinity to the point O without doing any work once a point charge of -q is placed at a distance r from the point O. The value of r is",
    "subject_unit": null,
    "options": [
      {
        "option_number": 1,
        "option_text": "1 cm",
        "option_image": "",
        "is_correct": false
      },
      {
        "option_number": 2,
        "option_text": "2 cm",
        "option_image": "",
        "is_correct": false
      },
      {
        "option_number": 3,
        "option_text": "3 cm",
        "option_image": "",
        "is_correct": false
      },
      {
        "option_number": 4,
        "option_text": "4 cm",
        "option_image": "",
        "is_correct": false
      },
      {
        "option_number": 5,
        "option_text": "5 cm",
        "option_image": "",
        "is_correct": false
      }
    ],
    "answer": null,
    "question_images": [],
    "marks": null,
    "difficulty": "normal"
  }
]
```
2025-06-17 13:57:29 - INFO - Parsing JSON content from Gemini response
2025-06-17 13:57:29 - INFO - Saved question 43 to q43.json
2025-06-17 13:57:29 - INFO - Saved question 44 to q44.json
2025-06-17 13:57:29 - INFO - Saved question 45 to q45.json
2025-06-17 13:57:29 - INFO - Calling Gemini to convert pdf to json
2025-06-17 13:57:52 - DEBUG - Response from Gemini: ```json
[
  {
    "question_number": 46,
    "question_text": "Two teams start to play tug-of-war using a rope of uniform strength on a hard flat horizontal surface as shown in the figure. Both teams apply equal forces and as a result, the point $O$ on the rope does not move. Consider the following statements made about this situation.",
    "subject_unit": null,
    "options": [
      {
        "option_number": 1,
        "option_text": "If each of the members of the two groups applies the same force on the rope, the magnitude of the tension throughout the rope is the same.",
        "option_image": "[]",
        "is_correct": false
      },
      {
        "option_number": 2,
        "option_text": "If the magnitude of tension on the rope exceeds its breaking tension, the rope will break only at a point between $P$ and $Q$.",
        "option_image": "[]",
        "is_correct": false
      },
      {
        "option_number": 3,
        "option_text": "If the magnitude of tension on the rope exceeds its breaking tension, the rope will break only at the coefficient of static friction between the applied by individual and the surface.",
        "option_image": "[]",
        "is_correct": false
      },
      {
        "option_number": 4,
        "option_text": "Only $B$ is true.",
        "option_image": "[]",
        "is_correct": false
      },
      {
        "option_number": 5,
        "option_text": "All above statements are true.",
        "option_image": "[]",
        "is_correct": false
      }
    ],
    "answer": null,
    "question_images": [
      "page_11_crop2_class0.jpg"
    ],
    "marks": null,
    "difficulty": "normal"
  },
  {
    "question_number": 47,
    "question_text": "Figure shows three objects (A), (B), and (C), which are made using three uniform wooden cubes of identical dimensions made out of the same material and three identical uniform metal cubes. In (A), (B) and (C) the metal cubes are embedded in the wooden cube, as shown in the figure. If the three objects (A), (B) and (C) are now slowly lowered without changing their orientation and the water level is such that the wooden cubes are completely immersed in water are $H_A$, $H_B$, and $H_C$ respectively, which of the following relationships is true?",
    "subject_unit": null,
    "options": [
      {
        "option_number": 1,
        "option_text": "$H_A = H_B = H_C$",
        "option_image": "[]",
        "is_correct": false
      },
      {
        "option_number": 2,
        "option_text": "$H_A < H_B < H_C$",
        "option_image": "[]",
        "is_correct": false
      },
      {
        "option_number": 3,
        "option_text": "$H_A > H_B > H_C$",
        "option_image": "[]",
        "is_correct": false
      },
      {
        "option_number": 4,
        "option_text": "$H_A = H_B > H_C$",
        "option_image": "[]",
        "is_correct": false
      },
      {
        "option_number": 5,
        "option_text": "$H_A < H_B = H_C$",
        "option_image": "[]",
        "is_correct": false
      }
    ],
    "answer": null,
    "question_images": [
      "page_11_crop1_class0.jpg"
    ],
    "marks": null,
    "difficulty": "normal"
  },
  {
    "question_number": 48,
    "question_text": "An infinitely long thin straight wire held perpendicular to the plane of the paper at point $O$ carries a current $I$ into the paper as shown in the figure. Nine other similar infinitely long wires, parallel to the first wire and carrying the same current $I$ into the paper are placed with their centres at equal distances $r$ from $O$ as shown. Except for wire $A$ and $B$, each wire is at a distance $r$ from any two consecutive wires as in the paper. The magnitude and the direction of the magnetic force per unit length on the wire at the centre $O$ due to other wires. [Take cos 30° = $\\frac{\\sqrt{3}}{2}$]",
    "subject_unit": null,
    "options": [
      {
        "option_number": 1,
        "option_text": "$\\frac{\\mu_0 I^2}{2\\pi r} (2+\\sqrt{3})$ in the direction of YO.",
        "option_image": "[]",
        "is_correct": false
      },
      {
        "option_number": 2,
        "option_text": "$\\frac{\\mu_0 I^2}{2\\pi r} (1+\\sqrt{3})$ in the direction of OY.",
        "option_image": "[]",
        "is_correct": false
      },
      {
        "option_number": 3,
        "option_text": "$\\frac{\\mu_0 I^2}{2\\pi r} (1+\\sqrt{5})$ in the direction of OY.",
        "option_image": "[]",
        "is_correct": false
      },
      {
        "option_number": 4,
        "option_text": "$\\frac{\\mu_0 I^2}{2\\pi r} (2+\\sqrt{5})$ in the direction of OX.",
        "option_image": "[]",
        "is_correct": false
      },
      {
        "option_number": 5,
        "option_text": "$\\frac{\\mu_0 I^2}{2\\pi r} (2-\\sqrt{5})$ in the direction of YO.",
        "option_image": "[]",
        "is_correct": false
      }
    ],
    "answer": null,
    "question_images": [
      "page_11_crop0_class0.jpg"
    ],
    "marks": null,
    "difficulty": "normal"
  }
]
```
2025-06-17 13:57:52 - INFO - Parsing JSON content from Gemini response
2025-06-17 13:57:52 - INFO - Saved question 46 to q46.json
2025-06-17 13:57:52 - INFO - Saved question 47 to q47.json
2025-06-17 13:57:52 - INFO - Saved question 48 to q48.json
2025-06-17 13:57:52 - INFO - Calling Gemini to convert pdf to json
2025-06-17 13:58:16 - DEBUG - Response from Gemini: ```json
[
  {
    "question_number": 49,
    "question_text": "A toy car shown in figure (a) having an isolated metal axle $PQ$ travels with a constant speed $v$ along a sinusoidal path whose vertical cross-section is in the $x$-$z$ plane. The origin $O$ is at $z=0$. The axle $PQ$ coincides with the $y$ axis. If a uniform magnetic field of flux density $\mathbf{B}$ exists throughout the region in the direction of the positive $z$ axis, then the variation of the induced emf ($\mathcal{E}$) at the end $P$ of the axle with respect to end $Q$ with time ($t$) is best represented by. (Neglect the effect of the Earth magnetic field.)",
    "subject_unit": null,
    "options": [
      {
        "option_number": 1,
        "option_text": "[]",
        "option_image": "page_12_crop4_class0.jpg",
        "is_correct": false
      },
      {
        "option_number": 2,
        "option_text": "[]",
        "option_image": "page_12_crop2_class0.jpg",
        "is_correct": false
      },
      {
        "option_number": 3,
        "option_text": "[]",
        "option_image": "page_12_crop0_class0.jpg",
        "is_correct": false
      },
      {
        "option_number": 4,
        "option_text": "[]",
        "option_image": "page_12_crop5_class0.jpg",
        "is_correct": false
      },
      {
        "option_number": 5,
        "option_text": "[]",
        "option_image": "page_12_crop1_class0.jpg",
        "is_correct": false
      }
    ],
    "answer": null,
    "question_images": [
      "page_12_crop6_class0.jpg"
    ],
    "marks": null,
    "difficulty": "normal"
  },
  {
    "question_number": 50,
    "question_text": "$A$, $B$, $C$ and $D$ represent vertical cross sections of four identical parallel rectangular metal plates placed normal to the plane of the paper. Each of the plates $A$, $B$, $C$ and $D$ has a small hole at its centre. The three plates are arranged so that their holes are coaxially placed as shown in figure (a). Plate $A$ is grounded and the entire system is in a vacuum. A stationary particle of charge $+q$ and mass $m$ is placed at the centre $O$ of the plates. The plates $B$, $C$ and $D$ are given voltages $V_B$, $V_C$ and $V_D$ as applied to the plates to obtain the velocity ($v$) -- time ($t$) curve shown in figure (b) for the electron'. (Assume that the given voltages are suitable for practical use and that the edge effects and gravitational effects can be neglected.)",
    "subject_unit": null,
    "options": [
      {
        "option_number": 1,
        "option_text": "\\begin{tabular}{|c|c|c|c|} \\hline $V_B$ & $V_C$ & $V_D$ \\\\ \\hline $-3kV$ & $+2.6kV$ & $0V$ \\\\ \\hline \\end{tabular}",
        "option_image": "[]",
        "is_correct": false
      },
      {
        "option_number": 2,
        "option_text": "\\begin{tabular}{|c|c|c|c|} \\hline $V_B$ & $V_C$ & $V_D$ \\\\ \\hline $+2.5kV$ & $-2.6kV$ & $+3kV$ \\\\ \\hline \\end{tabular}",
        "option_image": "[]",
        "is_correct": false
      },
      {
        "option_number": 3,
        "option_text": "\\begin{tabular}{|c|c|c|c|} \\hline $V_B$ & $V_C$ & $V_D$ \\\\ \\hline $+2.5kV$ & $+2.4kV$ & $+200V$ \\\\ \\hline \\end{tabular}",
        "option_image": "[]",
        "is_correct": false
      },
      {
        "option_number": 4,
        "option_text": "\\begin{tabular}{|c|c|c|c|} \\hline $V_B$ & $V_C$ & $V_D$ \\\\ \\hline $+3kV$ & $+2.6kV$ & $-2.8kV$ \\\\ \\hline \\end{tabular}",
        "option_image": "[]",
        "is_correct": false
      },
      {
        "option_number": 5,
        "option_text": "\\begin{tabular}{|c|c|c|c|} \\hline $V_B$ & $V_C$ & $V_D$ \\\\ \\hline $+3kV$ & $+3.2kV$ & $-2.2kV$ \\\\ \\hline \\end{tabular}",
        "option_image": "[]",
        "is_correct": false
      }
    ],
    "answer": null,
    "question_images": [
      "page_12_crop7_class0.jpg",
      "page_12_crop3_class0.jpg",
      "page_12_crop8_class0.jpg"
    ],
    "marks": null,
    "difficulty": "normal"
  }
]
```
2025-06-17 13:58:16 - INFO - Parsing JSON content from Gemini response
2025-06-17 13:58:16 - INFO - Saved question 49 to q49.json
2025-06-17 13:58:16 - INFO - Saved question 50 to q50.json
2025-06-17 13:58:16 - INFO - Calling Gemini to convert pdf to json
2025-06-17 13:58:51 - DEBUG - Response from Gemini: ```json
[
  {
    "question_number": 6,
    "question_text": "In a certain thermodynamic process in which an ideal gas is used, the increase of the internal energy of the gas is equal to the heat supplied to the gas. This process is",
    "subject_unit": null,
    "options": [
      {
        "option_number": 1,
        "option_text": "\\(1)\\ a cyclic process",
        "option_image": "[]",
        "is_correct": false
      },
      {
        "option_number": 2,
        "option_text": "\\(2)\\ an adiabatic process",
        "option_image": "[]",
        "is_correct": false
      },
      {
        "option_number": 3,
        "option_text": "\\(3)\\ an isothermal process",
        "option_image": "[]",
        "is_correct": false
      },
      {
        "option_number": 4,
        "option_text": "\\(4)\\ a constant pressure process",
        "option_image": "[]",
        "is_correct": false
      },
      {
        "option_number": 5,
        "option_text": "\\(5)\\ a constant volume process",
        "option_image": "[]",
        "is_correct": false
      }
    ],
    "answer": null,
    "question_images": [],
    "marks": null,
    "difficulty": "normal"
  },
  {
    "question_number": 7,
    "question_text": "When the temperature of a metal rod is increased by \\(100^{\\circ}C\\), its fractional change in length is \\(2.4 \\times 10^{-5}\\). The expansivity of the primary coil is",
    "subject_unit": null,
    "options": [
      {
        "option_number": 1,
        "option_text": "\\(1)\\ \\(2.4 \\times 10^{-5} {}^{\\circ}C^{-1}\\)",
        "option_image": "[]",
        "is_correct": false
      },
      {
        "option_number": 2,
        "option_text": "\\(2)\\ \\(2.4 \\times 10^{-7} {}^{\\circ}C^{-1}\\)",
        "option_image": "[]",
        "is_correct": false
      },
      {
        "option_number": 3,
        "option_text": "\\(3)\\ \\(2.4 \\times 10^{-3} {}^{\\circ}C^{-1}\\)",
        "option_image": "[]",
        "is_correct": false
      },
      {
        "option_number": 4,
        "option_text": "\\(4)\\ \\(2.4 \\times 10^{-3} {}^{\\circ}C^{-1}\\)",
        "option_image": "[]",
        "is_correct": false
      },
      {
        "option_number": 5,
        "option_text": "\\(5)\\ \\(2.4 \\times 10^{-4} {}^{\\circ}C^{-1}\\)",
        "option_image": "[]",
        "is_correct": false
      }
    ],
    "answer": null,
    "question_images": [],
    "marks": null,
    "difficulty": "normal"
  },
  {
    "question_number": 8,
    "question_text": "A certain transformer has 900 turns in the primary coil and 30 turns in the secondary coil. When 240V of alternating voltage is applied across the primary coil, the voltage across the secondary coil is",
    "subject_unit": null,
    "options": [
      {
        "option_number": 1,
        "option_text": "\\(1)\\ 0V",
        "option_image": "[]",
        "is_correct": false
      },
      {
        "option_number": 2,
        "option_text": "\\(2)\\ 8V",
        "option_image": "[]",
        "is_correct": false
      },
      {
        "option_number": 3,
        "option_text": "\\(3)\\ 12V",
        "option_image": "[]",
        "is_correct": false
      },
      {
        "option_number": 4,
        "option_text": "\\(4)\\ 72V",
        "option_image": "[]",
        "is_correct": false
      },
      {
        "option_number": 5,
        "option_text": "\\(5)\\ 7.2kV",
        "option_image": "[]",
        "is_correct": false
      }
    ],
    "answer": null,
    "question_images": [],
    "marks": null,
    "difficulty": "normal"
  },
  {
    "question_number": 9,
    "question_text": "Which of the following is not a source of emf?",
    "subject_unit": null,
    "options": [
      {
        "option_number": 1,
        "option_text": "\\(1)\\ Electrochemical cell",
        "option_image": "[]",
        "is_correct": false
      },
      {
        "option_number": 2,
        "option_text": "\\(2)\\ Photodiode",
        "option_image": "[]",
        "is_correct": false
      },
      {
        "option_number": 3,
        "option_text": "\\(3)\\ Charged capacitor",
        "option_image": "[]",
        "is_correct": false
      },
      {
        "option_number": 4,
        "option_text": "\\(4)\\ Thermopile",
        "option_image": "[]",
        "is_correct": false
      },
      {
        "option_number": 5,
        "option_text": "\\(5)\\ Piezoelectric crystal",
        "option_image": "[]",
        "is_correct": false
      }
    ],
    "answer": null,
    "question_images": [],
    "marks": null,
    "difficulty": "normal"
  },
  {
    "question_number": 10,
    "question_text": "The logic circuit shown in figure \\((a)\\) is equivalent to",
    "subject_unit": null,
    "options": [
      {
        "option_number": 1,
        "option_text": "[]",
        "option_image": "page_2_crop9_class0.jpg",
        "is_correct": false
      },
      {
        "option_number": 2,
        "option_text": "[]",
        "option_image": "page_2_crop11_class0.jpg",
        "is_correct": false
      },
      {
        "option_number": 3,
        "option_text": "[]",
        "option_image": "page_2_crop12_class0.jpg",
        "is_correct": false
      },
      {
        "option_number": 4,
        "option_text": "[]",
        "option_image": "page_2_crop10_class0.jpg",
        "is_correct": false
      },
      {
        "option_number": 5,
        "option_text": "[]",
        "option_image": "page_2_crop8_class0.jpg",
        "is_correct": false
      }
    ],
    "answer": null,
    "question_images": [
      "page_2_crop7_class0.jpg"
    ],
    "marks": null,
    "difficulty": "normal"
  },
  {
    "question_number": 11,
    "question_text": "The accelerations due to gravity on the surface of a uniform spherical planet of radius \\(R_1\\) and a uniform spherical planet of radius \\(R_2\\) are equal. If the mass of \\(4\\) is twice the mass of \\(R_1\\), \\(R_2\\) is",
    "subject_unit": null,
    "options": [
      {
        "option_number": 1,
        "option_text": "\\(1)\\ \\(R_2 = 2R_1\\)",
        "option_image": "[]",
        "is_correct": false
      },
      {
        "option_number": 2,
        "option_text": "\\(2)\\ \\(R_2 = \\frac{R_1}{2}\\)",
        "option_image": "[]",
        "is_correct": false
      },
      {
        "option_number": 3,
        "option_text": "\\(3)\\ \\(R_2 = R_1\\)",
        "option_image": "[]",
        "is_correct": false
      },
      {
        "option_number": 4,
        "option_text": "\\(4)\\ \\(R_2 = 4R_1\\)",
        "option_image": "[]",
        "is_correct": false
      },
      {
        "option_number": 5,
        "option_text": "\\(5)\\ \\(R_2 = \\frac{R_1}{4}\\)",
        "option_image": "[]",
        "is_correct": false
      }
    ],
    "answer": null,
    "question_images": [],
    "marks": null,
    "difficulty": "normal"
  },
  {
    "question_number": 12,
    "question_text": "\\(A, B, C, D\\) and \\(E\\) are five coplanar forces of equal magnitudes acting on a body as shown in figure \\((a)\\). Which of the following diagrams best represents the direction of the resultant of these forces?",
    "subject_unit": null,
    "options": [
      {
        "option_number": 1,
        "option_text": "[]",
        "option_image": "page_2_crop3_class0.jpg",
        "is_correct": false
      },
      {
        "option_number": 2,
        "option_text": "[]",
        "option_image": "page_2_crop2_class0.jpg",
        "is_correct": false
      },
      {
        "option_number": 3,
        "option_text": "[]",
        "option_image": "page_2_crop0_class0.jpg",
        "is_correct": false
      },
      {
        "option_number": 4,
        "option_text": "[]",
        "option_image": "page_2_crop1_class0.jpg",
        "is_correct": false
      },
      {
        "option_number": 5,
        "option_text": "[]",
        "option_image": "page_2_crop5_class0.jpg",
        "is_correct": false
      }
    ],
    "answer": null,
    "question_images": [
      "page_2_crop4_class0.jpg"
    ],
    "marks": null,
    "difficulty": "normal"
  },
  {
    "question_number": 13,
    "question_text": "An ant of mass \\(2 \\times 10^{-6}\\) kg (2 milligrams), which is stationary at the edge of a horizontal smooth strip is removed by \\(0.2\\) m by blowing with mouth. The direction of blowing is horizontal as shown in the figure. If the time taken is \\(0.1\\) s and the average velocity of the ant is \\(2\\) m/s, the average force exerted on the ant by the blow is",
    "subject_unit": null,
    "options": [
      {
        "option_number": 1,
        "option_text": "\\(1)\\ \\(5 \\times 10^{-5}N\\)",
        "option_image": "[]",
        "is_correct": false
      },
      {
        "option_number": 2,
        "option_text": "\\(2)\\ \\(1 \\times 10^{-5}N\\)",
        "option_image": "[]",
        "is_correct": false
      },
      {
        "option_number": 3,
        "option_text": "\\(3)\\ \\(2 \\times 10^{-5}N\\)",
        "option_image": "[]",
        "is_correct": false
      },
      {
        "option_number": 4,
        "option_text": "\\(4)\\ \\(4 \\times 10^{-5}N\\)",
        "option_image": "[]",
        "is_correct": false
      },
      {
        "option_number": 5,
        "option_text": "\\(5)\\ \\(10^{-5}N\\)",
        "option_image": "[]",
        "is_correct": false
      }
    ],
    "answer": null,
    "question_images": [
      "page_2_crop8_class0.jpg"
    ],
    "marks": null,
    "difficulty": "normal"
  }
]
```
2025-06-17 13:58:51 - INFO - Parsing JSON content from Gemini response
2025-06-17 13:58:51 - INFO - Saved question 6 to q6.json
2025-06-17 13:58:51 - INFO - Saved question 7 to q7.json
2025-06-17 13:58:51 - INFO - Saved question 8 to q8.json
2025-06-17 13:58:51 - INFO - Saved question 9 to q9.json
2025-06-17 13:58:51 - INFO - Saved question 10 to q10.json
2025-06-17 13:58:51 - INFO - Saved question 11 to q11.json
2025-06-17 13:58:51 - INFO - Saved question 12 to q12.json
2025-06-17 13:58:51 - INFO - Saved question 13 to q13.json
2025-06-17 13:58:51 - INFO - Calling Gemini to convert pdf to json
2025-06-17 13:59:21 - DEBUG - Response from Gemini: ```json
[
  {
    "question_number": 14,
    "question_text": "A small object of mass $m$ placed on the horizontal surface of a frozen pond is given a kick imparting an initial speed $v_0$ along the horizontal direction. The object moves on the surface in a horizontal straight line without rotation. The coefficient of kinetic friction between the object and the surface is $\mu$. If the air resistance can be neglected, the distance that the object moves before coming to rest is",
    "subject_unit": null,
    "options": [
      {
        "option_number": 1,
        "option_text": "\\(\\frac{2v_0^2}{\\mu g}\\)",
        "option_image": "[]",
        "is_correct": false
      },
      {
        "option_number": 2,
        "option_text": "\\(\\frac{v_0^2}{2\\mu g}\\)",
        "option_image": "[]",
        "is_correct": false
      },
      {
        "option_number": 3,
        "option_text": "\\(\\frac{v_0^2}{\\mu g}\\)",
        "option_image": "[]",
        "is_correct": false
      },
      {
        "option_number": 4,
        "option_text": "\\(\\frac{v_0^2}{2g}\\)",
        "option_image": "[]",
        "is_correct": false
      },
      {
        "option_number": 5,
        "option_text": "\\(\\frac{v_0^2}{2\\mu g}\\)",
        "option_image": "[]",
        "is_correct": false
      }
    ],
    "answer": null,
    "question_images": [],
    "marks": null,
    "difficulty": "normal"
  },
  {
    "question_number": 15,
    "question_text": "A coplanar structure is made by connecting eleven identical spheres each of mass $m$ using ten identical light rods as shown in the diagram. The centre of gravity of the structure is most likely to be at the point:",
    "subject_unit": null,
    "options": [
      {
        "option_number": 1,
        "option_text": "O",
        "option_image": "[]",
        "is_correct": false
      },
      {
        "option_number": 2,
        "option_text": "A",
        "option_image": "[]",
        "is_correct": false
      },
      {
        "option_number": 3,
        "option_text": "B",
        "option_image": "[]",
        "is_correct": false
      },
      {
        "option_number": 4,
        "option_text": "C",
        "option_image": "[]",
        "is_correct": false
      },
      {
        "option_number": 5,
        "option_text": "D",
        "option_image": "[]",
        "is_correct": false
      }
    ],
    "answer": null,
    "question_images": [
      "page_3_crop2_class0.jpg"
    ],
    "marks": null,
    "difficulty": "normal"
  },
  {
    "question_number": 16,
    "question_text": "A block of mass 2 kg is pushed along a horizontal surface. The variation of the displacement $x$ of the block with time $t$ is shown in the figure. The values of the resultant force $F$ acting on the block are approximately constant during each of the time intervals $0 < t < 2$, $2 < t < 4$ and $4 < t < 5$. Which of the following correctly represents the magnitude of $F$ in each of the time intervals?",
    "subject_unit": null,
    "options": [
      {
        "option_number": 1,
        "option_text": "0",
        "option_image": "[]",
        "is_correct": false
      },
      {
        "option_number": 2,
        "option_text": "0",
        "option_image": "[]",
        "is_correct": false
      },
      {
        "option_number": 3,
        "option_text": "0",
        "option_image": "[]",
        "is_correct": false
      },
      {
        "option_number": 4,
        "option_text": "1",
        "option_image": "[]",
        "is_correct": false
      },
      {
        "option_number": 5,
        "option_text": "2",
        "option_image": "[]",
        "is_correct": false
      }
    ],
    "answer": null,
    "question_images": [
      "page_3_crop0_class0.jpg",
      "page_3_crop1_class0.jpg"
    ],
    "marks": null,
    "difficulty": "normal"
  },
  {
    "question_number": 17,
    "question_text": "Figure shows a displacement - time ($t$) curve for an object executing simple harmonic motion. For this motion, magnitudes of the period $T$, the frequency $f$, the maximum speed $v_{max}$ and the maximum acceleration $a_{max}$ are given by",
    "subject_unit": null,
    "options": [
      {
        "option_number": 1,
        "option_text": "0.5",
        "option_image": "[]",
        "is_correct": false
      },
      {
        "option_number": 2,
        "option_text": "1",
        "option_image": "[]",
        "is_correct": false
      },
      {
        "option_number": 3,
        "option_text": "1",
        "option_image": "[]",
        "is_correct": false
      },
      {
        "option_number": 4,
        "option_text": "1",
        "option_image": "[]",
        "is_correct": false
      },
      {
        "option_number": 5,
        "option_text": "1",
        "option_image": "[]",
        "is_correct": false
      }
    ],
    "answer": null,
    "question_images": [
      "page_3_crop3_class0.jpg",
      "page_3_crop4_class0.jpg",
      "page_3_crop5_class0.jpg"
    ],
    "marks": null,
    "difficulty": "normal"
  }
]
```
2025-06-17 13:59:21 - INFO - Parsing JSON content from Gemini response
2025-06-17 13:59:21 - INFO - Saved question 14 to q14.json
2025-06-17 13:59:21 - INFO - Saved question 15 to q15.json
2025-06-17 13:59:21 - INFO - Saved question 16 to q16.json
2025-06-17 13:59:21 - INFO - Saved question 17 to q17.json
2025-06-17 13:59:21 - INFO - Calling Gemini to convert pdf to json
2025-06-17 13:59:45 - DEBUG - Response from Gemini: ```json
[
  {
    "question_number": 18,
    "question_text": "An elephant at rest is observed by a person 1 km away from his location. The sound intensity from trumpet of the elephant heard by the person is $10^{-10}$ W/m$^2$. Assume that the sound comes from a point source. If the threshold of hearing of the person is $10^{-12}$ W/m$^2$, what is the maximum distance from which he can hear this trumpet?",
    "subject_unit": null,
    "options": [
      {
        "option_number": 1,
        "option_text": "1 km",
        "option_image": "[]",
        "is_correct": false
      },
      {
        "option_number": 2,
        "option_text": "2 km",
        "option_image": "[]",
        "is_correct": false
      },
      {
        "option_number": 3,
        "option_text": "3 km",
        "option_image": "[]",
        "is_correct": false
      },
      {
        "option_number": 4,
        "option_text": "10 km",
        "option_image": "[]",
        "is_correct": false
      },
      {
        "option_number": 5,
        "option_text": "20 km",
        "option_image": "[]",
        "is_correct": false
      }
    ],
    "answer": null,
    "question_images": [],
    "marks": null,
    "difficulty": "normal"
  },
  {
    "question_number": 19,
    "question_text": "Two mercury-in-glass thermometers $P$ and $Q$ are to be constructed with $P$ having a larger bulb of the same material as that of $Q$ but with twice the volume of $Q$. Assume that the walls of both bulbs have the same thickness. Consider the following statements. Using capillary tubes with appropriate uniform bore radii, the two thermometers can be constructed to have the same capillary length between $0^\circ C$ and $100^\circ C$ markings.",
    "subject_unit": null,
    "options": [
      {
        "option_number": 1,
        "option_text": "A higher sensitivity in thermometer $P$ than in $Q$",
        "option_image": "[]",
        "is_correct": false
      },
      {
        "option_number": 2,
        "option_text": "Only $B$ is true",
        "option_image": "[]",
        "is_correct": false
      },
      {
        "option_number": 3,
        "option_text": "the same response time for rapid changes in the measuring temperature",
        "option_image": "[]",
        "is_correct": false
      },
      {
        "option_number": 4,
        "option_text": "Only A and C are true",
        "option_image": "[]",
        "is_correct": false
      },
      {
        "option_number": 5,
        "option_text": "A, B and C are true",
        "option_image": "[]",
        "is_correct": false
      }
    ],
    "answer": null,
    "question_images": [],
    "marks": null,
    "difficulty": "normal"
  },
  {
    "question_number": 20,
    "question_text": "Water at $0^\circ C$ is continuously fed into a fully insulated boiler fixed with an immersion heater at a constant rate of $10^{-2}$ kg/s. The specific heat capacity and the specific latent heat of vaporization of water are $4.2 \times 10^3$ J/kg.$^\circ C$ and $2.25 \times 10^6$ J/kg respectively. If the steam at $100^\circ C$ is to be produced at the same rate as that of supply of water, the power of the immersion heater should be",
    "subject_unit": null,
    "options": [
      {
        "option_number": 1,
        "option_text": "$4.2 \times 10^2$ kW",
        "option_image": "[]",
        "is_correct": false
      },
      {
        "option_number": 2,
        "option_text": "2.25 kW",
        "option_image": "[]",
        "is_correct": false
      },
      {
        "option_number": 3,
        "option_text": "267.0 kW",
        "option_image": "[]",
        "is_correct": false
      },
      {
        "option_number": 4,
        "option_text": "420 kW",
        "option_image": "[]",
        "is_correct": false
      },
      {
        "option_number": 5,
        "option_text": "267.0 kW",
        "option_image": "[]",
        "is_correct": false
      }
    ],
    "answer": null,
    "question_images": [],
    "marks": null,
    "difficulty": "normal"
  },
  {
    "question_number": 21,
    "question_text": "In the circuit shown, value of each capacitor is 1$\mu F$. The total charge stored in capacitors is",
    "subject_unit": null,
    "options": [
      {
        "option_number": 1,
        "option_text": "2 $\mu C$",
        "option_image": "[]",
        "is_correct": false
      },
      {
        "option_number": 2,
        "option_text": "4 $\mu C$",
        "option_image": "[]",
        "is_correct": false
      },
      {
        "option_number": 3,
        "option_text": "5 $\mu C$",
        "option_image": "[]",
        "is_correct": false
      },
      {
        "option_number": 4,
        "option_text": "8 $\mu C$",
        "option_image": "[]",
        "is_correct": false
      },
      {
        "option_number": 5,
        "option_text": "10 $\mu C$",
        "option_image": "[]",
        "is_correct": false
      }
    ],
    "answer": null,
    "question_images": [
      "page_4_crop3_class0.jpg"
    ],
    "marks": null,
    "difficulty": "normal"
  },
  {
    "question_number": 22,
    "question_text": "Figures show five clusters of soap bubbles in air, as drawn. the cluster with physically possible correct shape are",
    "subject_unit": null,
    "options": [
      {
        "option_number": 1,
        "option_text": "[]",
        "option_image": "page_4_crop0_class0.jpg",
        "is_correct": false
      },
      {
        "option_number": 2,
        "option_text": "[]",
        "option_image": "page_4_crop1_class0.jpg",
        "is_correct": false
      },
      {
        "option_number": 3,
        "option_text": "[]",
        "option_image": "page_4_crop4_class0.jpg",
        "is_correct": false
      },
      {
        "option_number": 4,
        "option_text": "[]",
        "option_image": "page_4_crop2_class0.jpg",
        "is_correct": false
      },
      {
        "option_number": 5,
        "option_text": "[]",
        "option_image": "page_4_crop5_class0.jpg",
        "is_correct": false
      }
    ],
    "answer": null,
    "question_images": [],
    "marks": null,
    "difficulty": "normal"
  },
  {
    "question_number": 23,
    "question_text": "A Gaussian surface $S$ is drawn enclosing a charge distribution of net positive charge as shown in the figure. If the electric flux through the portion of the surface marked as $A$ is $\psi_A = -q$, which of the following relation is valid for the electric flux through the rest of the Gaussian surface?",
    "subject_unit": null,
    "options": [
      {
        "option_number": 1,
        "option_text": "$\psi_S = +q$",
        "option_image": "[]",
        "is_correct": false
      },
      {
        "option_number": 2,
        "option_text": "$\psi_S = +q$",
        "option_image": "[]",
        "is_correct": false
      },
      {
        "option_number": 3,
        "option_text": "$\psi_S = +q$",
        "option_image": "[]",
        "is_correct": false
      },
      {
        "option_number": 4,
        "option_text": "$\psi_S = -q$",
        "option_image": "[]",
        "is_correct": false
      },
      {
        "option_number": 5,
        "option_text": "$\psi_S = -q$",
        "option_image": "[]",
        "is_correct": false
      }
    ],
    "answer": null,
    "question_images": [
      "page_4_crop6_class0.jpg"
    ],
    "marks": null,
    "difficulty": "normal"
  }
]
```
2025-06-17 13:59:45 - INFO - Parsing JSON content from Gemini response
2025-06-17 13:59:45 - INFO - Saved question 18 to q18.json
2025-06-17 13:59:45 - INFO - Saved question 19 to q19.json
2025-06-17 13:59:45 - INFO - Saved question 20 to q20.json
2025-06-17 13:59:45 - INFO - Saved question 21 to q21.json
2025-06-17 13:59:45 - INFO - Saved question 22 to q22.json
2025-06-17 13:59:45 - INFO - Saved question 23 to q23.json
2025-06-17 13:59:45 - INFO - Calling Gemini to convert pdf to json
2025-06-17 14:00:06 - DEBUG - Response from Gemini: ```json
[
  {
    "question_number": 24,
    "question_text": "The three identical voltage sources in the circuits (A), (B) and (C) have a negligible internal resistance. In circuit (B) represents a voltmeter having internal resistance $R_r$. If $R_1 = R_2 = R_r$, which of the following is true regarding $I_1$, $I_2$, and $I_3$ shown in the circuits?",
    "subject_unit": null,
    "options": [
      {
        "option_number": 1,
        "option_text": "$I_1 = I_2 = I_3$",
        "option_image": "[]",
        "is_correct": false
      },
      {
        "option_number": 2,
        "option_text": "$I_1 > I_2 > I_3$",
        "option_image": "[]",
        "is_correct": false
      },
      {
        "option_number": 3,
        "option_text": "$I_3 > I_2 > I_1$",
        "option_image": "[]",
        "is_correct": false
      },
      {
        "option_number": 4,
        "option_text": "$I_2 > I_1 = I_3$",
        "option_image": "[]",
        "is_correct": false
      },
      {
        "option_number": 5,
        "option_text": "$I_1 = I_2 < I_3$",
        "option_image": "[]",
        "is_correct": false
      }
    ],
    "answer": null,
    "question_images": [
      "page_5_crop3_class0.jpg"
    ],
    "marks": null,
    "difficulty": "normal"
  },
  {
    "question_number": 25,
    "question_text": "In the figure shown, if the internal resistance of the voltage source is negligible, the power dissipated by the network is",
    "subject_unit": null,
    "options": [
      {
        "option_number": 1,
        "option_text": "60mW",
        "option_image": "[]",
        "is_correct": false
      },
      {
        "option_number": 2,
        "option_text": "90mW",
        "option_image": "[]",
        "is_correct": false
      },
      {
        "option_number": 3,
        "option_text": "120mW",
        "option_image": "[]",
        "is_correct": false
      },
      {
        "option_number": 4,
        "option_text": "150mW",
        "option_image": "[]",
        "is_correct": false
      },
      {
        "option_number": 5,
        "option_text": "180mW",
        "option_image": "[]",
        "is_correct": false
      }
    ],
    "answer": null,
    "question_images": [
      "page_5_crop2_class0.jpg"
    ],
    "marks": null,
    "difficulty": "normal"
  },
  {
    "question_number": 26,
    "question_text": "In the figure shown, 1, 2, 3, 4, 5 and 6 represent six identical electric bulbs. Consider the operation of the circuit under conditions (A), (B) and (C) given below.\n(A) When bulbs 2 and 5 are burnt.\n(B) When none of the bulbs are burnt.\n(C) When bulbs 2 and 5 are burnt, glowing at the same brightnes in the circuit can be seen.",
    "subject_unit": null,
    "options": [
      {
        "option_number": 1,
        "option_text": "A and B only.",
        "option_image": "[]",
        "is_correct": false
      },
      {
        "option_number": 2,
        "option_text": "B and C only.",
        "option_image": "[]",
        "is_correct": false
      },
      {
        "option_number": 3,
        "option_text": "A, B and C.",
        "option_image": "[]",
        "is_correct": false
      },
      {
        "option_number": 4,
        "option_text": "C only.",
        "option_image": "[]",
        "is_correct": false
      },
      {
        "option_number": 5,
        "option_text": "Only A.",
        "option_image": "[]",
        "is_correct": false
      }
    ],
    "answer": null,
    "question_images": [
      "page_5_crop0_class0.jpg"
    ],
    "marks": null,
    "difficulty": "normal"
  },
  {
    "question_number": 27,
    "question_text": "In the given circuit, the three 741 operational amplifiers of the output voltages $V_1$, $V_2$ and $V_3$ are given by $V_1$, $V_2$ and $V_3$ are respectively given by:",
    "subject_unit": null,
    "options": [
      {
        "option_number": 1,
        "option_text": "+15V, -4V, -8V",
        "option_image": "[]",
        "is_correct": false
      },
      {
        "option_number": 2,
        "option_text": "+2V, +10V, -4V",
        "option_image": "[]",
        "is_correct": false
      },
      {
        "option_number": 3,
        "option_text": "+15V, +4V, +8V",
        "option_image": "[]",
        "is_correct": false
      },
      {
        "option_number": 4,
        "option_text": "+2V, +4V, +8V",
        "option_image": "[]",
        "is_correct": false
      },
      {
        "option_number": 5,
        "option_text": "+15V, +10V, +8V",
        "option_image": "[]",
        "is_correct": false
      }
    ],
    "answer": null,
    "question_images": [
      "page_5_crop1_class0.jpg"
    ],
    "marks": null,
    "difficulty": "normal"
  },
  {
    "question_number": 28,
    "question_text": "A uniform straight horizontal plank of length $5l$ and mass $5m$ is kept heavy on two supports separated by a distance $2l$ shown in the figure. A painter of mass $m$ is carrying a bucket of paint. What is the maximum mass of the bucket of paint that can be carried by the painter without toppling the plank?",
    "subject_unit": null,
    "options": [
      {
        "option_number": 1,
        "option_text": $\frac{2}{3}m$,
        "option_image": "[]",
        "is_correct": false
      },
      {
        "option_number": 2,
        "option_text": "$2m$",
        "option_image": "[]",
        "is_correct": false
      },
      {
        "option_number": 3,
        "option_text": $\frac{5m}{4}$,
        "option_image": "[]",
        "is_correct": false
      },
      {
        "option_number": 4,
        "option_text": "$m$",
        "option_image": "[]",
        "is_correct": false
      },
      {
        "option_number": 5,
        "option_text": $\frac{m}{4}$,
        "option_image": "[]",
        "is_correct": false
      }
    ],
    "answer": null,
    "question_images": [
      "page_5_crop4_class0.jpg"
    ],
    "marks": null,
    "difficulty": "normal"
  }
]
```
2025-06-17 14:00:06 - INFO - Parsing JSON content from Gemini response
2025-06-17 14:00:06 - ERROR - Unhandled exception in 'convert_to_json': Expecting value: line 181 column 24 (char 5168)
Traceback (most recent call last):
  File "E:\CSE\Semester 6\CS3940 - Professional Portfolio\Lab\openpapers-data-collecting\src\utils\decorators.py", line 28, in wrapper
    return func(*args, **kwargs)
  File "E:\CSE\Semester 6\CS3940 - Professional Portfolio\Lab\openpapers-data-collecting\src\gemini\convert_to_json.py", line 177, in convert_to_json
    parsed = json.loads(json_data)
  File "C:\Program Files\Python313\Lib\json\__init__.py", line 346, in loads
    return _default_decoder.decode(s)
           ~~~~~~~~~~~~~~~~~~~~~~~^^^
  File "C:\Program Files\Python313\Lib\json\decoder.py", line 345, in decode
    obj, end = self.raw_decode(s, idx=_w(s, 0).end())
               ~~~~~~~~~~~~~~~^^^^^^^^^^^^^^^^^^^^^^^
  File "C:\Program Files\Python313\Lib\json\decoder.py", line 363, in raw_decode
    raise JSONDecodeError("Expecting value", s, err.value) from None
json.decoder.JSONDecodeError: Expecting value: line 181 column 24 (char 5168)
